Name," Platform",Author,Category,Created,ISBN,Importance,Last,Price,Progress,Rating,🏢 Publisher
陶庵梦忆,京东 (Reading/Platform/%E4%BA%AC%E4%B8%9C%20991081d220754871a65ea5285ec56e3b.md),张岱 (Reading/Author/%E5%BC%A0%E5%B2%B1%202ded3d2cc63a4bbe801323dfcd7cc7ba.md),"小品 (Reading/Category/%E5%B0%8F%E5%93%81%2037e0b2be8e6a4a0b89b27c594bf9cff6.md), 经典 (Reading/Category/%E7%BB%8F%E5%85%B8%20e210ce3838764a44bf39c141b13e0070.md)","September 22, 2023 10:27 AM",9787532528684,1,"July 27, 2024 11:33 AM",25.9,2,10,上海古籍出版社 (Reading/Publisher/%E4%B8%8A%E6%B5%B7%E5%8F%A4%E7%B1%8D%E5%87%BA%E7%89%88%E7%A4%BE%20ddddd076ca3e4a528d9eafdb6c7815f6.md)
经典常谈,拼多多 (Reading/Platform/%E6%8B%BC%E5%A4%9A%E5%A4%9A%20db19793d87f549c3ba08ccdb17b42c9e.md),朱自清 (Reading/Author/%E6%9C%B1%E8%87%AA%E6%B8%85%20446209aad14f48e4af96ba9bf9bd295d.md),国学 (Reading/Category/%E5%9B%BD%E5%AD%A6%201a4e5ee48605434199b479f4204a0599.md),"September 22, 2023 10:27 AM",9787555410249,1,"July 27, 2024 11:29 AM",7.21,100,10,广陵书社 (Reading/Publisher/%E5%B9%BF%E9%99%B5%E4%B9%A6%E7%A4%BE%208678b8a331334157b8f75d1806474c02.md)
朱自清散文精选,京东 (Reading/Platform/%E4%BA%AC%E4%B8%9C%20991081d220754871a65ea5285ec56e3b.md),朱自清 (Reading/Author/%E6%9C%B1%E8%87%AA%E6%B8%85%20446209aad14f48e4af96ba9bf9bd295d.md),散文 (Reading/Category/%E6%95%A3%E6%96%87%20d94c81dc272b4510b64387a9402d125c.md),"September 22, 2023 10:27 AM",9787519009779,1,"July 27, 2024 11:31 AM",9.1,100,7,中国文联出版社 (Reading/Publisher/%E4%B8%AD%E5%9B%BD%E6%96%87%E8%81%94%E5%87%BA%E7%89%88%E7%A4%BE%20733311d93c8a47daa5115bac2c978824.md)
猎人笔记（售出）,实体店 (Reading/Platform/%E5%AE%9E%E4%BD%93%E5%BA%97%205868c9fad9164dabbe7be33e9dce6f0f.md),屠格涅夫 (Reading/Author/%E5%B1%A0%E6%A0%BC%E6%B6%85%E5%A4%AB%20d55de7c9158f4d8283bd17fc1fed0c6e.md),短篇 (Reading/Category/%E7%9F%AD%E7%AF%87%207cecd2c07ba6415e84f853878c8539bf.md),"September 22, 2023 11:20 AM",9787540210809,0.5,"August 5, 2024 11:16 AM",0,-1,8,北京燕山出版社 (Reading/Publisher/%E5%8C%97%E4%BA%AC%E7%87%95%E5%B1%B1%E5%87%BA%E7%89%88%E7%A4%BE%20c4af9675fc2740d6a4e5f62e410e95a0.md)
围城（售出）,淘宝 (Reading/Platform/%E6%B7%98%E5%AE%9D%20c7f52ce2740b41f98aef55e4ce0688de.md),钱钟书 (Reading/Author/%E9%92%B1%E9%92%9F%E4%B9%A6%20c944b0b06de54a66ae2b69dc35134407.md),长篇 (Reading/Category/%E9%95%BF%E7%AF%87%206b4e322679ec4c5e98aaa5526375f168.md),"September 22, 2023 11:43 AM",9787020098095,0.2,"August 5, 2024 11:19 AM",7,-1,10,人民文学出版社 (Reading/Publisher/%E4%BA%BA%E6%B0%91%E6%96%87%E5%AD%A6%E5%87%BA%E7%89%88%E7%A4%BE%208f33d507688c4765a90194e25a9bf0b7.md)
我与地坛,拼多多 (Reading/Platform/%E6%8B%BC%E5%A4%9A%E5%A4%9A%20db19793d87f549c3ba08ccdb17b42c9e.md),史铁生 (Reading/Author/%E5%8F%B2%E9%93%81%E7%94%9F%200af92875f75441de86a09c0c166c678d.md),散文 (Reading/Category/%E6%95%A3%E6%96%87%20d94c81dc272b4510b64387a9402d125c.md),"September 22, 2023 11:48 AM",9787020135639,1,"July 27, 2024 11:33 AM",10,30,7,人民文学出版社 (Reading/Publisher/%E4%BA%BA%E6%B0%91%E6%96%87%E5%AD%A6%E5%87%BA%E7%89%88%E7%A4%BE%208f33d507688c4765a90194e25a9bf0b7.md)
文化苦旅,淘宝 (Reading/Platform/%E6%B7%98%E5%AE%9D%20c7f52ce2740b41f98aef55e4ce0688de.md),余秋雨 (Reading/Author/%E4%BD%99%E7%A7%8B%E9%9B%A8%20bcbafbcee9ea4997bc19702705cb9da4.md),散文 (Reading/Category/%E6%95%A3%E6%96%87%20d94c81dc272b4510b64387a9402d125c.md),"September 22, 2023 11:50 AM",9787806276983,1,"July 27, 2024 11:33 AM",9,30,6,东方出版中心 (Reading/Publisher/%E4%B8%9C%E6%96%B9%E5%87%BA%E7%89%88%E4%B8%AD%E5%BF%83%20b6c1598ca57f45debf06f953e448c5b1.md)
三体1地球往事,赠送 (Reading/Platform/%E8%B5%A0%E9%80%81%20455e7d509df3444ebf2c9c50269c654b.md),刘慈欣 (Reading/Author/%E5%88%98%E6%85%88%E6%AC%A3%20b3d5c304005c4e81acc9d950911338b2.md),长篇 (Reading/Category/%E9%95%BF%E7%AF%87%206b4e322679ec4c5e98aaa5526375f168.md),"September 22, 2023 11:51 AM",9787536692930,1,"July 27, 2024 11:31 AM",,100,7,重庆出版社 (Reading/Publisher/%E9%87%8D%E5%BA%86%E5%87%BA%E7%89%88%E7%A4%BE%207c1434d0d4a64b189b6d25bb6a8682f9.md)
三体2黑暗森林,赠送 (Reading/Platform/%E8%B5%A0%E9%80%81%20455e7d509df3444ebf2c9c50269c654b.md),刘慈欣 (Reading/Author/%E5%88%98%E6%85%88%E6%AC%A3%20b3d5c304005c4e81acc9d950911338b2.md),长篇 (Reading/Category/%E9%95%BF%E7%AF%87%206b4e322679ec4c5e98aaa5526375f168.md),"September 22, 2023 11:51 AM",9787536693968,1,"July 27, 2024 11:28 AM",,100,10,重庆出版社 (Reading/Publisher/%E9%87%8D%E5%BA%86%E5%87%BA%E7%89%88%E7%A4%BE%207c1434d0d4a64b189b6d25bb6a8682f9.md)
三体3死神永生,赠送 (Reading/Platform/%E8%B5%A0%E9%80%81%20455e7d509df3444ebf2c9c50269c654b.md),刘慈欣 (Reading/Author/%E5%88%98%E6%85%88%E6%AC%A3%20b3d5c304005c4e81acc9d950911338b2.md),长篇 (Reading/Category/%E9%95%BF%E7%AF%87%206b4e322679ec4c5e98aaa5526375f168.md),"September 22, 2023 11:51 AM",9787229030933,1,"July 27, 2024 11:31 AM",,100,7,重庆出版社 (Reading/Publisher/%E9%87%8D%E5%BA%86%E5%87%BA%E7%89%88%E7%A4%BE%207c1434d0d4a64b189b6d25bb6a8682f9.md)
活着,淘宝 (Reading/Platform/%E6%B7%98%E5%AE%9D%20c7f52ce2740b41f98aef55e4ce0688de.md),余华 (Reading/Author/%E4%BD%99%E5%8D%8E%2031c05677db40428c8f913b514f623116.md),长篇 (Reading/Category/%E9%95%BF%E7%AF%87%206b4e322679ec4c5e98aaa5526375f168.md),"September 22, 2023 11:53 AM",9787506365437,1,"July 27, 2024 11:30 AM",7,100,8,作家出版社 (Reading/Publisher/%E4%BD%9C%E5%AE%B6%E5%87%BA%E7%89%88%E7%A4%BE%20f7a0e637f1214e3f924512bbe55247b8.md)
人生（售出）,淘宝 (Reading/Platform/%E6%B7%98%E5%AE%9D%20c7f52ce2740b41f98aef55e4ce0688de.md),路遥 (Reading/Author/%E8%B7%AF%E9%81%A5%2057f5435bcea8473a9b9baeab259f7f0b.md),长篇 (Reading/Category/%E9%95%BF%E7%AF%87%206b4e322679ec4c5e98aaa5526375f168.md),"September 22, 2023 11:53 AM",9787530211564,0,"December 29, 2024 6:23 PM",-2.65,-1,6,北京十月文艺出版社 (Reading/Publisher/%E5%8C%97%E4%BA%AC%E5%8D%81%E6%9C%88%E6%96%87%E8%89%BA%E5%87%BA%E7%89%88%E7%A4%BE%203a0dcd86170d49d9ba43e6f8c991c984.md)
我们仨（售出）,赠送 (Reading/Platform/%E8%B5%A0%E9%80%81%20455e7d509df3444ebf2c9c50269c654b.md),杨绛 (Reading/Author/%E6%9D%A8%E7%BB%9B%20d41fd254273a4270ad84b236a3f2e64b.md),传记 (Reading/Category/%E4%BC%A0%E8%AE%B0%20d20abb37fd72446d93c2f8215c227319.md),"September 22, 2023 11:53 AM",9787108042453,0,"July 27, 2024 11:33 AM",-5.2,-1,7,生活·读书·新知三联书店 (Reading/Publisher/%E7%94%9F%E6%B4%BB%C2%B7%E8%AF%BB%E4%B9%A6%C2%B7%E6%96%B0%E7%9F%A5%E4%B8%89%E8%81%94%E4%B9%A6%E5%BA%97%20bff057dbdeb44d178d8b7071482927c2.md)
故事生灵,赠送 (Reading/Platform/%E8%B5%A0%E9%80%81%20455e7d509df3444ebf2c9c50269c654b.md),贾平凹 (Reading/Author/%E8%B4%BE%E5%B9%B3%E5%87%B9%201e5f54ef1fbb41bab92ecfec22c95545.md),短篇 (Reading/Category/%E7%9F%AD%E7%AF%87%207cecd2c07ba6415e84f853878c8539bf.md),"September 22, 2023 11:53 AM",9787535497994,1,"July 27, 2024 11:31 AM",0,100,6,长江文艺出版社 (Reading/Publisher/%E9%95%BF%E6%B1%9F%E6%96%87%E8%89%BA%E5%87%BA%E7%89%88%E7%A4%BE%20ca2ef9610a174457ba2236fed05e023a.md)
边城（售出）,京东 (Reading/Platform/%E4%BA%AC%E4%B8%9C%20991081d220754871a65ea5285ec56e3b.md),"沈从文 (Reading/Author/%E6%B2%88%E4%BB%8E%E6%96%87%20a9cde6afa8f2419bb0083fea9957b38a.md), 卓雅 (Reading/Author/%E5%8D%93%E9%9B%85%201b077dd3d783808fb371c9bbbab3c883.md)",长篇 (Reading/Category/%E9%95%BF%E7%AF%87%206b4e322679ec4c5e98aaa5526375f168.md),"September 22, 2023 11:53 AM",9787807615279,0.3,"March 8, 2025 6:06 PM",1.2,-1,10,岳麓书社 (Reading/Publisher/%E5%B2%B3%E9%BA%93%E4%B9%A6%E7%A4%BE%200a195e97f55340e9b8b899a1618886ac.md)
湘行散记（售出）,京东 (Reading/Platform/%E4%BA%AC%E4%B8%9C%20991081d220754871a65ea5285ec56e3b.md),"沈从文 (Reading/Author/%E6%B2%88%E4%BB%8E%E6%96%87%20a9cde6afa8f2419bb0083fea9957b38a.md), 卓雅 (Reading/Author/%E5%8D%93%E9%9B%85%201b077dd3d783808fb371c9bbbab3c883.md)",散文 (Reading/Category/%E6%95%A3%E6%96%87%20d94c81dc272b4510b64387a9402d125c.md),"September 22, 2023 11:54 AM",9787553801551,0.1,"March 8, 2025 6:07 PM",3.4,-1,8,岳麓书社 (Reading/Publisher/%E5%B2%B3%E9%BA%93%E4%B9%A6%E7%A4%BE%200a195e97f55340e9b8b899a1618886ac.md)
罗亭（售出）,实体店 (Reading/Platform/%E5%AE%9E%E4%BD%93%E5%BA%97%205868c9fad9164dabbe7be33e9dce6f0f.md),屠格涅夫 (Reading/Author/%E5%B1%A0%E6%A0%BC%E6%B6%85%E5%A4%AB%20d55de7c9158f4d8283bd17fc1fed0c6e.md),长篇 (Reading/Category/%E9%95%BF%E7%AF%87%206b4e322679ec4c5e98aaa5526375f168.md),"September 24, 2023 8:27 PM",9787540213251,0.5,"August 5, 2024 11:17 AM",0,-1,9,北京燕山出版社 (Reading/Publisher/%E5%8C%97%E4%BA%AC%E7%87%95%E5%B1%B1%E5%87%BA%E7%89%88%E7%A4%BE%20c4af9675fc2740d6a4e5f62e410e95a0.md)
湘行书简（售出）,京东 (Reading/Platform/%E4%BA%AC%E4%B8%9C%20991081d220754871a65ea5285ec56e3b.md),"沈从文 (Reading/Author/%E6%B2%88%E4%BB%8E%E6%96%87%20a9cde6afa8f2419bb0083fea9957b38a.md), 卓雅 (Reading/Author/%E5%8D%93%E9%9B%85%201b077dd3d783808fb371c9bbbab3c883.md)",散文 (Reading/Category/%E6%95%A3%E6%96%87%20d94c81dc272b4510b64387a9402d125c.md),"September 25, 2023 2:54 PM",9787553801568,0,"March 8, 2025 6:07 PM",3.4,-1,,岳麓书社 (Reading/Publisher/%E5%B2%B3%E9%BA%93%E4%B9%A6%E7%A4%BE%200a195e97f55340e9b8b899a1618886ac.md)
诗经译注,京东 (Reading/Platform/%E4%BA%AC%E4%B8%9C%20991081d220754871a65ea5285ec56e3b.md),孔子 (Reading/Author/%E5%AD%94%E5%AD%90%2027d9bedf4e24428bb236344ca265513b.md),"诗歌 (Reading/Category/%E8%AF%97%E6%AD%8C%206d14d7489136407a8593422aa182b379.md), 经典 (Reading/Category/%E7%BB%8F%E5%85%B8%20e210ce3838764a44bf39c141b13e0070.md)","September 25, 2023 3:06 PM",9787532564002,1,"August 28, 2024 2:33 PM",24.6,,,上海古籍出版社 (Reading/Publisher/%E4%B8%8A%E6%B5%B7%E5%8F%A4%E7%B1%8D%E5%87%BA%E7%89%88%E7%A4%BE%20ddddd076ca3e4a528d9eafdb6c7815f6.md)
楚辞译注,京东 (Reading/Platform/%E4%BA%AC%E4%B8%9C%20991081d220754871a65ea5285ec56e3b.md),屈原 (Reading/Author/%E5%B1%88%E5%8E%9F%20e0261ebbaccd4b21b89b3ab7dfb1eb00.md),"诗歌 (Reading/Category/%E8%AF%97%E6%AD%8C%206d14d7489136407a8593422aa182b379.md), 经典 (Reading/Category/%E7%BB%8F%E5%85%B8%20e210ce3838764a44bf39c141b13e0070.md)","September 25, 2023 3:07 PM",9787532563951,1,"August 28, 2024 2:40 PM",22.3,,,上海古籍出版社 (Reading/Publisher/%E4%B8%8A%E6%B5%B7%E5%8F%A4%E7%B1%8D%E5%87%BA%E7%89%88%E7%A4%BE%20ddddd076ca3e4a528d9eafdb6c7815f6.md)
长河（售出）,京东 (Reading/Platform/%E4%BA%AC%E4%B8%9C%20991081d220754871a65ea5285ec56e3b.md),"沈从文 (Reading/Author/%E6%B2%88%E4%BB%8E%E6%96%87%20a9cde6afa8f2419bb0083fea9957b38a.md), 卓雅 (Reading/Author/%E5%8D%93%E9%9B%85%201b077dd3d783808fb371c9bbbab3c883.md)",长篇 (Reading/Category/%E9%95%BF%E7%AF%87%206b4e322679ec4c5e98aaa5526375f168.md),"September 25, 2023 3:07 PM",9787553801575,0,"March 8, 2025 6:07 PM",4.4,-1,,岳麓书社 (Reading/Publisher/%E5%B2%B3%E9%BA%93%E4%B9%A6%E7%A4%BE%200a195e97f55340e9b8b899a1618886ac.md)
从文自传（售出）,京东 (Reading/Platform/%E4%BA%AC%E4%B8%9C%20991081d220754871a65ea5285ec56e3b.md),"沈从文 (Reading/Author/%E6%B2%88%E4%BB%8E%E6%96%87%20a9cde6afa8f2419bb0083fea9957b38a.md), 卓雅 (Reading/Author/%E5%8D%93%E9%9B%85%201b077dd3d783808fb371c9bbbab3c883.md)",传记 (Reading/Category/%E4%BC%A0%E8%AE%B0%20d20abb37fd72446d93c2f8215c227319.md),"September 25, 2023 3:08 PM",9787807615286,0,"March 8, 2025 6:06 PM",-1.9,-1,,岳麓书社 (Reading/Publisher/%E5%B2%B3%E9%BA%93%E4%B9%A6%E7%A4%BE%200a195e97f55340e9b8b899a1618886ac.md)
人间有味,淘宝 (Reading/Platform/%E6%B7%98%E5%AE%9D%20c7f52ce2740b41f98aef55e4ce0688de.md),汪曾祺 (Reading/Author/%E6%B1%AA%E6%9B%BE%E7%A5%BA%209a82d2f336c6445a806033a24612cceb.md),散文 (Reading/Category/%E6%95%A3%E6%96%87%20d94c81dc272b4510b64387a9402d125c.md),"September 25, 2023 3:17 PM",9787569913538,1,"July 27, 2024 9:56 PM",8.74,,,北京时代华文书局 (Reading/Publisher/%E5%8C%97%E4%BA%AC%E6%97%B6%E4%BB%A3%E5%8D%8E%E6%96%87%E4%B9%A6%E5%B1%80%204a1265bc1ab24e2b8d9a8fba4bdb7145.md)
人生有趣,淘宝 (Reading/Platform/%E6%B7%98%E5%AE%9D%20c7f52ce2740b41f98aef55e4ce0688de.md),汪曾祺 (Reading/Author/%E6%B1%AA%E6%9B%BE%E7%A5%BA%209a82d2f336c6445a806033a24612cceb.md),散文 (Reading/Category/%E6%95%A3%E6%96%87%20d94c81dc272b4510b64387a9402d125c.md),"September 25, 2023 3:17 PM",9787201125220,1,"July 27, 2024 9:53 PM",9.87,,,天津人民出版社 (Reading/Publisher/%E5%A4%A9%E6%B4%A5%E4%BA%BA%E6%B0%91%E5%87%BA%E7%89%88%E7%A4%BE%2043eaef3726f04adeaecbdeaad42fe66b.md)
人间小暖,淘宝 (Reading/Platform/%E6%B7%98%E5%AE%9D%20c7f52ce2740b41f98aef55e4ce0688de.md),汪曾祺 (Reading/Author/%E6%B1%AA%E6%9B%BE%E7%A5%BA%209a82d2f336c6445a806033a24612cceb.md),散文 (Reading/Category/%E6%95%A3%E6%96%87%20d94c81dc272b4510b64387a9402d125c.md),"September 25, 2023 3:17 PM",9787201125237,1,"July 27, 2024 9:53 PM",9.87,,,天津人民出版社 (Reading/Publisher/%E5%A4%A9%E6%B4%A5%E4%BA%BA%E6%B0%91%E5%87%BA%E7%89%88%E7%A4%BE%2043eaef3726f04adeaecbdeaad42fe66b.md)
人间草木,淘宝 (Reading/Platform/%E6%B7%98%E5%AE%9D%20c7f52ce2740b41f98aef55e4ce0688de.md),汪曾祺 (Reading/Author/%E6%B1%AA%E6%9B%BE%E7%A5%BA%209a82d2f336c6445a806033a24612cceb.md),散文 (Reading/Category/%E6%95%A3%E6%96%87%20d94c81dc272b4510b64387a9402d125c.md),"September 25, 2023 3:18 PM",9787569913545,1,"July 27, 2024 11:30 AM",,100,8,北京时代华文书局 (Reading/Publisher/%E5%8C%97%E4%BA%AC%E6%97%B6%E4%BB%A3%E5%8D%8E%E6%96%87%E4%B9%A6%E5%B1%80%204a1265bc1ab24e2b8d9a8fba4bdb7145.md)
百年孤独（售出）,淘宝 (Reading/Platform/%E6%B7%98%E5%AE%9D%20c7f52ce2740b41f98aef55e4ce0688de.md),马尔克斯 (Reading/Author/%E9%A9%AC%E5%B0%94%E5%85%8B%E6%96%AF%201a9f5070c5ad4997b2ecdf8e38c59ba6.md),长篇 (Reading/Category/%E9%95%BF%E7%AF%87%206b4e322679ec4c5e98aaa5526375f168.md),"September 25, 2023 3:20 PM",9787544291170,0.5,"August 5, 2024 11:17 AM",-1.1,-1,10,"南海出版公司 (Reading/Publisher/%E5%8D%97%E6%B5%B7%E5%87%BA%E7%89%88%E5%85%AC%E5%8F%B8%204fe082fe5df3417b86f2e33661900dde.md), 新经典 (Reading/Publisher/%E6%96%B0%E7%BB%8F%E5%85%B8%20248fc2414a2b41a8bc70dd326b9ca023.md)"
霍乱时代的爱情（售出）,淘宝 (Reading/Platform/%E6%B7%98%E5%AE%9D%20c7f52ce2740b41f98aef55e4ce0688de.md),马尔克斯 (Reading/Author/%E9%A9%AC%E5%B0%94%E5%85%8B%E6%96%AF%201a9f5070c5ad4997b2ecdf8e38c59ba6.md),长篇 (Reading/Category/%E9%95%BF%E7%AF%87%206b4e322679ec4c5e98aaa5526375f168.md),"September 25, 2023 3:20 PM",9787544277617,0,"March 2, 2025 1:21 PM",-3.1,-1,,"南海出版公司 (Reading/Publisher/%E5%8D%97%E6%B5%B7%E5%87%BA%E7%89%88%E5%85%AC%E5%8F%B8%204fe082fe5df3417b86f2e33661900dde.md), 新经典 (Reading/Publisher/%E6%96%B0%E7%BB%8F%E5%85%B8%20248fc2414a2b41a8bc70dd326b9ca023.md)"
边城（售出）,淘宝 (Reading/Platform/%E6%B7%98%E5%AE%9D%20c7f52ce2740b41f98aef55e4ce0688de.md),沈从文 (Reading/Author/%E6%B2%88%E4%BB%8E%E6%96%87%20a9cde6afa8f2419bb0083fea9957b38a.md),长篇 (Reading/Category/%E9%95%BF%E7%AF%87%206b4e322679ec4c5e98aaa5526375f168.md),"September 25, 2023 3:28 PM",9787543067028,0,"July 27, 2024 11:33 AM",7,-1,10,武汉出版社 (Reading/Publisher/%E6%AD%A6%E6%B1%89%E5%87%BA%E7%89%88%E7%A4%BE%205f0ff0ffe0404f1bad391e0e86152000.md)
挪威的森林,淘宝 (Reading/Platform/%E6%B7%98%E5%AE%9D%20c7f52ce2740b41f98aef55e4ce0688de.md),村上春树 (Reading/Author/%E6%9D%91%E4%B8%8A%E6%98%A5%E6%A0%91%2035640d4238b7469fab5944044b1d92af.md),长篇 (Reading/Category/%E9%95%BF%E7%AF%87%206b4e322679ec4c5e98aaa5526375f168.md),"September 25, 2023 3:28 PM",9787532742929,1,"July 27, 2024 11:30 AM",6,100,9,上海译文出版社 (Reading/Publisher/%E4%B8%8A%E6%B5%B7%E8%AF%91%E6%96%87%E5%87%BA%E7%89%88%E7%A4%BE%202678101fd9c841e58f199d01b6c00513.md)
千秋一寸心,赠送 (Reading/Platform/%E8%B5%A0%E9%80%81%20455e7d509df3444ebf2c9c50269c654b.md),周汝昌 (Reading/Author/%E5%91%A8%E6%B1%9D%E6%98%8C%20cbe42a0e882042aa8b4a736f381307cc.md),国学 (Reading/Category/%E5%9B%BD%E5%AD%A6%201a4e5ee48605434199b479f4204a0599.md),"September 25, 2023 3:47 PM",9787101052473,1,"July 27, 2024 11:33 AM",0,10,7,中华书局 (Reading/Publisher/%E4%B8%AD%E5%8D%8E%E4%B9%A6%E5%B1%80%20bcb15c0dc1c74b3fb97715d80213363f.md)
高启诗选（售出）,赠送 (Reading/Platform/%E8%B5%A0%E9%80%81%20455e7d509df3444ebf2c9c50269c654b.md),高启 (Reading/Author/%E9%AB%98%E5%90%AF%2085518533c23f4b8192c4b69985227063.md),"诗歌 (Reading/Category/%E8%AF%97%E6%AD%8C%206d14d7489136407a8593422aa182b379.md), 经典 (Reading/Category/%E7%BB%8F%E5%85%B8%20e210ce3838764a44bf39c141b13e0070.md)","September 25, 2023 3:47 PM",9787101043556,0,"December 1, 2024 10:40 PM",-12.1,-1,,中华书局 (Reading/Publisher/%E4%B8%AD%E5%8D%8E%E4%B9%A6%E5%B1%80%20bcb15c0dc1c74b3fb97715d80213363f.md)
庄子全书,抖音 (Reading/Platform/%E6%8A%96%E9%9F%B3%20bda2aad8d7a64269931fcf174a026721.md),庄子 (Reading/Author/%E5%BA%84%E5%AD%90%20be23a0d45a484a51bb53e96d7e675fb9.md),"诸子 (Reading/Category/%E8%AF%B8%E5%AD%90%200dbc3ee6387344f2a2323a45695160df.md), 经典 (Reading/Category/%E7%BB%8F%E5%85%B8%20e210ce3838764a44bf39c141b13e0070.md)","September 25, 2023 3:47 PM",9787511340122,1,"July 27, 2024 11:38 AM",4.57,,,中国华侨出版社 (Reading/Publisher/%E4%B8%AD%E5%9B%BD%E5%8D%8E%E4%BE%A8%E5%87%BA%E7%89%88%E7%A4%BE%202fe0dbdda44f43f78910cc6ad3efdc38.md)
无用的美好（售出）,赠送 (Reading/Platform/%E8%B5%A0%E9%80%81%20455e7d509df3444ebf2c9c50269c654b.md),叶兆言 (Reading/Author/%E5%8F%B6%E5%85%86%E8%A8%80%202f510cd4751a402fbc2e5f7e8c6d58f8.md),"散文 (Reading/Category/%E6%95%A3%E6%96%87%20d94c81dc272b4510b64387a9402d125c.md), 流行 (Reading/Category/%E6%B5%81%E8%A1%8C%2006e2b73e68014533ace3c0eac10aeec7.md)","September 25, 2023 4:13 PM",9787559410696,0.2,"August 5, 2024 11:18 AM",-3.3,-1,4,江苏凤凰文艺出版社 (Reading/Publisher/%E6%B1%9F%E8%8B%8F%E5%87%A4%E5%87%B0%E6%96%87%E8%89%BA%E5%87%BA%E7%89%88%E7%A4%BE%20c8d25beea53f4e9cb4dedb1c88e052bb.md)
新与旧,淘宝 (Reading/Platform/%E6%B7%98%E5%AE%9D%20c7f52ce2740b41f98aef55e4ce0688de.md),"沈从文 (Reading/Author/%E6%B2%88%E4%BB%8E%E6%96%87%20a9cde6afa8f2419bb0083fea9957b38a.md), 卓雅 (Reading/Author/%E5%8D%93%E9%9B%85%201b077dd3d783808fb371c9bbbab3c883.md)",散文 (Reading/Category/%E6%95%A3%E6%96%87%20d94c81dc272b4510b64387a9402d125c.md),"September 25, 2023 4:18 PM",9787807613923,1,"March 8, 2025 6:07 PM",6.5,,,岳麓书社 (Reading/Publisher/%E5%B2%B3%E9%BA%93%E4%B9%A6%E7%A4%BE%200a195e97f55340e9b8b899a1618886ac.md)
世界文学名著选读·古典部分,孔夫子 (Reading/Platform/%E5%AD%94%E5%A4%AB%E5%AD%90%20e9c2ade3c3594415ab366417a820055f.md),其它 (Reading/Author/%E5%85%B6%E5%AE%83%20562b510967874f97ae9a82328b0fd99a.md),科普 (Reading/Category/%E7%A7%91%E6%99%AE%20c42a647995c647ed8fce5f609d0f7d3e.md),"September 27, 2023 8:07 PM",9787806570647,1,"July 27, 2024 11:31 AM",10,100,6,译林出版社 (Reading/Publisher/%E8%AF%91%E6%9E%97%E5%87%BA%E7%89%88%E7%A4%BE%209928c83dbb0947949034efce236fe3b8.md)
世界文学名著选读·现当代部分,孔夫子 (Reading/Platform/%E5%AD%94%E5%A4%AB%E5%AD%90%20e9c2ade3c3594415ab366417a820055f.md),其它 (Reading/Author/%E5%85%B6%E5%AE%83%20562b510967874f97ae9a82328b0fd99a.md),科普 (Reading/Category/%E7%A7%91%E6%99%AE%20c42a647995c647ed8fce5f609d0f7d3e.md),"September 27, 2023 8:07 PM",9787806570630,1,"July 27, 2024 11:31 AM",10,100,6,译林出版社 (Reading/Publisher/%E8%AF%91%E6%9E%97%E5%87%BA%E7%89%88%E7%A4%BE%209928c83dbb0947949034efce236fe3b8.md)
子恺漫画全集,实体店 (Reading/Platform/%E5%AE%9E%E4%BD%93%E5%BA%97%205868c9fad9164dabbe7be33e9dce6f0f.md),丰子恺 (Reading/Author/%E4%B8%B0%E5%AD%90%E6%81%BA%20ab347db71af14c8985f36b1c7b60d8b5.md),漫画 (Reading/Category/%E6%BC%AB%E7%94%BB%2001e06ea0b0a64b6db001964068722356.md),"September 27, 2023 8:25 PM",9787534043390,1,"July 27, 2024 11:28 AM",26,100,10,浙江人民美术出版社 (Reading/Publisher/%E6%B5%99%E6%B1%9F%E4%BA%BA%E6%B0%91%E7%BE%8E%E6%9C%AF%E5%87%BA%E7%89%88%E7%A4%BE%206625ac7aee66452fb7f13f541aa18106.md)
解忧杂货店（售出）,赠送 (Reading/Platform/%E8%B5%A0%E9%80%81%20455e7d509df3444ebf2c9c50269c654b.md),东野圭吾 (Reading/Author/%E4%B8%9C%E9%87%8E%E5%9C%AD%E5%90%BE%203ff62b4bc9b94dd7880aeaf331defb8e.md),"长篇 (Reading/Category/%E9%95%BF%E7%AF%87%206b4e322679ec4c5e98aaa5526375f168.md), 流行 (Reading/Category/%E6%B5%81%E8%A1%8C%2006e2b73e68014533ace3c0eac10aeec7.md)","September 27, 2023 8:38 PM",9787544270878,0,"January 23, 2025 10:21 PM",,-1,3,"南海出版公司 (Reading/Publisher/%E5%8D%97%E6%B5%B7%E5%87%BA%E7%89%88%E5%85%AC%E5%8F%B8%204fe082fe5df3417b86f2e33661900dde.md), 新经典 (Reading/Publisher/%E6%96%B0%E7%BB%8F%E5%85%B8%20248fc2414a2b41a8bc70dd326b9ca023.md)"
月亮与六便士（售出）,赠送 (Reading/Platform/%E8%B5%A0%E9%80%81%20455e7d509df3444ebf2c9c50269c654b.md),毛姆 (Reading/Author/%E6%AF%9B%E5%A7%86%20d23eff18683e4a048b17589cacd0c44f.md),长篇 (Reading/Category/%E9%95%BF%E7%AF%87%206b4e322679ec4c5e98aaa5526375f168.md),"September 27, 2023 8:41 PM",9787533936020,0,"August 27, 2024 9:47 AM",-6,-1,6,"浙江文艺出版社 (Reading/Publisher/%E6%B5%99%E6%B1%9F%E6%96%87%E8%89%BA%E5%87%BA%E7%89%88%E7%A4%BE%20a1a3ebbcdfff41aba54adb589a51adf2.md), 大星 (Reading/Publisher/%E5%A4%A7%E6%98%9F%209ad8c0d79a6c42c7a5106ea93fdd0edb.md)"
岛上书店,赠送 (Reading/Platform/%E8%B5%A0%E9%80%81%20455e7d509df3444ebf2c9c50269c654b.md),加布瑞埃拉·泽文 (Reading/Author/%E5%8A%A0%E5%B8%83%E7%91%9E%E5%9F%83%E6%8B%89%C2%B7%E6%B3%BD%E6%96%87%20a2e9646d28004bd08d5b9c433b05d1d2.md),"长篇 (Reading/Category/%E9%95%BF%E7%AF%87%206b4e322679ec4c5e98aaa5526375f168.md), 流行 (Reading/Category/%E6%B5%81%E8%A1%8C%2006e2b73e68014533ace3c0eac10aeec7.md)","September 27, 2023 8:49 PM",9787539971810,1,"July 27, 2024 11:32 AM",0,100,4,"江苏凤凰文艺出版社 (Reading/Publisher/%E6%B1%9F%E8%8B%8F%E5%87%A4%E5%87%B0%E6%96%87%E8%89%BA%E5%87%BA%E7%89%88%E7%A4%BE%20c8d25beea53f4e9cb4dedb1c88e052bb.md), 读客 (Reading/Publisher/%E8%AF%BB%E5%AE%A2%20ff692e2ae74b4235bd5e1f6a2739ead7.md)"
红楼别样红,实体店 (Reading/Platform/%E5%AE%9E%E4%BD%93%E5%BA%97%205868c9fad9164dabbe7be33e9dce6f0f.md),周汝昌 (Reading/Author/%E5%91%A8%E6%B1%9D%E6%98%8C%20cbe42a0e882042aa8b4a736f381307cc.md),国学 (Reading/Category/%E5%9B%BD%E5%AD%A6%201a4e5ee48605434199b479f4204a0599.md),"September 27, 2023 8:53 PM",9787506342599,1,"July 27, 2024 11:33 AM",20,10,6,作家出版社 (Reading/Publisher/%E4%BD%9C%E5%AE%B6%E5%87%BA%E7%89%88%E7%A4%BE%20f7a0e637f1214e3f924512bbe55247b8.md)
红楼梦·脂砚斋批评本,淘宝 (Reading/Platform/%E6%B7%98%E5%AE%9D%20c7f52ce2740b41f98aef55e4ce0688de.md),脂砚斋 (Reading/Author/%E8%84%82%E7%A0%9A%E6%96%8B%2022a77dd3d7838052bf90c10bdaca8b14.md),"长篇 (Reading/Category/%E9%95%BF%E7%AF%87%206b4e322679ec4c5e98aaa5526375f168.md), 经典 (Reading/Category/%E7%BB%8F%E5%85%B8%20e210ce3838764a44bf39c141b13e0070.md)","September 27, 2023 8:56 PM",9787553803647,1,"February 27, 2026 2:10 PM",32,10,10,岳麓书社 (Reading/Publisher/%E5%B2%B3%E9%BA%93%E4%B9%A6%E7%A4%BE%200a195e97f55340e9b8b899a1618886ac.md)
天一言,淘宝 (Reading/Platform/%E6%B7%98%E5%AE%9D%20c7f52ce2740b41f98aef55e4ce0688de.md),程抱一 (Reading/Author/%E7%A8%8B%E6%8A%B1%E4%B8%80%207a79ed8746ed4abea48c885a71a4c035.md),长篇 (Reading/Category/%E9%95%BF%E7%AF%87%206b4e322679ec4c5e98aaa5526375f168.md),"September 27, 2023 9:01 PM",9787020070015,1,"April 23, 2025 8:29 PM",20,100,10,人民文学出版社 (Reading/Publisher/%E4%BA%BA%E6%B0%91%E6%96%87%E5%AD%A6%E5%87%BA%E7%89%88%E7%A4%BE%208f33d507688c4765a90194e25a9bf0b7.md)
红与黑,赠送 (Reading/Platform/%E8%B5%A0%E9%80%81%20455e7d509df3444ebf2c9c50269c654b.md),司汤达 (Reading/Author/%E5%8F%B8%E6%B1%A4%E8%BE%BE%20491a654877534f55b39896d0f8f8f12e.md),长篇 (Reading/Category/%E9%95%BF%E7%AF%87%206b4e322679ec4c5e98aaa5526375f168.md),"September 27, 2023 9:38 PM",9787536024489,1,"July 27, 2024 11:29 AM",0,100,9,花城出版社 (Reading/Publisher/%E8%8A%B1%E5%9F%8E%E5%87%BA%E7%89%88%E7%A4%BE%20dbfca13dd57c4f7f9dd97b72eed6c8aa.md)
苔丝,赠送 (Reading/Platform/%E8%B5%A0%E9%80%81%20455e7d509df3444ebf2c9c50269c654b.md),托马斯·哈代 (Reading/Author/%E6%89%98%E9%A9%AC%E6%96%AF%C2%B7%E5%93%88%E4%BB%A3%20a518c895946c45f785eaa59e97bd617e.md),长篇 (Reading/Category/%E9%95%BF%E7%AF%87%206b4e322679ec4c5e98aaa5526375f168.md),"September 27, 2023 9:38 PM",9787540213305,1,"August 28, 2024 2:44 PM",0,,,北京燕山出版社 (Reading/Publisher/%E5%8C%97%E4%BA%AC%E7%87%95%E5%B1%B1%E5%87%BA%E7%89%88%E7%A4%BE%20c4af9675fc2740d6a4e5f62e410e95a0.md)
华罗庚,淘宝 (Reading/Platform/%E6%B7%98%E5%AE%9D%20c7f52ce2740b41f98aef55e4ce0688de.md),王元 (Reading/Author/%E7%8E%8B%E5%85%83%20958f1a819c6b4ba49f942de1fe401dd0.md),传记 (Reading/Category/%E4%BC%A0%E8%AE%B0%20d20abb37fd72446d93c2f8215c227319.md),"September 27, 2023 10:07 PM",9787539233321,1,"July 27, 2024 11:29 AM",20,100,10,江西教育出版社 (Reading/Publisher/%E6%B1%9F%E8%A5%BF%E6%95%99%E8%82%B2%E5%87%BA%E7%89%88%E7%A4%BE%2006443735f9df45ff901b6d841fff370c.md)
中学生规范钢笔字帖,孔夫子 (Reading/Platform/%E5%AD%94%E5%A4%AB%E5%AD%90%20e9c2ade3c3594415ab366417a820055f.md),马明 (Reading/Author/%E9%A9%AC%E6%98%8E%20bf0fc656079f4a9c881882ea9dd8cc7a.md),书帖 (Reading/Category/%E4%B9%A6%E5%B8%96%2034c3d5939f7a413aae1ef49a2c09d725.md),"September 28, 2023 10:11 PM",978780519470X,1,"July 27, 2024 11:29 AM",10.8,100,10,江苏古籍出版社 (Reading/Publisher/%E6%B1%9F%E8%8B%8F%E5%8F%A4%E7%B1%8D%E5%87%BA%E7%89%88%E7%A4%BE%20e655e70b067c48fb82d8ac031a508ccc.md)
唐灵飞经,淘宝 (Reading/Platform/%E6%B7%98%E5%AE%9D%20c7f52ce2740b41f98aef55e4ce0688de.md),其它 (Reading/Author/%E5%85%B6%E5%AE%83%20562b510967874f97ae9a82328b0fd99a.md),书帖 (Reading/Category/%E4%B9%A6%E5%B8%96%2034c3d5939f7a413aae1ef49a2c09d725.md),"September 28, 2023 10:14 PM",9787501045945,0,"July 27, 2024 11:33 AM",2,1,10,文物出版社 (Reading/Publisher/%E6%96%87%E7%89%A9%E5%87%BA%E7%89%88%E7%A4%BE%20ddeb9059b8dc4613bd0febc3c2e5a109.md)
曾国藩名言多体钢笔字帖,赠送 (Reading/Platform/%E8%B5%A0%E9%80%81%20455e7d509df3444ebf2c9c50269c654b.md),司马彦 (Reading/Author/%E5%8F%B8%E9%A9%AC%E5%BD%A6%201c8189905f9a47e6af8e8dbcd307821d.md),书帖 (Reading/Category/%E4%B9%A6%E5%B8%96%2034c3d5939f7a413aae1ef49a2c09d725.md),"September 28, 2023 10:24 PM",9787502920188,0,"July 27, 2024 11:31 AM",0,100,6,气象出版社 (Reading/Publisher/%E6%B0%94%E8%B1%A1%E5%87%BA%E7%89%88%E7%A4%BE%2020f5d156b75e4d83a3f996e0c5ca2213.md)
人间失格（售出）,赠送 (Reading/Platform/%E8%B5%A0%E9%80%81%20455e7d509df3444ebf2c9c50269c654b.md),太宰治 (Reading/Author/%E5%A4%AA%E5%AE%B0%E6%B2%BB%20e4c1eb4c140946d6b2e80400c29beca7.md),短篇 (Reading/Category/%E7%9F%AD%E7%AF%87%207cecd2c07ba6415e84f853878c8539bf.md),"October 2, 2023 6:07 PM",9787506380263,0,"July 27, 2024 11:33 AM",-1.8,-1,6,"作家出版社 (Reading/Publisher/%E4%BD%9C%E5%AE%B6%E5%87%BA%E7%89%88%E7%A4%BE%20f7a0e637f1214e3f924512bbe55247b8.md), 科文图书 (Reading/Publisher/%E7%A7%91%E6%96%87%E5%9B%BE%E4%B9%A6%205dde888283ee4526b64b4436fe289e2d.md)"
活山（送出）,淘宝 (Reading/Platform/%E6%B7%98%E5%AE%9D%20c7f52ce2740b41f98aef55e4ce0688de.md),娜恩·谢泼德 (Reading/Author/%E5%A8%9C%E6%81%A9%C2%B7%E8%B0%A2%E6%B3%BC%E5%BE%B7%209da5f5d400c842789e1b269e85b7becb.md),散文 (Reading/Category/%E6%95%A3%E6%96%87%20d94c81dc272b4510b64387a9402d125c.md),"October 4, 2023 10:18 PM",9787549625635,0.5,"October 12, 2024 10:21 AM",16.67,-1,,"文汇出版社 (Reading/Publisher/%E6%96%87%E6%B1%87%E5%87%BA%E7%89%88%E7%A4%BE%20d17813fa9d334f399f070958ae3b5485.md), 新经典 (Reading/Publisher/%E6%96%B0%E7%BB%8F%E5%85%B8%20248fc2414a2b41a8bc70dd326b9ca023.md)"
中国通史,当当 (Reading/Platform/%E5%BD%93%E5%BD%93%203d19f82ac1dd46789c721bbb036ba158.md),吕思勉 (Reading/Author/%E5%90%95%E6%80%9D%E5%8B%89%201d967575681c45bda0b2782ca0dfbbcd.md),历史 (Reading/Category/%E5%8E%86%E5%8F%B2%201a0d5f76b6ef49c08c573167fa6554dc.md),"October 4, 2023 11:10 PM",9787513905039,1,"August 28, 2024 2:25 PM",1,,,"民主与建设出版社 (Reading/Publisher/%E6%B0%91%E4%B8%BB%E4%B8%8E%E5%BB%BA%E8%AE%BE%E5%87%BA%E7%89%88%E7%A4%BE%20dff3b09d8cdd4c5a8ac858e66e8c6685.md), 科文图书 (Reading/Publisher/%E7%A7%91%E6%96%87%E5%9B%BE%E4%B9%A6%205dde888283ee4526b64b4436fe289e2d.md)"
古汉语常用字字典,淘宝 (Reading/Platform/%E6%B7%98%E5%AE%9D%20c7f52ce2740b41f98aef55e4ce0688de.md),其它 (Reading/Author/%E5%85%B6%E5%AE%83%20562b510967874f97ae9a82328b0fd99a.md),辞书 (Reading/Category/%E8%BE%9E%E4%B9%A6%2051b70f2eeaae42b4940b8d487fa42b66.md),"October 5, 2023 10:56 PM",9787100042852,1,"July 27, 2024 11:30 AM",7.84,100,8,商务印书馆 (Reading/Publisher/%E5%95%86%E5%8A%A1%E5%8D%B0%E4%B9%A6%E9%A6%86%206cd154d7dc6249ada1fad95937cbfd26.md)
21世纪资本论,赠送 (Reading/Platform/%E8%B5%A0%E9%80%81%20455e7d509df3444ebf2c9c50269c654b.md),托马斯·皮凯蒂 (Reading/Author/%E6%89%98%E9%A9%AC%E6%96%AF%C2%B7%E7%9A%AE%E5%87%AF%E8%92%82%20f64531c94e934da1bca9c64597d7e02f.md),社科 (Reading/Category/%E7%A4%BE%E7%A7%91%208329bdf601ac465ca4e46a05103e22c7.md),"October 7, 2023 3:29 PM",9787508647258,1,"July 27, 2024 9:29 PM",,,,中信出版社 (Reading/Publisher/%E4%B8%AD%E4%BF%A1%E5%87%BA%E7%89%88%E7%A4%BE%20a2f0ed84a24a418097633f011c77524c.md)
日本史（售出）,赠送 (Reading/Platform/%E8%B5%A0%E9%80%81%20455e7d509df3444ebf2c9c50269c654b.md),詹姆斯·麦克莱恩 (Reading/Author/%E8%A9%B9%E5%A7%86%E6%96%AF%C2%B7%E9%BA%A6%E5%85%8B%E8%8E%B1%E6%81%A9%20661a0993a6184bd1a9c363d25a06ee92.md),历史 (Reading/Category/%E5%8E%86%E5%8F%B2%201a0d5f76b6ef49c08c573167fa6554dc.md),"October 7, 2023 3:30 PM",9787544344418,0,"July 27, 2024 11:35 AM",-8,-1,,
罗马帝国兴亡史,赠送 (Reading/Platform/%E8%B5%A0%E9%80%81%20455e7d509df3444ebf2c9c50269c654b.md),罗伯特·格雷夫斯 (Reading/Author/%E7%BD%97%E4%BC%AF%E7%89%B9%C2%B7%E6%A0%BC%E9%9B%B7%E5%A4%AB%E6%96%AF%209664fbd1e15046dca50e165f96da3240.md),历史 (Reading/Category/%E5%8E%86%E5%8F%B2%201a0d5f76b6ef49c08c573167fa6554dc.md),"October 7, 2023 3:32 PM",9787229094683,1,"August 28, 2024 3:03 PM",0,,,"重庆出版社 (Reading/Publisher/%E9%87%8D%E5%BA%86%E5%87%BA%E7%89%88%E7%A4%BE%207c1434d0d4a64b189b6d25bb6a8682f9.md), 知未图书 (Reading/Publisher/%E7%9F%A5%E6%9C%AA%E5%9B%BE%E4%B9%A6%20add6007d056046c1acccaa49ce3993aa.md)"
量化投资,淘宝 (Reading/Platform/%E6%B7%98%E5%AE%9D%20c7f52ce2740b41f98aef55e4ce0688de.md),李洋 (Reading/Author/%E6%9D%8E%E6%B4%8B%20a88ab51eee63403ca70934a0fe2ced09.md),技能 (Reading/Category/%E6%8A%80%E8%83%BD%20ea6381e8396943cfa6367b5012049921.md),"October 7, 2023 5:04 PM",9787121247309,0,"July 27, 2024 11:33 AM",37.79,0,1,电子工业出版社 (Reading/Publisher/%E7%94%B5%E5%AD%90%E5%B7%A5%E4%B8%9A%E5%87%BA%E7%89%88%E7%A4%BE%20540d1864d0d14ea3992d1afbb912119f.md)
族长的秋天（售出）,拼多多 (Reading/Platform/%E6%8B%BC%E5%A4%9A%E5%A4%9A%20db19793d87f549c3ba08ccdb17b42c9e.md),马尔克斯 (Reading/Author/%E9%A9%AC%E5%B0%94%E5%85%8B%E6%96%AF%201a9f5070c5ad4997b2ecdf8e38c59ba6.md),长篇 (Reading/Category/%E9%95%BF%E7%AF%87%206b4e322679ec4c5e98aaa5526375f168.md),"October 11, 2023 10:56 AM",9787544286060,0.3,"March 2, 2025 1:21 PM",0.7,-1,8,"南海出版公司 (Reading/Publisher/%E5%8D%97%E6%B5%B7%E5%87%BA%E7%89%88%E5%85%AC%E5%8F%B8%204fe082fe5df3417b86f2e33661900dde.md), 新经典 (Reading/Publisher/%E6%96%B0%E7%BB%8F%E5%85%B8%20248fc2414a2b41a8bc70dd326b9ca023.md)"
罪与罚（售出）,拼多多 (Reading/Platform/%E6%8B%BC%E5%A4%9A%E5%A4%9A%20db19793d87f549c3ba08ccdb17b42c9e.md),陀思妥耶夫斯基 (Reading/Author/%E9%99%80%E6%80%9D%E5%A6%A5%E8%80%B6%E5%A4%AB%E6%96%AF%E5%9F%BA%20cccbf1ca36f64ef0bbe6eda7c91537b8.md),长篇 (Reading/Category/%E9%95%BF%E7%AF%87%206b4e322679ec4c5e98aaa5526375f168.md),"October 12, 2023 2:16 PM",9787533955168,0.9,"October 26, 2025 3:29 PM",0.81,-1,10,"浙江文艺出版社 (Reading/Publisher/%E6%B5%99%E6%B1%9F%E6%96%87%E8%89%BA%E5%87%BA%E7%89%88%E7%A4%BE%20a1a3ebbcdfff41aba54adb589a51adf2.md), 果麦 (Reading/Publisher/%E6%9E%9C%E9%BA%A6%20eab69198a3ab4d18839c72f592c9c46b.md)"
远大前程（售出）,拼多多 (Reading/Platform/%E6%8B%BC%E5%A4%9A%E5%A4%9A%20db19793d87f549c3ba08ccdb17b42c9e.md),狄更斯 (Reading/Author/%E7%8B%84%E6%9B%B4%E6%96%AF%20a1ebe919508448288ab0e3ed041ff1dd.md),长篇 (Reading/Category/%E9%95%BF%E7%AF%87%206b4e322679ec4c5e98aaa5526375f168.md),"October 12, 2023 2:18 PM",9787547062593,0.5,"January 17, 2025 9:32 AM",-5.29,-1,8,"万卷出版公司 (Reading/Publisher/%E4%B8%87%E5%8D%B7%E5%87%BA%E7%89%88%E5%85%AC%E5%8F%B8%20d74e9fc1d19d489193df7803a3ad761f.md), 果麦 (Reading/Publisher/%E6%9E%9C%E9%BA%A6%20eab69198a3ab4d18839c72f592c9c46b.md)"
米格尔街,拼多多 (Reading/Platform/%E6%8B%BC%E5%A4%9A%E5%A4%9A%20db19793d87f549c3ba08ccdb17b42c9e.md),奈保尔 (Reading/Author/%E5%A5%88%E4%BF%9D%E5%B0%94%20a122682600f94bb29ffb070d448e7b0a.md),短篇 (Reading/Category/%E7%9F%AD%E7%AF%87%207cecd2c07ba6415e84f853878c8539bf.md),"October 13, 2023 5:24 PM",9787544280563,1,"July 27, 2024 11:38 AM",10.4,,,"南海出版公司 (Reading/Publisher/%E5%8D%97%E6%B5%B7%E5%87%BA%E7%89%88%E5%85%AC%E5%8F%B8%204fe082fe5df3417b86f2e33661900dde.md), 新经典 (Reading/Publisher/%E6%96%B0%E7%BB%8F%E5%85%B8%20248fc2414a2b41a8bc70dd326b9ca023.md)"
长安客（售出）,赠送 (Reading/Platform/%E8%B5%A0%E9%80%81%20455e7d509df3444ebf2c9c50269c654b.md),其它 (Reading/Author/%E5%85%B6%E5%AE%83%20562b510967874f97ae9a82328b0fd99a.md),"流行 (Reading/Category/%E6%B5%81%E8%A1%8C%2006e2b73e68014533ace3c0eac10aeec7.md), 社科 (Reading/Category/%E7%A4%BE%E7%A7%91%208329bdf601ac465ca4e46a05103e22c7.md)","October 14, 2023 11:56 PM",9787201153988,0,"July 27, 2024 11:34 AM",-10,-1,4,"天津人民出版社 (Reading/Publisher/%E5%A4%A9%E6%B4%A5%E4%BA%BA%E6%B0%91%E5%87%BA%E7%89%88%E7%A4%BE%2043eaef3726f04adeaecbdeaad42fe66b.md), 果麦 (Reading/Publisher/%E6%9E%9C%E9%BA%A6%20eab69198a3ab4d18839c72f592c9c46b.md)"
心安即是归处,赠送 (Reading/Platform/%E8%B5%A0%E9%80%81%20455e7d509df3444ebf2c9c50269c654b.md),季羡林 (Reading/Author/%E5%AD%A3%E7%BE%A1%E6%9E%97%20f5ff45710040493f91c592941e1c4f8e.md),散文 (Reading/Category/%E6%95%A3%E6%96%87%20d94c81dc272b4510b64387a9402d125c.md),"October 15, 2023 12:04 AM",9787554615430,1,"August 28, 2024 2:39 PM",,,,古吴轩出版社 (Reading/Publisher/%E5%8F%A4%E5%90%B4%E8%BD%A9%E5%87%BA%E7%89%88%E7%A4%BE%2073aded6269c149eda87297ff69af2570.md)
人间词话,淘宝 (Reading/Platform/%E6%B7%98%E5%AE%9D%20c7f52ce2740b41f98aef55e4ce0688de.md),王国维 (Reading/Author/%E7%8E%8B%E5%9B%BD%E7%BB%B4%2017d079848b2a43dbb82b3b0e89a66002.md),国学 (Reading/Category/%E5%9B%BD%E5%AD%A6%201a4e5ee48605434199b479f4204a0599.md),"October 15, 2023 9:23 PM",9787545550146,1,"July 27, 2024 9:35 PM",3.67,50,9,天地出版社 (Reading/Publisher/%E5%A4%A9%E5%9C%B0%E5%87%BA%E7%89%88%E7%A4%BE%20b54972603412494d866717d2143ef41f.md)
爱情和其他魔鬼（售出）,拼多多 (Reading/Platform/%E6%8B%BC%E5%A4%9A%E5%A4%9A%20db19793d87f549c3ba08ccdb17b42c9e.md),马尔克斯 (Reading/Author/%E9%A9%AC%E5%B0%94%E5%85%8B%E6%96%AF%201a9f5070c5ad4997b2ecdf8e38c59ba6.md),长篇 (Reading/Category/%E9%95%BF%E7%AF%87%206b4e322679ec4c5e98aaa5526375f168.md),"October 15, 2023 9:23 PM",9787544278638,0.3,"March 2, 2025 1:21 PM",-1.1,-1,8,"南海出版公司 (Reading/Publisher/%E5%8D%97%E6%B5%B7%E5%87%BA%E7%89%88%E5%85%AC%E5%8F%B8%204fe082fe5df3417b86f2e33661900dde.md), 新经典 (Reading/Publisher/%E6%96%B0%E7%BB%8F%E5%85%B8%20248fc2414a2b41a8bc70dd326b9ca023.md)"
呼兰河传（售出）,淘宝 (Reading/Platform/%E6%B7%98%E5%AE%9D%20c7f52ce2740b41f98aef55e4ce0688de.md),萧红 (Reading/Author/%E8%90%A7%E7%BA%A2%20a765fc21cc7a4c10a6c1afd8b15e175c.md),长篇 (Reading/Category/%E9%95%BF%E7%AF%87%206b4e322679ec4c5e98aaa5526375f168.md),"October 15, 2023 9:23 PM",9787519013226,0.5,"October 13, 2025 3:27 PM",1.83,-1,10,中国文联出版社 (Reading/Publisher/%E4%B8%AD%E5%9B%BD%E6%96%87%E8%81%94%E5%87%BA%E7%89%88%E7%A4%BE%20733311d93c8a47daa5115bac2c978824.md)
当我谈跑步时，我谈些什么（售出）,拼多多 (Reading/Platform/%E6%8B%BC%E5%A4%9A%E5%A4%9A%20db19793d87f549c3ba08ccdb17b42c9e.md),村上春树 (Reading/Author/%E6%9D%91%E4%B8%8A%E6%98%A5%E6%A0%91%2035640d4238b7469fab5944044b1d92af.md),散文 (Reading/Category/%E6%95%A3%E6%96%87%20d94c81dc272b4510b64387a9402d125c.md),"October 16, 2023 7:10 PM",9787544278843,0.1,"March 2, 2025 1:22 PM",-7.7,-1,7,上海译文出版社 (Reading/Publisher/%E4%B8%8A%E6%B5%B7%E8%AF%91%E6%96%87%E5%87%BA%E7%89%88%E7%A4%BE%202678101fd9c841e58f199d01b6c00513.md)
理智与情感（售出）,拼多多 (Reading/Platform/%E6%8B%BC%E5%A4%9A%E5%A4%9A%20db19793d87f549c3ba08ccdb17b42c9e.md),简·奥斯汀 (Reading/Author/%E7%AE%80%C2%B7%E5%A5%A5%E6%96%AF%E6%B1%80%204e5c7829bd9a4c71ae2400a8d910adda.md),长篇 (Reading/Category/%E9%95%BF%E7%AF%87%206b4e322679ec4c5e98aaa5526375f168.md),"October 17, 2023 2:17 PM",9787201141305,0.7,"January 17, 2025 9:29 AM",-0.31,-1,8,"天津人民出版社 (Reading/Publisher/%E5%A4%A9%E6%B4%A5%E4%BA%BA%E6%B0%91%E5%87%BA%E7%89%88%E7%A4%BE%2043eaef3726f04adeaecbdeaad42fe66b.md), 果麦 (Reading/Publisher/%E6%9E%9C%E9%BA%A6%20eab69198a3ab4d18839c72f592c9c46b.md)"
白痴（售出）,孔夫子 (Reading/Platform/%E5%AD%94%E5%A4%AB%E5%AD%90%20e9c2ade3c3594415ab366417a820055f.md),陀思妥耶夫斯基 (Reading/Author/%E9%99%80%E6%80%9D%E5%A6%A5%E8%80%B6%E5%A4%AB%E6%96%AF%E5%9F%BA%20cccbf1ca36f64ef0bbe6eda7c91537b8.md),长篇 (Reading/Category/%E9%95%BF%E7%AF%87%206b4e322679ec4c5e98aaa5526375f168.md),"October 19, 2023 12:42 PM",9787532963478,0.9,"January 17, 2025 9:29 AM",3,-1,10,"山东文艺出版社 (Reading/Publisher/%E5%B1%B1%E4%B8%9C%E6%96%87%E8%89%BA%E5%87%BA%E7%89%88%E7%A4%BE%205669eab7521c426a9d5488e5284420fb.md), 果麦 (Reading/Publisher/%E6%9E%9C%E9%BA%A6%20eab69198a3ab4d18839c72f592c9c46b.md)"
一个陌生女人的来信（售出）,淘宝 (Reading/Platform/%E6%B7%98%E5%AE%9D%20c7f52ce2740b41f98aef55e4ce0688de.md),茨威格 (Reading/Author/%E8%8C%A8%E5%A8%81%E6%A0%BC%200f25776e017f4d36b31ba4257f4ebaa9.md),短篇 (Reading/Category/%E7%9F%AD%E7%AF%87%207cecd2c07ba6415e84f853878c8539bf.md),"October 30, 2023 10:54 AM",9787538754872,0.7,"January 17, 2025 9:29 AM",-1.36,-1,10,"时代文艺出版社 (Reading/Publisher/%E6%97%B6%E4%BB%A3%E6%96%87%E8%89%BA%E5%87%BA%E7%89%88%E7%A4%BE%20f0e0aa6d770549c5b491f6c63a3c552d.md), 科文图书 (Reading/Publisher/%E7%A7%91%E6%96%87%E5%9B%BE%E4%B9%A6%205dde888283ee4526b64b4436fe289e2d.md)"
日瓦戈医生,拼多多 (Reading/Platform/%E6%8B%BC%E5%A4%9A%E5%A4%9A%20db19793d87f549c3ba08ccdb17b42c9e.md),帕斯捷尔纳克 (Reading/Author/%E5%B8%95%E6%96%AF%E6%8D%B7%E5%B0%94%E7%BA%B3%E5%85%8B%20b57c82a359a24b9a9a59084061298d4d.md),长篇 (Reading/Category/%E9%95%BF%E7%AF%87%206b4e322679ec4c5e98aaa5526375f168.md),"October 30, 2023 11:05 AM",9787533949372,1,"July 27, 2024 11:38 AM",13.94,,,浙江文艺出版社 (Reading/Publisher/%E6%B5%99%E6%B1%9F%E6%96%87%E8%89%BA%E5%87%BA%E7%89%88%E7%A4%BE%20a1a3ebbcdfff41aba54adb589a51adf2.md)
这里的黎明静悄悄,京东 (Reading/Platform/%E4%BA%AC%E4%B8%9C%20991081d220754871a65ea5285ec56e3b.md),瓦西里耶夫 (Reading/Author/%E7%93%A6%E8%A5%BF%E9%87%8C%E8%80%B6%E5%A4%AB%200541475d49bd4cb198b4b11e5b671912.md),长篇 (Reading/Category/%E9%95%BF%E7%AF%87%206b4e322679ec4c5e98aaa5526375f168.md),"November 2, 2023 4:52 PM",9787570202287,1,"July 27, 2024 11:29 AM",7.6,100,10,长江文艺出版社 (Reading/Publisher/%E9%95%BF%E6%B1%9F%E6%96%87%E8%89%BA%E5%87%BA%E7%89%88%E7%A4%BE%20ca2ef9610a174457ba2236fed05e023a.md)
契诃夫小说选,京东 (Reading/Platform/%E4%BA%AC%E4%B8%9C%20991081d220754871a65ea5285ec56e3b.md),契诃夫 (Reading/Author/%E5%A5%91%E8%AF%83%E5%A4%AB%208181815d2fe04baa840fe6e9f36aaf1d.md),短篇 (Reading/Category/%E7%9F%AD%E7%AF%87%207cecd2c07ba6415e84f853878c8539bf.md),"November 2, 2023 5:14 PM",9787020158508,1,"September 3, 2025 9:42 PM",18.8,100,10,人民文学出版社 (Reading/Publisher/%E4%BA%BA%E6%B0%91%E6%96%87%E5%AD%A6%E5%87%BA%E7%89%88%E7%A4%BE%208f33d507688c4765a90194e25a9bf0b7.md)
故事新编,抖音 (Reading/Platform/%E6%8A%96%E9%9F%B3%20bda2aad8d7a64269931fcf174a026721.md),鲁迅 (Reading/Author/%E9%B2%81%E8%BF%85%2019809c6ab49642a3a6a9786dd0e2b846.md),短篇 (Reading/Category/%E7%9F%AD%E7%AF%87%207cecd2c07ba6415e84f853878c8539bf.md),"November 2, 2023 5:20 PM",9787201089560,1,"March 25, 2025 9:16 PM",6.9,,,"天津人民出版社 (Reading/Publisher/%E5%A4%A9%E6%B4%A5%E4%BA%BA%E6%B0%91%E5%87%BA%E7%89%88%E7%A4%BE%2043eaef3726f04adeaecbdeaad42fe66b.md), 果麦 (Reading/Publisher/%E6%9E%9C%E9%BA%A6%20eab69198a3ab4d18839c72f592c9c46b.md)"
契诃夫书信集,京东 (Reading/Platform/%E4%BA%AC%E4%B8%9C%20991081d220754871a65ea5285ec56e3b.md),契诃夫 (Reading/Author/%E5%A5%91%E8%AF%83%E5%A4%AB%208181815d2fe04baa840fe6e9f36aaf1d.md),书信 (Reading/Category/%E4%B9%A6%E4%BF%A1%201c477dd3d7838002aab2eb3041986dd9.md),"November 2, 2023 5:21 PM",9787532777358,1,"March 28, 2025 2:55 PM",14.4,,,上海译文出版社 (Reading/Publisher/%E4%B8%8A%E6%B5%B7%E8%AF%91%E6%96%87%E5%87%BA%E7%89%88%E7%A4%BE%202678101fd9c841e58f199d01b6c00513.md)
旋转木马鏖战记,京东 (Reading/Platform/%E4%BA%AC%E4%B8%9C%20991081d220754871a65ea5285ec56e3b.md),村上春树 (Reading/Author/%E6%9D%91%E4%B8%8A%E6%98%A5%E6%A0%91%2035640d4238b7469fab5944044b1d92af.md),短篇 (Reading/Category/%E7%9F%AD%E7%AF%87%207cecd2c07ba6415e84f853878c8539bf.md),"November 2, 2023 5:23 PM",9787532748501,1,"July 27, 2024 11:31 AM",6.1,100,7,上海译文出版社 (Reading/Publisher/%E4%B8%8A%E6%B5%B7%E8%AF%91%E6%96%87%E5%87%BA%E7%89%88%E7%A4%BE%202678101fd9c841e58f199d01b6c00513.md)
长日将尽,京东 (Reading/Platform/%E4%BA%AC%E4%B8%9C%20991081d220754871a65ea5285ec56e3b.md),石黑一雄 (Reading/Author/%E7%9F%B3%E9%BB%91%E4%B8%80%E9%9B%84%2049a433e74cf74f33bc0062ad76a6dd19.md),长篇 (Reading/Category/%E9%95%BF%E7%AF%87%206b4e322679ec4c5e98aaa5526375f168.md),"November 2, 2023 5:26 PM",9787532777532,1,"July 27, 2024 11:42 AM",14.5,,,上海译文出版社 (Reading/Publisher/%E4%B8%8A%E6%B5%B7%E8%AF%91%E6%96%87%E5%87%BA%E7%89%88%E7%A4%BE%202678101fd9c841e58f199d01b6c00513.md)
逃离,京东 (Reading/Platform/%E4%BA%AC%E4%B8%9C%20991081d220754871a65ea5285ec56e3b.md),艾丽丝·门罗 (Reading/Author/%E8%89%BE%E4%B8%BD%E4%B8%9D%C2%B7%E9%97%A8%E7%BD%97%20144137e4552e487fb7169f75db73f25a.md),短篇 (Reading/Category/%E7%9F%AD%E7%AF%87%207cecd2c07ba6415e84f853878c8539bf.md),"November 2, 2023 5:27 PM",9787530216224,1,"July 27, 2024 11:43 AM",12.3,,,"北京十月文艺出版社 (Reading/Publisher/%E5%8C%97%E4%BA%AC%E5%8D%81%E6%9C%88%E6%96%87%E8%89%BA%E5%87%BA%E7%89%88%E7%A4%BE%203a0dcd86170d49d9ba43e6f8c991c984.md), 新经典 (Reading/Publisher/%E6%96%B0%E7%BB%8F%E5%85%B8%20248fc2414a2b41a8bc70dd326b9ca023.md)"
地下室手记（售出）,京东 (Reading/Platform/%E4%BA%AC%E4%B8%9C%20991081d220754871a65ea5285ec56e3b.md),陀思妥耶夫斯基 (Reading/Author/%E9%99%80%E6%80%9D%E5%A6%A5%E8%80%B6%E5%A4%AB%E6%96%AF%E5%9F%BA%20cccbf1ca36f64ef0bbe6eda7c91537b8.md),长篇 (Reading/Category/%E9%95%BF%E7%AF%87%206b4e322679ec4c5e98aaa5526375f168.md),"November 2, 2023 5:28 PM",9787533960414,0.7,"January 12, 2025 10:48 AM",0,-1,10,"浙江文艺出版社 (Reading/Publisher/%E6%B5%99%E6%B1%9F%E6%96%87%E8%89%BA%E5%87%BA%E7%89%88%E7%A4%BE%20a1a3ebbcdfff41aba54adb589a51adf2.md), 果麦 (Reading/Publisher/%E6%9E%9C%E9%BA%A6%20eab69198a3ab4d18839c72f592c9c46b.md)"
快乐王子,京东 (Reading/Platform/%E4%BA%AC%E4%B8%9C%20991081d220754871a65ea5285ec56e3b.md),王尔德 (Reading/Author/%E7%8E%8B%E5%B0%94%E5%BE%B7%20b52aafe66fbc45ccaf3a84b652b16931.md),短篇 (Reading/Category/%E7%9F%AD%E7%AF%87%207cecd2c07ba6415e84f853878c8539bf.md),"November 2, 2023 5:29 PM",9787532762781,1,"July 27, 2024 11:29 AM",3.6,100,10,上海译文出版社 (Reading/Publisher/%E4%B8%8A%E6%B5%B7%E8%AF%91%E6%96%87%E5%87%BA%E7%89%88%E7%A4%BE%202678101fd9c841e58f199d01b6c00513.md)
静静的顿河（售出）,京东 (Reading/Platform/%E4%BA%AC%E4%B8%9C%20991081d220754871a65ea5285ec56e3b.md),肖洛霍夫 (Reading/Author/%E8%82%96%E6%B4%9B%E9%9C%8D%E5%A4%AB%200f0f1ba7cde54313ba5dceaf378f666b.md),长篇 (Reading/Category/%E9%95%BF%E7%AF%87%206b4e322679ec4c5e98aaa5526375f168.md),"November 2, 2023 5:31 PM",9787201186481,0.5,"October 12, 2024 10:20 AM",12.4,-1,10,"天津人民出版社 (Reading/Publisher/%E5%A4%A9%E6%B4%A5%E4%BA%BA%E6%B0%91%E5%87%BA%E7%89%88%E7%A4%BE%2043eaef3726f04adeaecbdeaad42fe66b.md), 果麦 (Reading/Publisher/%E6%9E%9C%E9%BA%A6%20eab69198a3ab4d18839c72f592c9c46b.md)"
涅朵奇卡,京东 (Reading/Platform/%E4%BA%AC%E4%B8%9C%20991081d220754871a65ea5285ec56e3b.md),陀思妥耶夫斯基 (Reading/Author/%E9%99%80%E6%80%9D%E5%A6%A5%E8%80%B6%E5%A4%AB%E6%96%AF%E5%9F%BA%20cccbf1ca36f64ef0bbe6eda7c91537b8.md),长篇 (Reading/Category/%E9%95%BF%E7%AF%87%206b4e322679ec4c5e98aaa5526375f168.md),"November 2, 2023 5:32 PM",9787532969623,1,"November 8, 2024 9:28 PM",9.9,100,10,"山东文艺出版社 (Reading/Publisher/%E5%B1%B1%E4%B8%9C%E6%96%87%E8%89%BA%E5%87%BA%E7%89%88%E7%A4%BE%205669eab7521c426a9d5488e5284420fb.md), 果麦 (Reading/Publisher/%E6%9E%9C%E9%BA%A6%20eab69198a3ab4d18839c72f592c9c46b.md)"
列克星敦的幽灵,京东 (Reading/Platform/%E4%BA%AC%E4%B8%9C%20991081d220754871a65ea5285ec56e3b.md),村上春树 (Reading/Author/%E6%9D%91%E4%B8%8A%E6%98%A5%E6%A0%91%2035640d4238b7469fab5944044b1d92af.md),短篇 (Reading/Category/%E7%9F%AD%E7%AF%87%207cecd2c07ba6415e84f853878c8539bf.md),"November 2, 2023 5:34 PM",9787532748488,1,"July 27, 2024 11:31 AM",7,100,7,上海译文出版社 (Reading/Publisher/%E4%B8%8A%E6%B5%B7%E8%AF%91%E6%96%87%E5%87%BA%E7%89%88%E7%A4%BE%202678101fd9c841e58f199d01b6c00513.md)
都柏林人,京东 (Reading/Platform/%E4%BA%AC%E4%B8%9C%20991081d220754871a65ea5285ec56e3b.md),詹姆斯·乔伊斯 (Reading/Author/%E8%A9%B9%E5%A7%86%E6%96%AF%C2%B7%E4%B9%94%E4%BC%8A%E6%96%AF%200982ac7afc8a462ca52f9672f72fa598.md),短篇 (Reading/Category/%E7%9F%AD%E7%AF%87%207cecd2c07ba6415e84f853878c8539bf.md),"November 2, 2023 5:36 PM",9787532773442,1,"July 27, 2024 11:43 AM",7.4,,,上海译文出版社 (Reading/Publisher/%E4%B8%8A%E6%B5%B7%E8%AF%91%E6%96%87%E5%87%BA%E7%89%88%E7%A4%BE%202678101fd9c841e58f199d01b6c00513.md)
卡拉马佐夫兄弟（售出）,京东 (Reading/Platform/%E4%BA%AC%E4%B8%9C%20991081d220754871a65ea5285ec56e3b.md),陀思妥耶夫斯基 (Reading/Author/%E9%99%80%E6%80%9D%E5%A6%A5%E8%80%B6%E5%A4%AB%E6%96%AF%E5%9F%BA%20cccbf1ca36f64ef0bbe6eda7c91537b8.md),长篇 (Reading/Category/%E9%95%BF%E7%AF%87%206b4e322679ec4c5e98aaa5526375f168.md),"November 2, 2023 5:38 PM",9787532969005,0.9,"January 24, 2025 9:40 PM",-7,-1,,"山东文艺出版社 (Reading/Publisher/%E5%B1%B1%E4%B8%9C%E6%96%87%E8%89%BA%E5%87%BA%E7%89%88%E7%A4%BE%205669eab7521c426a9d5488e5284420fb.md), 果麦 (Reading/Publisher/%E6%9E%9C%E9%BA%A6%20eab69198a3ab4d18839c72f592c9c46b.md)"
鬼（售出）,京东 (Reading/Platform/%E4%BA%AC%E4%B8%9C%20991081d220754871a65ea5285ec56e3b.md),陀思妥耶夫斯基 (Reading/Author/%E9%99%80%E6%80%9D%E5%A6%A5%E8%80%B6%E5%A4%AB%E6%96%AF%E5%9F%BA%20cccbf1ca36f64ef0bbe6eda7c91537b8.md),长篇 (Reading/Category/%E9%95%BF%E7%AF%87%206b4e322679ec4c5e98aaa5526375f168.md),"November 2, 2023 5:38 PM",9787532766130,0,"July 27, 2024 11:35 AM",-11.55,-1,,上海译文出版社 (Reading/Publisher/%E4%B8%8A%E6%B5%B7%E8%AF%91%E6%96%87%E5%87%BA%E7%89%88%E7%A4%BE%202678101fd9c841e58f199d01b6c00513.md)
死屋手记（售出）,京东 (Reading/Platform/%E4%BA%AC%E4%B8%9C%20991081d220754871a65ea5285ec56e3b.md),陀思妥耶夫斯基 (Reading/Author/%E9%99%80%E6%80%9D%E5%A6%A5%E8%80%B6%E5%A4%AB%E6%96%AF%E5%9F%BA%20cccbf1ca36f64ef0bbe6eda7c91537b8.md),长篇 (Reading/Category/%E9%95%BF%E7%AF%87%206b4e322679ec4c5e98aaa5526375f168.md),"November 2, 2023 5:40 PM",9787532764617,0.7,"January 12, 2025 10:46 AM",0,-1,9,上海译文出版社 (Reading/Publisher/%E4%B8%8A%E6%B5%B7%E8%AF%91%E6%96%87%E5%87%BA%E7%89%88%E7%A4%BE%202678101fd9c841e58f199d01b6c00513.md)
白夜（售出）,京东 (Reading/Platform/%E4%BA%AC%E4%B8%9C%20991081d220754871a65ea5285ec56e3b.md),陀思妥耶夫斯基 (Reading/Author/%E9%99%80%E6%80%9D%E5%A6%A5%E8%80%B6%E5%A4%AB%E6%96%AF%E5%9F%BA%20cccbf1ca36f64ef0bbe6eda7c91537b8.md),长篇 (Reading/Category/%E9%95%BF%E7%AF%87%206b4e322679ec4c5e98aaa5526375f168.md),"November 2, 2023 5:41 PM",9787532763689,0.7,"January 12, 2025 10:45 AM",0,-1,10,上海译文出版社 (Reading/Publisher/%E4%B8%8A%E6%B5%B7%E8%AF%91%E6%96%87%E5%87%BA%E7%89%88%E7%A4%BE%202678101fd9c841e58f199d01b6c00513.md)
被伤害与侮辱的人们（售出）,京东 (Reading/Platform/%E4%BA%AC%E4%B8%9C%20991081d220754871a65ea5285ec56e3b.md),陀思妥耶夫斯基 (Reading/Author/%E9%99%80%E6%80%9D%E5%A6%A5%E8%80%B6%E5%A4%AB%E6%96%AF%E5%9F%BA%20cccbf1ca36f64ef0bbe6eda7c91537b8.md),长篇 (Reading/Category/%E9%95%BF%E7%AF%87%206b4e322679ec4c5e98aaa5526375f168.md),"November 2, 2023 5:42 PM",9787532763665,0.7,"January 12, 2025 10:46 AM",0,-1,9,上海译文出版社 (Reading/Publisher/%E4%B8%8A%E6%B5%B7%E8%AF%91%E6%96%87%E5%87%BA%E7%89%88%E7%A4%BE%202678101fd9c841e58f199d01b6c00513.md)
陀思妥耶夫斯基三部曲（售出）,京东 (Reading/Platform/%E4%BA%AC%E4%B8%9C%20991081d220754871a65ea5285ec56e3b.md),陀思妥耶夫斯基 (Reading/Author/%E9%99%80%E6%80%9D%E5%A6%A5%E8%80%B6%E5%A4%AB%E6%96%AF%E5%9F%BA%20cccbf1ca36f64ef0bbe6eda7c91537b8.md),长篇 (Reading/Category/%E9%95%BF%E7%AF%87%206b4e322679ec4c5e98aaa5526375f168.md),"November 2, 2023 5:43 PM",9787532794553,0,"July 27, 2024 11:35 AM",86.08,-1,,上海译文出版社 (Reading/Publisher/%E4%B8%8A%E6%B5%B7%E8%AF%91%E6%96%87%E5%87%BA%E7%89%88%E7%A4%BE%202678101fd9c841e58f199d01b6c00513.md)
屠格涅夫爱情小说,拼多多 (Reading/Platform/%E6%8B%BC%E5%A4%9A%E5%A4%9A%20db19793d87f549c3ba08ccdb17b42c9e.md),屠格涅夫 (Reading/Author/%E5%B1%A0%E6%A0%BC%E6%B6%85%E5%A4%AB%20d55de7c9158f4d8283bd17fc1fed0c6e.md),短篇 (Reading/Category/%E7%9F%AD%E7%AF%87%207cecd2c07ba6415e84f853878c8539bf.md),"November 3, 2023 5:03 PM",9787532143412,1,"July 27, 2024 11:28 AM",6.95,100,10,上海文艺出版社 (Reading/Publisher/%E4%B8%8A%E6%B5%B7%E6%96%87%E8%89%BA%E5%87%BA%E7%89%88%E7%A4%BE%20bd4fac4bc10942118ef6a8c56b2a301f.md)
茨威格情欲小说,孔夫子 (Reading/Platform/%E5%AD%94%E5%A4%AB%E5%AD%90%20e9c2ade3c3594415ab366417a820055f.md),茨威格 (Reading/Author/%E8%8C%A8%E5%A8%81%E6%A0%BC%200f25776e017f4d36b31ba4257f4ebaa9.md),短篇 (Reading/Category/%E7%9F%AD%E7%AF%87%207cecd2c07ba6415e84f853878c8539bf.md),"November 8, 2023 4:52 PM",9787532143665,1,"July 27, 2024 11:29 AM",8,100,10,上海文艺出版社 (Reading/Publisher/%E4%B8%8A%E6%B5%B7%E6%96%87%E8%89%BA%E5%87%BA%E7%89%88%E7%A4%BE%20bd4fac4bc10942118ef6a8c56b2a301f.md)
泰戈尔诗化小说,拼多多 (Reading/Platform/%E6%8B%BC%E5%A4%9A%E5%A4%9A%20db19793d87f549c3ba08ccdb17b42c9e.md),泰戈尔 (Reading/Author/%E6%B3%B0%E6%88%88%E5%B0%94%20063a09746adc4051913684dc8eb9f377.md),短篇 (Reading/Category/%E7%9F%AD%E7%AF%87%207cecd2c07ba6415e84f853878c8539bf.md),"November 8, 2023 5:44 PM",9787532143603,1,"January 19, 2025 2:19 PM",7.37,100,9,上海文艺出版社 (Reading/Publisher/%E4%B8%8A%E6%B5%B7%E6%96%87%E8%89%BA%E5%87%BA%E7%89%88%E7%A4%BE%20bd4fac4bc10942118ef6a8c56b2a301f.md)
钢铁是怎样炼成的,孔夫子 (Reading/Platform/%E5%AD%94%E5%A4%AB%E5%AD%90%20e9c2ade3c3594415ab366417a820055f.md),奥斯特洛夫斯基 (Reading/Author/%E5%A5%A5%E6%96%AF%E7%89%B9%E6%B4%9B%E5%A4%AB%E6%96%AF%E5%9F%BA%205c9785593e464db8a00344473243adfa.md),长篇 (Reading/Category/%E9%95%BF%E7%AF%87%206b4e322679ec4c5e98aaa5526375f168.md),"November 8, 2023 5:48 PM",9787570202409,1,"July 27, 2024 11:31 AM",6,100,7,长江文艺出版社 (Reading/Publisher/%E9%95%BF%E6%B1%9F%E6%96%87%E8%89%BA%E5%87%BA%E7%89%88%E7%A4%BE%20ca2ef9610a174457ba2236fed05e023a.md)
梅里美传奇小说,拼多多 (Reading/Platform/%E6%8B%BC%E5%A4%9A%E5%A4%9A%20db19793d87f549c3ba08ccdb17b42c9e.md),梅里美 (Reading/Author/%E6%A2%85%E9%87%8C%E7%BE%8E%20fd04a50c77d04dc2b6ab3ccb752389a9.md),短篇 (Reading/Category/%E7%9F%AD%E7%AF%87%207cecd2c07ba6415e84f853878c8539bf.md),"November 10, 2023 4:13 PM",9787532143740,1,"July 27, 2024 11:30 AM",5.8,100,8,上海文艺出版社 (Reading/Publisher/%E4%B8%8A%E6%B5%B7%E6%96%87%E8%89%BA%E5%87%BA%E7%89%88%E7%A4%BE%20bd4fac4bc10942118ef6a8c56b2a301f.md)
莫失莫忘,抖音 (Reading/Platform/%E6%8A%96%E9%9F%B3%20bda2aad8d7a64269931fcf174a026721.md),石黑一雄 (Reading/Author/%E7%9F%B3%E9%BB%91%E4%B8%80%E9%9B%84%2049a433e74cf74f33bc0062ad76a6dd19.md),长篇 (Reading/Category/%E9%95%BF%E7%AF%87%206b4e322679ec4c5e98aaa5526375f168.md),"November 10, 2023 4:16 PM",9787532777938,1,"July 27, 2024 11:42 AM",14.81,,,上海译文出版社 (Reading/Publisher/%E4%B8%8A%E6%B5%B7%E8%AF%91%E6%96%87%E5%87%BA%E7%89%88%E7%A4%BE%202678101fd9c841e58f199d01b6c00513.md)
远山淡影,抖音 (Reading/Platform/%E6%8A%96%E9%9F%B3%20bda2aad8d7a64269931fcf174a026721.md),石黑一雄 (Reading/Author/%E7%9F%B3%E9%BB%91%E4%B8%80%E9%9B%84%2049a433e74cf74f33bc0062ad76a6dd19.md),长篇 (Reading/Category/%E9%95%BF%E7%AF%87%206b4e322679ec4c5e98aaa5526375f168.md),"November 10, 2023 4:18 PM",9787532753451,1,"July 27, 2024 11:42 AM",6.84,,,上海译文出版社 (Reading/Publisher/%E4%B8%8A%E6%B5%B7%E8%AF%91%E6%96%87%E5%87%BA%E7%89%88%E7%A4%BE%202678101fd9c841e58f199d01b6c00513.md)
了不起的盖茨比（售出）,拼多多 (Reading/Platform/%E6%8B%BC%E5%A4%9A%E5%A4%9A%20db19793d87f549c3ba08ccdb17b42c9e.md),菲茨杰拉德 (Reading/Author/%E8%8F%B2%E8%8C%A8%E6%9D%B0%E6%8B%89%E5%BE%B7%20c266cfc12aa049bda47a038f8ce3e236.md),长篇 (Reading/Category/%E9%95%BF%E7%AF%87%206b4e322679ec4c5e98aaa5526375f168.md),"November 11, 2023 7:38 PM",9787201077635,0,"July 27, 2024 11:33 AM",5.63,-1,9,"天津人民出版社 (Reading/Publisher/%E5%A4%A9%E6%B4%A5%E4%BA%BA%E6%B0%91%E5%87%BA%E7%89%88%E7%A4%BE%2043eaef3726f04adeaecbdeaad42fe66b.md), 果麦 (Reading/Publisher/%E6%9E%9C%E9%BA%A6%20eab69198a3ab4d18839c72f592c9c46b.md)"
鬼谷子（售出）,赠送 (Reading/Platform/%E8%B5%A0%E9%80%81%20455e7d509df3444ebf2c9c50269c654b.md),王诩 (Reading/Author/%E7%8E%8B%E8%AF%A9%204b2fb2cee7d044d1b6c66e8b65aaf5a2.md),"诸子 (Reading/Category/%E8%AF%B8%E5%AD%90%200dbc3ee6387344f2a2323a45695160df.md), 经典 (Reading/Category/%E7%BB%8F%E5%85%B8%20e210ce3838764a44bf39c141b13e0070.md)","November 11, 2023 7:55 PM",9787538693010,0,"September 28, 2024 10:07 AM",-1.4,-1,,吉林美术出版社 (Reading/Publisher/%E5%90%89%E6%9E%97%E7%BE%8E%E6%9C%AF%E5%87%BA%E7%89%88%E7%A4%BE%20f6e084e1f2e6468aad04780abceabd6c.md)
树上的男爵,抖音 (Reading/Platform/%E6%8A%96%E9%9F%B3%20bda2aad8d7a64269931fcf174a026721.md),卡尔维诺 (Reading/Author/%E5%8D%A1%E5%B0%94%E7%BB%B4%E8%AF%BA%20bc7e2f2f32ea4d8d9b8f0c9f48088929.md),长篇 (Reading/Category/%E9%95%BF%E7%AF%87%206b4e322679ec4c5e98aaa5526375f168.md),"November 13, 2023 9:54 AM",9787544722803,1,"July 27, 2024 11:37 AM",14.84,,,译林出版社 (Reading/Publisher/%E8%AF%91%E6%9E%97%E5%87%BA%E7%89%88%E7%A4%BE%209928c83dbb0947949034efce236fe3b8.md)
分成两半的子爵,抖音 (Reading/Platform/%E6%8A%96%E9%9F%B3%20bda2aad8d7a64269931fcf174a026721.md),卡尔维诺 (Reading/Author/%E5%8D%A1%E5%B0%94%E7%BB%B4%E8%AF%BA%20bc7e2f2f32ea4d8d9b8f0c9f48088929.md),长篇 (Reading/Category/%E9%95%BF%E7%AF%87%206b4e322679ec4c5e98aaa5526375f168.md),"November 13, 2023 9:55 AM",9787544722346,1,"July 27, 2024 11:37 AM",10,,,译林出版社 (Reading/Publisher/%E8%AF%91%E6%9E%97%E5%87%BA%E7%89%88%E7%A4%BE%209928c83dbb0947949034efce236fe3b8.md)
不存在的骑士,抖音 (Reading/Platform/%E6%8A%96%E9%9F%B3%20bda2aad8d7a64269931fcf174a026721.md),卡尔维诺 (Reading/Author/%E5%8D%A1%E5%B0%94%E7%BB%B4%E8%AF%BA%20bc7e2f2f32ea4d8d9b8f0c9f48088929.md),长篇 (Reading/Category/%E9%95%BF%E7%AF%87%206b4e322679ec4c5e98aaa5526375f168.md),"November 13, 2023 9:58 AM",9787544722797,1,"July 27, 2024 11:37 AM",10,,,译林出版社 (Reading/Publisher/%E8%AF%91%E6%9E%97%E5%87%BA%E7%89%88%E7%A4%BE%209928c83dbb0947949034efce236fe3b8.md)
了不起的盖茨比,拼多多 (Reading/Platform/%E6%8B%BC%E5%A4%9A%E5%A4%9A%20db19793d87f549c3ba08ccdb17b42c9e.md),菲茨杰拉德 (Reading/Author/%E8%8F%B2%E8%8C%A8%E6%9D%B0%E6%8B%89%E5%BE%B7%20c266cfc12aa049bda47a038f8ce3e236.md),长篇 (Reading/Category/%E9%95%BF%E7%AF%87%206b4e322679ec4c5e98aaa5526375f168.md),"November 13, 2023 3:45 PM",9787807098140,1,"July 27, 2024 11:43 AM",6.9,,,"深圳报业集团出版社 (Reading/Publisher/%E6%B7%B1%E5%9C%B3%E6%8A%A5%E4%B8%9A%E9%9B%86%E5%9B%A2%E5%87%BA%E7%89%88%E7%A4%BE%20fd3c6b7f289f4b57bbbc8d7b626d3af1.md), 果麦 (Reading/Publisher/%E6%9E%9C%E9%BA%A6%20eab69198a3ab4d18839c72f592c9c46b.md)"
那些忧伤的年轻人,拼多多 (Reading/Platform/%E6%8B%BC%E5%A4%9A%E5%A4%9A%20db19793d87f549c3ba08ccdb17b42c9e.md),菲茨杰拉德 (Reading/Author/%E8%8F%B2%E8%8C%A8%E6%9D%B0%E6%8B%89%E5%BE%B7%20c266cfc12aa049bda47a038f8ce3e236.md),长篇 (Reading/Category/%E9%95%BF%E7%AF%87%206b4e322679ec4c5e98aaa5526375f168.md),"November 13, 2023 3:49 PM",9787807097747,1,"July 27, 2024 11:43 AM",9.9,,,"深圳报业集团出版社 (Reading/Publisher/%E6%B7%B1%E5%9C%B3%E6%8A%A5%E4%B8%9A%E9%9B%86%E5%9B%A2%E5%87%BA%E7%89%88%E7%A4%BE%20fd3c6b7f289f4b57bbbc8d7b626d3af1.md), 果麦 (Reading/Publisher/%E6%9E%9C%E9%BA%A6%20eab69198a3ab4d18839c72f592c9c46b.md)"
爵士时代的故事,拼多多 (Reading/Platform/%E6%8B%BC%E5%A4%9A%E5%A4%9A%20db19793d87f549c3ba08ccdb17b42c9e.md),菲茨杰拉德 (Reading/Author/%E8%8F%B2%E8%8C%A8%E6%9D%B0%E6%8B%89%E5%BE%B7%20c266cfc12aa049bda47a038f8ce3e236.md),短篇 (Reading/Category/%E7%9F%AD%E7%AF%87%207cecd2c07ba6415e84f853878c8539bf.md),"November 13, 2023 3:51 PM",9787807098232,1,"July 27, 2024 11:43 AM",10.88,,,"深圳报业集团出版社 (Reading/Publisher/%E6%B7%B1%E5%9C%B3%E6%8A%A5%E4%B8%9A%E9%9B%86%E5%9B%A2%E5%87%BA%E7%89%88%E7%A4%BE%20fd3c6b7f289f4b57bbbc8d7b626d3af1.md), 果麦 (Reading/Publisher/%E6%9E%9C%E9%BA%A6%20eab69198a3ab4d18839c72f592c9c46b.md)"
鼠疫,拼多多 (Reading/Platform/%E6%8B%BC%E5%A4%9A%E5%A4%9A%20db19793d87f549c3ba08ccdb17b42c9e.md),加缪 (Reading/Author/%E5%8A%A0%E7%BC%AA%201a27669a7f7242aa9aa9338b45e172d3.md),长篇 (Reading/Category/%E9%95%BF%E7%AF%87%206b4e322679ec4c5e98aaa5526375f168.md),"November 17, 2023 8:34 PM",9787532752508,1,"July 27, 2024 11:37 AM",5.7,,,上海译文出版社 (Reading/Publisher/%E4%B8%8A%E6%B5%B7%E8%AF%91%E6%96%87%E5%87%BA%E7%89%88%E7%A4%BE%202678101fd9c841e58f199d01b6c00513.md)
下次你路过，人间已无我,拼多多 (Reading/Platform/%E6%8B%BC%E5%A4%9A%E5%A4%9A%20db19793d87f549c3ba08ccdb17b42c9e.md),余光中 (Reading/Author/%E4%BD%99%E5%85%89%E4%B8%AD%2041bd9a845298481a8de598f28770f901.md),诗歌 (Reading/Category/%E8%AF%97%E6%AD%8C%206d14d7489136407a8593422aa182b379.md),"November 19, 2023 4:15 PM",9787210109259,1,"July 27, 2024 10:00 PM",5.5,,,江西人民出版社 (Reading/Publisher/%E6%B1%9F%E8%A5%BF%E4%BA%BA%E6%B0%91%E5%87%BA%E7%89%88%E7%A4%BE%20ce33fe41aced4d0ba827c9f4efbd094e.md)
乡土中国（售出）,淘宝 (Reading/Platform/%E6%B7%98%E5%AE%9D%20c7f52ce2740b41f98aef55e4ce0688de.md),费孝通 (Reading/Author/%E8%B4%B9%E5%AD%9D%E9%80%9A%207832c7d9ecbc4b94b9f7d3d57f4b7e64.md),社科 (Reading/Category/%E7%A4%BE%E7%A7%91%208329bdf601ac465ca4e46a05103e22c7.md),"November 19, 2023 4:17 PM",9787545552904,0.1,"September 20, 2025 6:29 PM",-5.49,-1,10,天地出版社 (Reading/Publisher/%E5%A4%A9%E5%9C%B0%E5%87%BA%E7%89%88%E7%A4%BE%20b54972603412494d866717d2143ef41f.md)
虚无的质感（售出）,赠送 (Reading/Platform/%E8%B5%A0%E9%80%81%20455e7d509df3444ebf2c9c50269c654b.md),其它 (Reading/Author/%E5%85%B6%E5%AE%83%20562b510967874f97ae9a82328b0fd99a.md),社科 (Reading/Category/%E7%A4%BE%E7%A7%91%208329bdf601ac465ca4e46a05103e22c7.md),"November 26, 2023 9:49 AM",9787515516011,0,"July 27, 2024 11:34 AM",-21.89,-1,,
朝花夕拾,番茄 (Reading/Platform/%E7%95%AA%E8%8C%84%20bb113666fc9f49d1ad34f06fead7f835.md),鲁迅 (Reading/Author/%E9%B2%81%E8%BF%85%2019809c6ab49642a3a6a9786dd0e2b846.md),散文 (Reading/Category/%E6%95%A3%E6%96%87%20d94c81dc272b4510b64387a9402d125c.md),"November 29, 2023 11:25 AM",9787201089140,1,"July 27, 2024 11:44 AM",2.5,,,"天津人民出版社 (Reading/Publisher/%E5%A4%A9%E6%B4%A5%E4%BA%BA%E6%B0%91%E5%87%BA%E7%89%88%E7%A4%BE%2043eaef3726f04adeaecbdeaad42fe66b.md), 果麦 (Reading/Publisher/%E6%9E%9C%E9%BA%A6%20eab69198a3ab4d18839c72f592c9c46b.md)"
受戒,番茄 (Reading/Platform/%E7%95%AA%E8%8C%84%20bb113666fc9f49d1ad34f06fead7f835.md),汪曾祺 (Reading/Author/%E6%B1%AA%E6%9B%BE%E7%A5%BA%209a82d2f336c6445a806033a24612cceb.md),短篇 (Reading/Category/%E7%9F%AD%E7%AF%87%207cecd2c07ba6415e84f853878c8539bf.md),"November 29, 2023 11:25 AM",9787531740063,1,"August 28, 2024 2:59 PM",0.9,,,北方文艺出版社 (Reading/Publisher/%E5%8C%97%E6%96%B9%E6%96%87%E8%89%BA%E5%87%BA%E7%89%88%E7%A4%BE%2093a5305f9f1f4263b0cad211bc19720f.md)
大师和玛格丽特,番茄 (Reading/Platform/%E7%95%AA%E8%8C%84%20bb113666fc9f49d1ad34f06fead7f835.md),布尔加科夫 (Reading/Author/%E5%B8%83%E5%B0%94%E5%8A%A0%E7%A7%91%E5%A4%AB%20b89eea4aea5b49228a2e4aaefe317810.md),长篇 (Reading/Category/%E9%95%BF%E7%AF%87%206b4e322679ec4c5e98aaa5526375f168.md),"November 29, 2023 11:27 AM",9787020115907,1,"July 27, 2024 11:38 AM",10.8,,,人民文学出版社 (Reading/Publisher/%E4%BA%BA%E6%B0%91%E6%96%87%E5%AD%A6%E5%87%BA%E7%89%88%E7%A4%BE%208f33d507688c4765a90194e25a9bf0b7.md)
傲慢与偏见（售出）,番茄 (Reading/Platform/%E7%95%AA%E8%8C%84%20bb113666fc9f49d1ad34f06fead7f835.md),简·奥斯汀 (Reading/Author/%E7%AE%80%C2%B7%E5%A5%A5%E6%96%AF%E6%B1%80%204e5c7829bd9a4c71ae2400a8d910adda.md),长篇 (Reading/Category/%E9%95%BF%E7%AF%87%206b4e322679ec4c5e98aaa5526375f168.md),"November 29, 2023 11:28 AM",9787544774697,0.7,"January 17, 2025 9:28 AM",-0.01,-1,10,译林出版社 (Reading/Publisher/%E8%AF%91%E6%9E%97%E5%87%BA%E7%89%88%E7%A4%BE%209928c83dbb0947949034efce236fe3b8.md)
少年维特的烦恼,番茄 (Reading/Platform/%E7%95%AA%E8%8C%84%20bb113666fc9f49d1ad34f06fead7f835.md),歌德 (Reading/Author/%E6%AD%8C%E5%BE%B7%20e7d65d4b675d4d86947357b71ea52671.md),短篇 (Reading/Category/%E7%9F%AD%E7%AF%87%207cecd2c07ba6415e84f853878c8539bf.md),"November 29, 2023 11:28 AM",9787020104130,1,"July 27, 2024 11:31 AM",4.4,100,7,人民文学出版社 (Reading/Publisher/%E4%BA%BA%E6%B0%91%E6%96%87%E5%AD%A6%E5%87%BA%E7%89%88%E7%A4%BE%208f33d507688c4765a90194e25a9bf0b7.md)
局外人,番茄 (Reading/Platform/%E7%95%AA%E8%8C%84%20bb113666fc9f49d1ad34f06fead7f835.md),加缪 (Reading/Author/%E5%8A%A0%E7%BC%AA%201a27669a7f7242aa9aa9338b45e172d3.md),长篇 (Reading/Category/%E9%95%BF%E7%AF%87%206b4e322679ec4c5e98aaa5526375f168.md),"November 29, 2023 11:29 AM",9787532778072,1,"October 18, 2025 1:55 PM",3.6,100,7,上海译文出版社 (Reading/Publisher/%E4%B8%8A%E6%B5%B7%E8%AF%91%E6%96%87%E5%87%BA%E7%89%88%E7%A4%BE%202678101fd9c841e58f199d01b6c00513.md)
包法利夫人,番茄 (Reading/Platform/%E7%95%AA%E8%8C%84%20bb113666fc9f49d1ad34f06fead7f835.md),福楼拜 (Reading/Author/%E7%A6%8F%E6%A5%BC%E6%8B%9C%20e7aa628316804a22abf1d04163fc1370.md),长篇 (Reading/Category/%E9%95%BF%E7%AF%87%206b4e322679ec4c5e98aaa5526375f168.md),"November 29, 2023 11:29 AM",9787020104499,1,"July 27, 2024 11:29 AM",3.59,100,10,人民文学出版社 (Reading/Publisher/%E4%BA%BA%E6%B0%91%E6%96%87%E5%AD%A6%E5%87%BA%E7%89%88%E7%A4%BE%208f33d507688c4765a90194e25a9bf0b7.md)
警世通言,番茄 (Reading/Platform/%E7%95%AA%E8%8C%84%20bb113666fc9f49d1ad34f06fead7f835.md),冯梦龙 (Reading/Author/%E5%86%AF%E6%A2%A6%E9%BE%99%20f570a28de715412f9148af1a39de3142.md),"短篇 (Reading/Category/%E7%9F%AD%E7%AF%87%207cecd2c07ba6415e84f853878c8539bf.md), 经典 (Reading/Category/%E7%BB%8F%E5%85%B8%20e210ce3838764a44bf39c141b13e0070.md)","November 29, 2023 4:16 PM",9787508074979,1,"August 28, 2024 2:19 PM",1,,,华夏出版社 (Reading/Publisher/%E5%8D%8E%E5%A4%8F%E5%87%BA%E7%89%88%E7%A4%BE%202bb2b6637048483fbbc3bd7e61ed3443.md)
醒世恒言,番茄 (Reading/Platform/%E7%95%AA%E8%8C%84%20bb113666fc9f49d1ad34f06fead7f835.md),冯梦龙 (Reading/Author/%E5%86%AF%E6%A2%A6%E9%BE%99%20f570a28de715412f9148af1a39de3142.md),"短篇 (Reading/Category/%E7%9F%AD%E7%AF%87%207cecd2c07ba6415e84f853878c8539bf.md), 经典 (Reading/Category/%E7%BB%8F%E5%85%B8%20e210ce3838764a44bf39c141b13e0070.md)","November 29, 2023 4:25 PM",9787508075044,1,"August 28, 2024 2:20 PM",0.7,,,华夏出版社 (Reading/Publisher/%E5%8D%8E%E5%A4%8F%E5%87%BA%E7%89%88%E7%A4%BE%202bb2b6637048483fbbc3bd7e61ed3443.md)
初刻拍案惊奇,番茄 (Reading/Platform/%E7%95%AA%E8%8C%84%20bb113666fc9f49d1ad34f06fead7f835.md),凌濛初 (Reading/Author/%E5%87%8C%E6%BF%9B%E5%88%9D%207b2b9f0c64a24ca5ab1122cd152734c8.md),"短篇 (Reading/Category/%E7%9F%AD%E7%AF%87%207cecd2c07ba6415e84f853878c8539bf.md), 经典 (Reading/Category/%E7%BB%8F%E5%85%B8%20e210ce3838764a44bf39c141b13e0070.md)","November 29, 2023 4:26 PM",9787508074924,1,"August 28, 2024 2:21 PM",1.1,,,华夏出版社 (Reading/Publisher/%E5%8D%8E%E5%A4%8F%E5%87%BA%E7%89%88%E7%A4%BE%202bb2b6637048483fbbc3bd7e61ed3443.md)
儒林外史,番茄 (Reading/Platform/%E7%95%AA%E8%8C%84%20bb113666fc9f49d1ad34f06fead7f835.md),吴敬梓 (Reading/Author/%E5%90%B4%E6%95%AC%E6%A2%93%20759b5a64021f45c69f7d988f3bf252c9.md),"长篇 (Reading/Category/%E9%95%BF%E7%AF%87%206b4e322679ec4c5e98aaa5526375f168.md), 经典 (Reading/Category/%E7%BB%8F%E5%85%B8%20e210ce3838764a44bf39c141b13e0070.md)","November 29, 2023 8:30 PM",9787508074948,1,"August 28, 2024 2:26 PM",2.1,,,华夏出版社 (Reading/Publisher/%E5%8D%8E%E5%A4%8F%E5%87%BA%E7%89%88%E7%A4%BE%202bb2b6637048483fbbc3bd7e61ed3443.md)
城南旧事,番茄 (Reading/Platform/%E7%95%AA%E8%8C%84%20bb113666fc9f49d1ad34f06fead7f835.md),林海音 (Reading/Author/%E6%9E%97%E6%B5%B7%E9%9F%B3%20324a772d5bcf4f67ab007f6ca654ee05.md),"短篇 (Reading/Category/%E7%9F%AD%E7%AF%87%207cecd2c07ba6415e84f853878c8539bf.md), 散文 (Reading/Category/%E6%95%A3%E6%96%87%20d94c81dc272b4510b64387a9402d125c.md)","November 29, 2023 9:07 PM",9787554611227,0.5,"August 5, 2024 11:20 AM",1.8,100,10,"古吴轩出版社 (Reading/Publisher/%E5%8F%A4%E5%90%B4%E8%BD%A9%E5%87%BA%E7%89%88%E7%A4%BE%2073aded6269c149eda87297ff69af2570.md), 文通天下 (Reading/Publisher/%E6%96%87%E9%80%9A%E5%A4%A9%E4%B8%8B%205f67af132abe47d6a646d1e70c640713.md)"
镜花缘,番茄 (Reading/Platform/%E7%95%AA%E8%8C%84%20bb113666fc9f49d1ad34f06fead7f835.md),李汝珍 (Reading/Author/%E6%9D%8E%E6%B1%9D%E7%8F%8D%2064aec08c6fb844408f382cc3bace293e.md),"长篇 (Reading/Category/%E9%95%BF%E7%AF%87%206b4e322679ec4c5e98aaa5526375f168.md), 经典 (Reading/Category/%E7%BB%8F%E5%85%B8%20e210ce3838764a44bf39c141b13e0070.md)","November 30, 2023 10:35 AM",9787508074917,1,"August 28, 2024 2:45 PM",2.1,,,华夏出版社 (Reading/Publisher/%E5%8D%8E%E5%A4%8F%E5%87%BA%E7%89%88%E7%A4%BE%202bb2b6637048483fbbc3bd7e61ed3443.md)
海子诗集,番茄 (Reading/Platform/%E7%95%AA%E8%8C%84%20bb113666fc9f49d1ad34f06fead7f835.md),海子 (Reading/Author/%E6%B5%B7%E5%AD%90%202dc6c286b88049359db787a7e6d81993.md),诗歌 (Reading/Category/%E8%AF%97%E6%AD%8C%206d14d7489136407a8593422aa182b379.md),"December 1, 2023 10:45 AM",9787555295778,1,"August 20, 2024 9:28 PM",0.7,100,10,青岛出版社 (Reading/Publisher/%E9%9D%92%E5%B2%9B%E5%87%BA%E7%89%88%E7%A4%BE%20214e8aa6b0914b0088f12281396c8688.md)
东周列国志,番茄 (Reading/Platform/%E7%95%AA%E8%8C%84%20bb113666fc9f49d1ad34f06fead7f835.md),冯梦龙 (Reading/Author/%E5%86%AF%E6%A2%A6%E9%BE%99%20f570a28de715412f9148af1a39de3142.md),"长篇 (Reading/Category/%E9%95%BF%E7%AF%87%206b4e322679ec4c5e98aaa5526375f168.md), 经典 (Reading/Category/%E7%BB%8F%E5%85%B8%20e210ce3838764a44bf39c141b13e0070.md)","December 1, 2023 10:50 AM",9787519020958,1,"August 28, 2024 2:18 PM",3.1,,,中国文联出版社 (Reading/Publisher/%E4%B8%AD%E5%9B%BD%E6%96%87%E8%81%94%E5%87%BA%E7%89%88%E7%A4%BE%20733311d93c8a47daa5115bac2c978824.md)
聊斋志异,番茄 (Reading/Platform/%E7%95%AA%E8%8C%84%20bb113666fc9f49d1ad34f06fead7f835.md),蒲松龄 (Reading/Author/%E8%92%B2%E6%9D%BE%E9%BE%84%203e4fe62392a9460899aab755f86df03c.md),"短篇 (Reading/Category/%E7%9F%AD%E7%AF%87%207cecd2c07ba6415e84f853878c8539bf.md), 经典 (Reading/Category/%E7%BB%8F%E5%85%B8%20e210ce3838764a44bf39c141b13e0070.md)","December 1, 2023 10:54 AM",9787508075020,1,"August 28, 2024 3:07 PM",0.01,,,华夏出版社 (Reading/Publisher/%E5%8D%8E%E5%A4%8F%E5%87%BA%E7%89%88%E7%A4%BE%202bb2b6637048483fbbc3bd7e61ed3443.md)
一九八四,番茄 (Reading/Platform/%E7%95%AA%E8%8C%84%20bb113666fc9f49d1ad34f06fead7f835.md),乔治·奥威尔 (Reading/Author/%E4%B9%94%E6%B2%BB%C2%B7%E5%A5%A5%E5%A8%81%E5%B0%94%2093e05f3b2dcc4ad0b9f91e93ae9c7b8b.md),长篇 (Reading/Category/%E9%95%BF%E7%AF%87%206b4e322679ec4c5e98aaa5526375f168.md),"December 1, 2023 10:56 AM",9787532778034,1,"July 27, 2024 11:35 AM",1.9,,,上海译文出版社 (Reading/Publisher/%E4%B8%8A%E6%B5%B7%E8%AF%91%E6%96%87%E5%87%BA%E7%89%88%E7%A4%BE%202678101fd9c841e58f199d01b6c00513.md)
缘缘堂随笔,番茄 (Reading/Platform/%E7%95%AA%E8%8C%84%20bb113666fc9f49d1ad34f06fead7f835.md),丰子恺 (Reading/Author/%E4%B8%B0%E5%AD%90%E6%81%BA%20ab347db71af14c8985f36b1c7b60d8b5.md),散文 (Reading/Category/%E6%95%A3%E6%96%87%20d94c81dc272b4510b64387a9402d125c.md),"December 1, 2023 11:42 AM",9787214193346,1,"July 27, 2024 10:00 PM",4,,,江苏人民出版社 (Reading/Publisher/%E6%B1%9F%E8%8B%8F%E4%BA%BA%E6%B0%91%E5%87%BA%E7%89%88%E7%A4%BE%205b03ce66f695401183dbd4620883f53c.md)
悉达多,番茄 (Reading/Platform/%E7%95%AA%E8%8C%84%20bb113666fc9f49d1ad34f06fead7f835.md),黑塞 (Reading/Author/%E9%BB%91%E5%A1%9E%208c8570d151ef455f9d6b9be0804ce1c0.md),长篇 (Reading/Category/%E9%95%BF%E7%AF%87%206b4e322679ec4c5e98aaa5526375f168.md),"December 1, 2023 11:44 AM",9787201112695,1,"September 27, 2025 3:48 PM",0.01,100,7,"天津人民出版社 (Reading/Publisher/%E5%A4%A9%E6%B4%A5%E4%BA%BA%E6%B0%91%E5%87%BA%E7%89%88%E7%A4%BE%2043eaef3726f04adeaecbdeaad42fe66b.md), 果麦 (Reading/Publisher/%E6%9E%9C%E9%BA%A6%20eab69198a3ab4d18839c72f592c9c46b.md)"
人类群星闪耀时,番茄 (Reading/Platform/%E7%95%AA%E8%8C%84%20bb113666fc9f49d1ad34f06fead7f835.md),茨威格 (Reading/Author/%E8%8C%A8%E5%A8%81%E6%A0%BC%200f25776e017f4d36b31ba4257f4ebaa9.md),历史 (Reading/Category/%E5%8E%86%E5%8F%B2%201a0d5f76b6ef49c08c573167fa6554dc.md),"December 3, 2023 6:12 PM",9787514611854,1,"July 27, 2024 11:31 AM",0.6,100,6,中国画报出版社 (Reading/Publisher/%E4%B8%AD%E5%9B%BD%E7%94%BB%E6%8A%A5%E5%87%BA%E7%89%88%E7%A4%BE%20985a8380c4e24e459be879ed339b6f3e.md)
搜神记,番茄 (Reading/Platform/%E7%95%AA%E8%8C%84%20bb113666fc9f49d1ad34f06fead7f835.md),干宝 (Reading/Author/%E5%B9%B2%E5%AE%9D%20e7de266b19004918b0acbcb76e33f46b.md),"小品 (Reading/Category/%E5%B0%8F%E5%93%81%2037e0b2be8e6a4a0b89b27c594bf9cff6.md), 经典 (Reading/Category/%E7%BB%8F%E5%85%B8%20e210ce3838764a44bf39c141b13e0070.md)","December 3, 2023 6:14 PM",9787554617724,1,"August 1, 2024 7:54 PM",2.9,,,"古吴轩出版社 (Reading/Publisher/%E5%8F%A4%E5%90%B4%E8%BD%A9%E5%87%BA%E7%89%88%E7%A4%BE%2073aded6269c149eda87297ff69af2570.md), 竹石 (Reading/Publisher/%E7%AB%B9%E7%9F%B3%2084e2576df5ff459e8c711d870da4e261.md)"
东京梦华录,番茄 (Reading/Platform/%E7%95%AA%E8%8C%84%20bb113666fc9f49d1ad34f06fead7f835.md),孟元老 (Reading/Author/%E5%AD%9F%E5%85%83%E8%80%81%2098eb9b7f9c624356b9f6669261fff1ea.md),"小品 (Reading/Category/%E5%B0%8F%E5%93%81%2037e0b2be8e6a4a0b89b27c594bf9cff6.md), 经典 (Reading/Category/%E7%BB%8F%E5%85%B8%20e210ce3838764a44bf39c141b13e0070.md)","December 3, 2023 6:15 PM",9787554618806,1,"August 28, 2024 2:36 PM",3.9,,,"古吴轩出版社 (Reading/Publisher/%E5%8F%A4%E5%90%B4%E8%BD%A9%E5%87%BA%E7%89%88%E7%A4%BE%2073aded6269c149eda87297ff69af2570.md), 竹石 (Reading/Publisher/%E7%AB%B9%E7%9F%B3%2084e2576df5ff459e8c711d870da4e261.md)"
老残游记,番茄 (Reading/Platform/%E7%95%AA%E8%8C%84%20bb113666fc9f49d1ad34f06fead7f835.md),刘鹗 (Reading/Author/%E5%88%98%E9%B9%97%20bd25e46628364c559a354e12e297746c.md),"长篇 (Reading/Category/%E9%95%BF%E7%AF%87%206b4e322679ec4c5e98aaa5526375f168.md), 经典 (Reading/Category/%E7%BB%8F%E5%85%B8%20e210ce3838764a44bf39c141b13e0070.md)","December 3, 2023 6:15 PM",9787554615416,1,"July 27, 2024 11:37 AM",2.9,,,古吴轩出版社 (Reading/Publisher/%E5%8F%A4%E5%90%B4%E8%BD%A9%E5%87%BA%E7%89%88%E7%A4%BE%2073aded6269c149eda87297ff69af2570.md)
西西弗神话,番茄 (Reading/Platform/%E7%95%AA%E8%8C%84%20bb113666fc9f49d1ad34f06fead7f835.md),加缪 (Reading/Author/%E5%8A%A0%E7%BC%AA%201a27669a7f7242aa9aa9338b45e172d3.md),长篇 (Reading/Category/%E9%95%BF%E7%AF%87%206b4e322679ec4c5e98aaa5526375f168.md),"December 3, 2023 6:15 PM",9787532775859,1,"August 28, 2024 2:24 PM",5.49,,,上海译文出版社 (Reading/Publisher/%E4%B8%8A%E6%B5%B7%E8%AF%91%E6%96%87%E5%87%BA%E7%89%88%E7%A4%BE%202678101fd9c841e58f199d01b6c00513.md)
生死场（售出）,番茄 (Reading/Platform/%E7%95%AA%E8%8C%84%20bb113666fc9f49d1ad34f06fead7f835.md),萧红 (Reading/Author/%E8%90%A7%E7%BA%A2%20a765fc21cc7a4c10a6c1afd8b15e175c.md),长篇 (Reading/Category/%E9%95%BF%E7%AF%87%206b4e322679ec4c5e98aaa5526375f168.md),"December 3, 2023 6:15 PM",9787519026110,0.5,"October 13, 2025 3:27 PM",-0.4,-1,8,中国文联出版社 (Reading/Publisher/%E4%B8%AD%E5%9B%BD%E6%96%87%E8%81%94%E5%87%BA%E7%89%88%E7%A4%BE%20733311d93c8a47daa5115bac2c978824.md)
瓦尔登湖（售出）,番茄 (Reading/Platform/%E7%95%AA%E8%8C%84%20bb113666fc9f49d1ad34f06fead7f835.md),梭罗 (Reading/Author/%E6%A2%AD%E7%BD%97%20939e86a407124afdba2dca800f9b028c.md),长篇 (Reading/Category/%E9%95%BF%E7%AF%87%206b4e322679ec4c5e98aaa5526375f168.md),"December 3, 2023 6:15 PM",9787511372901,0,"January 17, 2025 9:27 AM",-5.8,-1,,中国华侨出版社 (Reading/Publisher/%E4%B8%AD%E5%9B%BD%E5%8D%8E%E4%BE%A8%E5%87%BA%E7%89%88%E7%A4%BE%202fe0dbdda44f43f78910cc6ad3efdc38.md)
动物农场,番茄 (Reading/Platform/%E7%95%AA%E8%8C%84%20bb113666fc9f49d1ad34f06fead7f835.md),乔治·奥威尔 (Reading/Author/%E4%B9%94%E6%B2%BB%C2%B7%E5%A5%A5%E5%A8%81%E5%B0%94%2093e05f3b2dcc4ad0b9f91e93ae9c7b8b.md),长篇 (Reading/Category/%E9%95%BF%E7%AF%87%206b4e322679ec4c5e98aaa5526375f168.md),"December 3, 2023 6:15 PM",9787532751457,1,"July 27, 2024 11:35 AM",5.7,,,上海译文出版社 (Reading/Publisher/%E4%B8%8A%E6%B5%B7%E8%AF%91%E6%96%87%E5%87%BA%E7%89%88%E7%A4%BE%202678101fd9c841e58f199d01b6c00513.md)
局外人,番茄 (Reading/Platform/%E7%95%AA%E8%8C%84%20bb113666fc9f49d1ad34f06fead7f835.md),加缪 (Reading/Author/%E5%8A%A0%E7%BC%AA%201a27669a7f7242aa9aa9338b45e172d3.md),长篇 (Reading/Category/%E9%95%BF%E7%AF%87%206b4e322679ec4c5e98aaa5526375f168.md),"December 3, 2023 6:15 PM",9787532751471,1,"August 28, 2024 2:22 PM",3.93,,,上海译文出版社 (Reading/Publisher/%E4%B8%8A%E6%B5%B7%E8%AF%91%E6%96%87%E5%87%BA%E7%89%88%E7%A4%BE%202678101fd9c841e58f199d01b6c00513.md)
新月集,番茄 (Reading/Platform/%E7%95%AA%E8%8C%84%20bb113666fc9f49d1ad34f06fead7f835.md),泰戈尔 (Reading/Author/%E6%B3%B0%E6%88%88%E5%B0%94%20063a09746adc4051913684dc8eb9f377.md),诗歌 (Reading/Category/%E8%AF%97%E6%AD%8C%206d14d7489136407a8593422aa182b379.md),"December 3, 2023 6:15 PM",9787511037909,0,"July 27, 2024 11:41 AM",0.01,,,
小王子,番茄 (Reading/Platform/%E7%95%AA%E8%8C%84%20bb113666fc9f49d1ad34f06fead7f835.md),埃克苏佩里 (Reading/Author/%E5%9F%83%E5%85%8B%E8%8B%8F%E4%BD%A9%E9%87%8C%20a750df4f717d4b1bb59945fcd650deb6.md),长篇 (Reading/Category/%E9%95%BF%E7%AF%87%206b4e322679ec4c5e98aaa5526375f168.md),"December 3, 2023 6:15 PM",9787511037930,0,"July 27, 2024 11:38 AM",0.7,,,
茶馆（售出）,番茄 (Reading/Platform/%E7%95%AA%E8%8C%84%20bb113666fc9f49d1ad34f06fead7f835.md),老舍 (Reading/Author/%E8%80%81%E8%88%8D%20bddbf030fe444ed7bfa585aae1b19b29.md),戏剧 (Reading/Category/%E6%88%8F%E5%89%A7%20e786d4f51d774802a89bd5322357426f.md),"December 3, 2023 6:16 PM",9787511378835,0,"January 17, 2025 9:27 AM",1.5,-1,,中国华侨出版社 (Reading/Publisher/%E4%B8%AD%E5%9B%BD%E5%8D%8E%E4%BE%A8%E5%87%BA%E7%89%88%E7%A4%BE%202fe0dbdda44f43f78910cc6ad3efdc38.md)
我这一辈子（售出）,番茄 (Reading/Platform/%E7%95%AA%E8%8C%84%20bb113666fc9f49d1ad34f06fead7f835.md),老舍 (Reading/Author/%E8%80%81%E8%88%8D%20bddbf030fe444ed7bfa585aae1b19b29.md),短篇 (Reading/Category/%E7%9F%AD%E7%AF%87%207cecd2c07ba6415e84f853878c8539bf.md),"December 3, 2023 6:16 PM",9787511378989,0.3,"March 22, 2025 10:32 AM",0.99,-1,10,中国华侨出版社 (Reading/Publisher/%E4%B8%AD%E5%9B%BD%E5%8D%8E%E4%BE%A8%E5%87%BA%E7%89%88%E7%A4%BE%202fe0dbdda44f43f78910cc6ad3efdc38.md)
茶花女,番茄 (Reading/Platform/%E7%95%AA%E8%8C%84%20bb113666fc9f49d1ad34f06fead7f835.md),小仲马 (Reading/Author/%E5%B0%8F%E4%BB%B2%E9%A9%AC%202f9c469d30bd4288865c8cd0ef0129ce.md),长篇 (Reading/Category/%E9%95%BF%E7%AF%87%206b4e322679ec4c5e98aaa5526375f168.md),"December 3, 2023 6:16 PM",9787532751235,1,"July 27, 2024 11:29 AM",3.1,100,9,上海译文出版社 (Reading/Publisher/%E4%B8%8A%E6%B5%B7%E8%AF%91%E6%96%87%E5%87%BA%E7%89%88%E7%A4%BE%202678101fd9c841e58f199d01b6c00513.md)
伤心咖啡馆之歌（售出）,番茄 (Reading/Platform/%E7%95%AA%E8%8C%84%20bb113666fc9f49d1ad34f06fead7f835.md),卡森·麦卡勒斯 (Reading/Author/%E5%8D%A1%E6%A3%AE%C2%B7%E9%BA%A6%E5%8D%A1%E5%8B%92%E6%96%AF%20759a2350de5b4ae58a56a7dad5d11320.md),长篇 (Reading/Category/%E9%95%BF%E7%AF%87%206b4e322679ec4c5e98aaa5526375f168.md),"December 3, 2023 6:16 PM",9787540247652,0.1,"March 28, 2025 9:37 AM",0.94,-1,5,"北京燕山出版社 (Reading/Publisher/%E5%8C%97%E4%BA%AC%E7%87%95%E5%B1%B1%E5%87%BA%E7%89%88%E7%A4%BE%20c4af9675fc2740d6a4e5f62e410e95a0.md), 天下智慧 (Reading/Publisher/%E5%A4%A9%E4%B8%8B%E6%99%BA%E6%85%A7%202daea614235d449898278cd6a5bd5424.md)"
志摩的诗,番茄 (Reading/Platform/%E7%95%AA%E8%8C%84%20bb113666fc9f49d1ad34f06fead7f835.md),徐志摩 (Reading/Author/%E5%BE%90%E5%BF%97%E6%91%A9%206be71f5599804e4ca0137d989fe41be2.md),诗歌 (Reading/Category/%E8%AF%97%E6%AD%8C%206d14d7489136407a8593422aa182b379.md),"December 3, 2023 6:16 PM",9787513919661,0.9,"March 9, 2025 9:19 PM",0.01,,,民主与建设出版社 (Reading/Publisher/%E6%B0%91%E4%B8%BB%E4%B8%8E%E5%BB%BA%E8%AE%BE%E5%87%BA%E7%89%88%E7%A4%BE%20dff3b09d8cdd4c5a8ac858e66e8c6685.md)
谈修养（售出）,番茄 (Reading/Platform/%E7%95%AA%E8%8C%84%20bb113666fc9f49d1ad34f06fead7f835.md),朱光潜 (Reading/Author/%E6%9C%B1%E5%85%89%E6%BD%9C%20a73e02d1e906477da7bbf65e1230cf87.md),社科 (Reading/Category/%E7%A4%BE%E7%A7%91%208329bdf601ac465ca4e46a05103e22c7.md),"December 4, 2023 9:53 AM",9787214234247,0,"July 27, 2024 11:35 AM",-2.19,-1,,
万历十五年,番茄 (Reading/Platform/%E7%95%AA%E8%8C%84%20bb113666fc9f49d1ad34f06fead7f835.md),黄仁宇 (Reading/Author/%E9%BB%84%E4%BB%81%E5%AE%87%20d0dca7b13e4647d987846ef230f19015.md),历史 (Reading/Category/%E5%8E%86%E5%8F%B2%201a0d5f76b6ef49c08c573167fa6554dc.md),"December 4, 2023 2:07 PM",9787108009821,1,"July 27, 2024 9:44 PM",0.01,,,生活·读书·新知三联书店 (Reading/Publisher/%E7%94%9F%E6%B4%BB%C2%B7%E8%AF%BB%E4%B9%A6%C2%B7%E6%96%B0%E7%9F%A5%E4%B8%89%E8%81%94%E4%B9%A6%E5%BA%97%20bff057dbdeb44d178d8b7071482927c2.md)
牛虻（售出）,番茄 (Reading/Platform/%E7%95%AA%E8%8C%84%20bb113666fc9f49d1ad34f06fead7f835.md),伏尼契 (Reading/Author/%E4%BC%8F%E5%B0%BC%E5%A5%91%200038b10e57524309b29330670f070705.md),长篇 (Reading/Category/%E9%95%BF%E7%AF%87%206b4e322679ec4c5e98aaa5526375f168.md),"December 4, 2023 2:37 PM",9787213105890,0.6,"March 19, 2025 12:22 PM",-7.59,-1,8,"浙江人民出版社 (Reading/Publisher/%E6%B5%99%E6%B1%9F%E4%BA%BA%E6%B0%91%E5%87%BA%E7%89%88%E7%A4%BE%207b42c60237334975a9097b786260b4c8.md), 磨铁 (Reading/Publisher/%E7%A3%A8%E9%93%81%2099d26a5f51864c42832c80424c1f3761.md)"
局外人,番茄 (Reading/Platform/%E7%95%AA%E8%8C%84%20bb113666fc9f49d1ad34f06fead7f835.md),加缪 (Reading/Author/%E5%8A%A0%E7%BC%AA%201a27669a7f7242aa9aa9338b45e172d3.md),长篇 (Reading/Category/%E9%95%BF%E7%AF%87%206b4e322679ec4c5e98aaa5526375f168.md),"December 5, 2023 4:58 PM",9787514613506,0,"October 18, 2025 1:50 PM",0.01,,,中国画报出版社 (Reading/Publisher/%E4%B8%AD%E5%9B%BD%E7%94%BB%E6%8A%A5%E5%87%BA%E7%89%88%E7%A4%BE%20985a8380c4e24e459be879ed339b6f3e.md)
羊脂球（售出）,番茄 (Reading/Platform/%E7%95%AA%E8%8C%84%20bb113666fc9f49d1ad34f06fead7f835.md),莫泊桑 (Reading/Author/%E8%8E%AB%E6%B3%8A%E6%A1%91%20388d41d770fc4725964364198c9f6a2c.md),短篇 (Reading/Category/%E7%9F%AD%E7%AF%87%207cecd2c07ba6415e84f853878c8539bf.md),"December 5, 2023 4:59 PM",9787559465221,0.6,"March 19, 2025 12:23 PM",-3.99,-1,8,"江苏凤凰文艺出版社 (Reading/Publisher/%E6%B1%9F%E8%8B%8F%E5%87%A4%E5%87%B0%E6%96%87%E8%89%BA%E5%87%BA%E7%89%88%E7%A4%BE%20c8d25beea53f4e9cb4dedb1c88e052bb.md), 磨铁 (Reading/Publisher/%E7%A3%A8%E9%93%81%2099d26a5f51864c42832c80424c1f3761.md)"
八月之光（售出）,番茄 (Reading/Platform/%E7%95%AA%E8%8C%84%20bb113666fc9f49d1ad34f06fead7f835.md),福克纳 (Reading/Author/%E7%A6%8F%E5%85%8B%E7%BA%B3%20c0293ecc669348bd95d39e1358e2986b.md),长篇 (Reading/Category/%E9%95%BF%E7%AF%87%206b4e322679ec4c5e98aaa5526375f168.md),"December 5, 2023 5:00 PM",9787531736950,0,"March 22, 2025 10:33 AM",0.01,-1,,北方文艺出版社 (Reading/Publisher/%E5%8C%97%E6%96%B9%E6%96%87%E8%89%BA%E5%87%BA%E7%89%88%E7%A4%BE%2093a5305f9f1f4263b0cad211bc19720f.md)
格林童话（售出）,番茄 (Reading/Platform/%E7%95%AA%E8%8C%84%20bb113666fc9f49d1ad34f06fead7f835.md),格林兄弟 (Reading/Author/%E6%A0%BC%E6%9E%97%E5%85%84%E5%BC%9F%2065b7bbbc589a45c2a90f6b48556dc364.md),短篇 (Reading/Category/%E7%9F%AD%E7%AF%87%207cecd2c07ba6415e84f853878c8539bf.md),"December 5, 2023 6:46 PM",9787514604702,0,"July 27, 2024 11:40 AM",-4.99,-1,,
给青年的十二封信（售出）,番茄 (Reading/Platform/%E7%95%AA%E8%8C%84%20bb113666fc9f49d1ad34f06fead7f835.md),朱光潜 (Reading/Author/%E6%9C%B1%E5%85%89%E6%BD%9C%20a73e02d1e906477da7bbf65e1230cf87.md),社科 (Reading/Category/%E7%A4%BE%E7%A7%91%208329bdf601ac465ca4e46a05103e22c7.md),"December 6, 2023 6:58 PM",9787214226525,0,"July 27, 2024 11:35 AM",-1.6,-1,,
罗生门（售出）,番茄 (Reading/Platform/%E7%95%AA%E8%8C%84%20bb113666fc9f49d1ad34f06fead7f835.md),芥川龙之介 (Reading/Author/%E8%8A%A5%E5%B7%9D%E9%BE%99%E4%B9%8B%E4%BB%8B%20726180c7e92a43da84869c25a7d90615.md),短篇 (Reading/Category/%E7%9F%AD%E7%AF%87%207cecd2c07ba6415e84f853878c8539bf.md),"December 6, 2023 6:59 PM",9787546383934,0,"January 17, 2025 11:25 AM",0.01,-1,,吉林出版集团 (Reading/Publisher/%E5%90%89%E6%9E%97%E5%87%BA%E7%89%88%E9%9B%86%E5%9B%A2%20735a867d5032439db7ca417c8e19e903.md)
罗密欧与朱丽叶,番茄 (Reading/Platform/%E7%95%AA%E8%8C%84%20bb113666fc9f49d1ad34f06fead7f835.md),莎士比亚 (Reading/Author/%E8%8E%8E%E5%A3%AB%E6%AF%94%E4%BA%9A%209bc284ad369843a1aeaa0a7a2be34f6b.md),戏剧 (Reading/Category/%E6%88%8F%E5%89%A7%20e786d4f51d774802a89bd5322357426f.md),"December 6, 2023 7:00 PM",9787521218305,1,"August 28, 2024 3:06 PM",0.01,,,作家出版社 (Reading/Publisher/%E4%BD%9C%E5%AE%B6%E5%87%BA%E7%89%88%E7%A4%BE%20f7a0e637f1214e3f924512bbe55247b8.md)
格林童话（售出）,番茄 (Reading/Platform/%E7%95%AA%E8%8C%84%20bb113666fc9f49d1ad34f06fead7f835.md),格林兄弟 (Reading/Author/%E6%A0%BC%E6%9E%97%E5%85%84%E5%BC%9F%2065b7bbbc589a45c2a90f6b48556dc364.md),短篇 (Reading/Category/%E7%9F%AD%E7%AF%87%207cecd2c07ba6415e84f853878c8539bf.md),"December 7, 2023 6:30 PM",9787511725424,0,"January 17, 2025 9:27 AM",-9.9,-1,,中央编译出版社 (Reading/Publisher/%E4%B8%AD%E5%A4%AE%E7%BC%96%E8%AF%91%E5%87%BA%E7%89%88%E7%A4%BE%201652895c29a14119a795cb013332cd08.md)
吴康民论时政（售出）,番茄 (Reading/Platform/%E7%95%AA%E8%8C%84%20bb113666fc9f49d1ad34f06fead7f835.md),吴康民 (Reading/Author/%E5%90%B4%E5%BA%B7%E6%B0%91%20d7f7fe1bf9084c6d86670f59c2483599.md),社科 (Reading/Category/%E7%A4%BE%E7%A7%91%208329bdf601ac465ca4e46a05103e22c7.md),"December 7, 2023 6:32 PM",9787511704894,0,"July 27, 2024 11:34 AM",-4.89,-1,,中央编译出版社 (Reading/Publisher/%E4%B8%AD%E5%A4%AE%E7%BC%96%E8%AF%91%E5%87%BA%E7%89%88%E7%A4%BE%201652895c29a14119a795cb013332cd08.md)
海底两万里（售出）,番茄 (Reading/Platform/%E7%95%AA%E8%8C%84%20bb113666fc9f49d1ad34f06fead7f835.md),凡尔纳 (Reading/Author/%E5%87%A1%E5%B0%94%E7%BA%B3%20bb837287703e4f4ead7ffb503f1ff67e.md),长篇 (Reading/Category/%E9%95%BF%E7%AF%87%206b4e322679ec4c5e98aaa5526375f168.md),"December 7, 2023 6:33 PM",9787511724724,0,"January 17, 2025 9:27 AM",-9.9,-1,,中央编译出版社 (Reading/Publisher/%E4%B8%AD%E5%A4%AE%E7%BC%96%E8%AF%91%E5%87%BA%E7%89%88%E7%A4%BE%201652895c29a14119a795cb013332cd08.md)
擦肩而过,番茄 (Reading/Platform/%E7%95%AA%E8%8C%84%20bb113666fc9f49d1ad34f06fead7f835.md),普埃尔托拉斯 (Reading/Author/%E6%99%AE%E5%9F%83%E5%B0%94%E6%89%98%E6%8B%89%E6%96%AF%206679567aa510456aad25644fd0c06647.md),长篇 (Reading/Category/%E9%95%BF%E7%AF%87%206b4e322679ec4c5e98aaa5526375f168.md),"December 7, 2023 6:34 PM",9787511726803,1,"August 28, 2024 2:51 PM",1,,,中央编译出版社 (Reading/Publisher/%E4%B8%AD%E5%A4%AE%E7%BC%96%E8%AF%91%E5%87%BA%E7%89%88%E7%A4%BE%201652895c29a14119a795cb013332cd08.md)
一千零一夜（售出）,番茄 (Reading/Platform/%E7%95%AA%E8%8C%84%20bb113666fc9f49d1ad34f06fead7f835.md),其它 (Reading/Author/%E5%85%B6%E5%AE%83%20562b510967874f97ae9a82328b0fd99a.md),短篇 (Reading/Category/%E7%9F%AD%E7%AF%87%207cecd2c07ba6415e84f853878c8539bf.md),"December 8, 2023 2:56 PM",9787511724663,0,"January 17, 2025 9:26 AM",-9.9,-1,,中央编译出版社 (Reading/Publisher/%E4%B8%AD%E5%A4%AE%E7%BC%96%E8%AF%91%E5%87%BA%E7%89%88%E7%A4%BE%201652895c29a14119a795cb013332cd08.md)
快乐王子（售出）,番茄 (Reading/Platform/%E7%95%AA%E8%8C%84%20bb113666fc9f49d1ad34f06fead7f835.md),王尔德 (Reading/Author/%E7%8E%8B%E5%B0%94%E5%BE%B7%20b52aafe66fbc45ccaf3a84b652b16931.md),长篇 (Reading/Category/%E9%95%BF%E7%AF%87%206b4e322679ec4c5e98aaa5526375f168.md),"December 8, 2023 2:57 PM",9787511726421,0,"January 17, 2025 9:26 AM",-9.9,-1,,中央编译出版社 (Reading/Publisher/%E4%B8%AD%E5%A4%AE%E7%BC%96%E8%AF%91%E5%87%BA%E7%89%88%E7%A4%BE%201652895c29a14119a795cb013332cd08.md)
草原新娘,番茄 (Reading/Platform/%E7%95%AA%E8%8C%84%20bb113666fc9f49d1ad34f06fead7f835.md),纪伯伦 (Reading/Author/%E7%BA%AA%E4%BC%AF%E4%BC%A6%204a7dba30584e4174b0116879de2de67d.md),长篇 (Reading/Category/%E9%95%BF%E7%AF%87%206b4e322679ec4c5e98aaa5526375f168.md),"December 8, 2023 2:59 PM",9787511709530,1,"July 27, 2024 11:42 AM",0.01,,,中央编译出版社 (Reading/Publisher/%E4%B8%AD%E5%A4%AE%E7%BC%96%E8%AF%91%E5%87%BA%E7%89%88%E7%A4%BE%201652895c29a14119a795cb013332cd08.md)
暴风雨,番茄 (Reading/Platform/%E7%95%AA%E8%8C%84%20bb113666fc9f49d1ad34f06fead7f835.md),纪伯伦 (Reading/Author/%E7%BA%AA%E4%BC%AF%E4%BC%A6%204a7dba30584e4174b0116879de2de67d.md),长篇 (Reading/Category/%E9%95%BF%E7%AF%87%206b4e322679ec4c5e98aaa5526375f168.md),"December 8, 2023 3:01 PM",9787511709554,1,"July 27, 2024 11:42 AM",0.01,,,中央编译出版社 (Reading/Publisher/%E4%B8%AD%E5%A4%AE%E7%BC%96%E8%AF%91%E5%87%BA%E7%89%88%E7%A4%BE%201652895c29a14119a795cb013332cd08.md)
人子耶稣（售出）,番茄 (Reading/Platform/%E7%95%AA%E8%8C%84%20bb113666fc9f49d1ad34f06fead7f835.md),纪伯伦 (Reading/Author/%E7%BA%AA%E4%BC%AF%E4%BC%A6%204a7dba30584e4174b0116879de2de67d.md),长篇 (Reading/Category/%E9%95%BF%E7%AF%87%206b4e322679ec4c5e98aaa5526375f168.md),"December 8, 2023 3:02 PM",9787511709585,0,"July 27, 2024 11:35 AM",-9.05,-1,,中央编译出版社 (Reading/Publisher/%E4%B8%AD%E5%A4%AE%E7%BC%96%E8%AF%91%E5%87%BA%E7%89%88%E7%A4%BE%201652895c29a14119a795cb013332cd08.md)
汤姆叔叔的小屋（售出）,番茄 (Reading/Platform/%E7%95%AA%E8%8C%84%20bb113666fc9f49d1ad34f06fead7f835.md),斯托夫人 (Reading/Author/%E6%96%AF%E6%89%98%E5%A4%AB%E4%BA%BA%206ffd4c215d0144d7b07edd2099d41699.md),长篇 (Reading/Category/%E9%95%BF%E7%AF%87%206b4e322679ec4c5e98aaa5526375f168.md),"December 9, 2023 2:38 PM",9787511725448,0,"January 17, 2025 9:26 AM",-9.9,-1,,中央编译出版社 (Reading/Publisher/%E4%B8%AD%E5%A4%AE%E7%BC%96%E8%AF%91%E5%87%BA%E7%89%88%E7%A4%BE%201652895c29a14119a795cb013332cd08.md)
安徒生童话（售出）,番茄 (Reading/Platform/%E7%95%AA%E8%8C%84%20bb113666fc9f49d1ad34f06fead7f835.md),安徒生 (Reading/Author/%E5%AE%89%E5%BE%92%E7%94%9F%207bedd0351c904d16b1ff1a77abc9e045.md),短篇 (Reading/Category/%E7%9F%AD%E7%AF%87%207cecd2c07ba6415e84f853878c8539bf.md),"December 9, 2023 2:40 PM",9787511725431,0,"January 17, 2025 9:26 AM",-9.9,-1,,中央编译出版社 (Reading/Publisher/%E4%B8%AD%E5%A4%AE%E7%BC%96%E8%AF%91%E5%87%BA%E7%89%88%E7%A4%BE%201652895c29a14119a795cb013332cd08.md)
智慧书（售出）,番茄 (Reading/Platform/%E7%95%AA%E8%8C%84%20bb113666fc9f49d1ad34f06fead7f835.md),葛拉西安 (Reading/Author/%E8%91%9B%E6%8B%89%E8%A5%BF%E5%AE%89%20917eadd2295748a4967236a71983f238.md),社科 (Reading/Category/%E7%A4%BE%E7%A7%91%208329bdf601ac465ca4e46a05103e22c7.md),"December 9, 2023 2:41 PM",9787802118539,0,"January 17, 2025 9:26 AM",-9.9,-1,,中央编译出版社 (Reading/Publisher/%E4%B8%AD%E5%A4%AE%E7%BC%96%E8%AF%91%E5%87%BA%E7%89%88%E7%A4%BE%201652895c29a14119a795cb013332cd08.md)
海底两万里,番茄 (Reading/Platform/%E7%95%AA%E8%8C%84%20bb113666fc9f49d1ad34f06fead7f835.md),凡尔纳 (Reading/Author/%E5%87%A1%E5%B0%94%E7%BA%B3%20bb837287703e4f4ead7ffb503f1ff67e.md),"外文 (Reading/Category/%E5%A4%96%E6%96%87%209d998eb9ebca4a3a8f93914ca6aea230.md), 长篇 (Reading/Category/%E9%95%BF%E7%AF%87%206b4e322679ec4c5e98aaa5526375f168.md)","December 10, 2023 7:35 PM",9787802119543,1,"August 15, 2024 5:11 PM",0.01,,,中央编译出版社 (Reading/Publisher/%E4%B8%AD%E5%A4%AE%E7%BC%96%E8%AF%91%E5%87%BA%E7%89%88%E7%A4%BE%201652895c29a14119a795cb013332cd08.md)
茶花女（售出）,番茄 (Reading/Platform/%E7%95%AA%E8%8C%84%20bb113666fc9f49d1ad34f06fead7f835.md),小仲马 (Reading/Author/%E5%B0%8F%E4%BB%B2%E9%A9%AC%202f9c469d30bd4288865c8cd0ef0129ce.md),长篇 (Reading/Category/%E9%95%BF%E7%AF%87%206b4e322679ec4c5e98aaa5526375f168.md),"December 10, 2023 7:44 PM",9787511724717,0,"July 27, 2024 11:34 AM",-2.39,-1,,中央编译出版社 (Reading/Publisher/%E4%B8%AD%E5%A4%AE%E7%BC%96%E8%AF%91%E5%87%BA%E7%89%88%E7%A4%BE%201652895c29a14119a795cb013332cd08.md)
八十天环游地球（售出）,番茄 (Reading/Platform/%E7%95%AA%E8%8C%84%20bb113666fc9f49d1ad34f06fead7f835.md),凡尔纳 (Reading/Author/%E5%87%A1%E5%B0%94%E7%BA%B3%20bb837287703e4f4ead7ffb503f1ff67e.md),长篇 (Reading/Category/%E9%95%BF%E7%AF%87%206b4e322679ec4c5e98aaa5526375f168.md),"December 10, 2023 8:54 PM",9787511724700,0,"January 17, 2025 9:25 AM",-9.9,-1,,中央编译出版社 (Reading/Publisher/%E4%B8%AD%E5%A4%AE%E7%BC%96%E8%AF%91%E5%87%BA%E7%89%88%E7%A4%BE%201652895c29a14119a795cb013332cd08.md)
水孩子（售出）,番茄 (Reading/Platform/%E7%95%AA%E8%8C%84%20bb113666fc9f49d1ad34f06fead7f835.md),金斯利 (Reading/Author/%E9%87%91%E6%96%AF%E5%88%A9%2044358a786b0e4bab87ce5b66c7953449.md),长篇 (Reading/Category/%E9%95%BF%E7%AF%87%206b4e322679ec4c5e98aaa5526375f168.md),"December 10, 2023 8:55 PM",9787511726186,0,"January 17, 2025 9:25 AM",-9.9,-1,,中央编译出版社 (Reading/Publisher/%E4%B8%AD%E5%A4%AE%E7%BC%96%E8%AF%91%E5%87%BA%E7%89%88%E7%A4%BE%201652895c29a14119a795cb013332cd08.md)
漫步遐想录（售出）,番茄 (Reading/Platform/%E7%95%AA%E8%8C%84%20bb113666fc9f49d1ad34f06fead7f835.md),卢梭 (Reading/Author/%E5%8D%A2%E6%A2%AD%200285e5f9b46c4e19913132833730d51c.md),散文 (Reading/Category/%E6%95%A3%E6%96%87%20d94c81dc272b4510b64387a9402d125c.md),"December 10, 2023 8:57 PM",9787511703767,0,"January 17, 2025 9:25 AM",-9.9,-1,,中央编译出版社 (Reading/Publisher/%E4%B8%AD%E5%A4%AE%E7%BC%96%E8%AF%91%E5%87%BA%E7%89%88%E7%A4%BE%201652895c29a14119a795cb013332cd08.md)
小公主,番茄 (Reading/Platform/%E7%95%AA%E8%8C%84%20bb113666fc9f49d1ad34f06fead7f835.md),伯内特夫人 (Reading/Author/%E4%BC%AF%E5%86%85%E7%89%B9%E5%A4%AB%E4%BA%BA%202347b7658f594c98b397c5cf88f2c68e.md),"外文 (Reading/Category/%E5%A4%96%E6%96%87%209d998eb9ebca4a3a8f93914ca6aea230.md), 长篇 (Reading/Category/%E9%95%BF%E7%AF%87%206b4e322679ec4c5e98aaa5526375f168.md)","December 12, 2023 4:01 PM",9787511722485,1,"August 15, 2024 5:11 PM",0.01,,,中央编译出版社 (Reading/Publisher/%E4%B8%AD%E5%A4%AE%E7%BC%96%E8%AF%91%E5%87%BA%E7%89%88%E7%A4%BE%201652895c29a14119a795cb013332cd08.md)
爱的教育（售出）,番茄 (Reading/Platform/%E7%95%AA%E8%8C%84%20bb113666fc9f49d1ad34f06fead7f835.md),亚米契斯 (Reading/Author/%E4%BA%9A%E7%B1%B3%E5%A5%91%E6%96%AF%209b7eb11285544e77ab1fba4f1676a1e0.md),长篇 (Reading/Category/%E9%95%BF%E7%AF%87%206b4e322679ec4c5e98aaa5526375f168.md),"December 13, 2023 8:30 PM",9787511724694,0,"January 17, 2025 9:25 AM",-9.9,-1,,中央编译出版社 (Reading/Publisher/%E4%B8%AD%E5%A4%AE%E7%BC%96%E8%AF%91%E5%87%BA%E7%89%88%E7%A4%BE%201652895c29a14119a795cb013332cd08.md)
冰钰谷（售出）,番茄 (Reading/Platform/%E7%95%AA%E8%8C%84%20bb113666fc9f49d1ad34f06fead7f835.md),其它 (Reading/Author/%E5%85%B6%E5%AE%83%20562b510967874f97ae9a82328b0fd99a.md),"长篇 (Reading/Category/%E9%95%BF%E7%AF%87%206b4e322679ec4c5e98aaa5526375f168.md), 流行 (Reading/Category/%E6%B5%81%E8%A1%8C%2006e2b73e68014533ace3c0eac10aeec7.md)","December 15, 2023 3:02 PM",9787511741035,0,"July 27, 2024 11:34 AM",-7.99,-1,,中央编译出版社 (Reading/Publisher/%E4%B8%AD%E5%A4%AE%E7%BC%96%E8%AF%91%E5%87%BA%E7%89%88%E7%A4%BE%201652895c29a14119a795cb013332cd08.md)
奇怪故事集（售出）,番茄 (Reading/Platform/%E7%95%AA%E8%8C%84%20bb113666fc9f49d1ad34f06fead7f835.md),其它 (Reading/Author/%E5%85%B6%E5%AE%83%20562b510967874f97ae9a82328b0fd99a.md),"长篇 (Reading/Category/%E9%95%BF%E7%AF%87%206b4e322679ec4c5e98aaa5526375f168.md), 流行 (Reading/Category/%E6%B5%81%E8%A1%8C%2006e2b73e68014533ace3c0eac10aeec7.md)","December 15, 2023 3:04 PM",9787511741073,0,"July 27, 2024 11:34 AM",-7.99,-1,,中央编译出版社 (Reading/Publisher/%E4%B8%AD%E5%A4%AE%E7%BC%96%E8%AF%91%E5%87%BA%E7%89%88%E7%A4%BE%201652895c29a14119a795cb013332cd08.md)
外星人钓鱼（售出）,番茄 (Reading/Platform/%E7%95%AA%E8%8C%84%20bb113666fc9f49d1ad34f06fead7f835.md),其它 (Reading/Author/%E5%85%B6%E5%AE%83%20562b510967874f97ae9a82328b0fd99a.md),"长篇 (Reading/Category/%E9%95%BF%E7%AF%87%206b4e322679ec4c5e98aaa5526375f168.md), 流行 (Reading/Category/%E6%B5%81%E8%A1%8C%2006e2b73e68014533ace3c0eac10aeec7.md)","December 15, 2023 3:05 PM",9787511741110,0,"July 27, 2024 11:34 AM",-7.99,-1,,中央编译出版社 (Reading/Publisher/%E4%B8%AD%E5%A4%AE%E7%BC%96%E8%AF%91%E5%87%BA%E7%89%88%E7%A4%BE%201652895c29a14119a795cb013332cd08.md)
少年美木（售出）,番茄 (Reading/Platform/%E7%95%AA%E8%8C%84%20bb113666fc9f49d1ad34f06fead7f835.md),其它 (Reading/Author/%E5%85%B6%E5%AE%83%20562b510967874f97ae9a82328b0fd99a.md),"长篇 (Reading/Category/%E9%95%BF%E7%AF%87%206b4e322679ec4c5e98aaa5526375f168.md), 流行 (Reading/Category/%E6%B5%81%E8%A1%8C%2006e2b73e68014533ace3c0eac10aeec7.md)","December 15, 2023 3:06 PM",9787511741080,0,"July 27, 2024 11:34 AM",-7.99,-1,,中央编译出版社 (Reading/Publisher/%E4%B8%AD%E5%A4%AE%E7%BC%96%E8%AF%91%E5%87%BA%E7%89%88%E7%A4%BE%201652895c29a14119a795cb013332cd08.md)
羽毛男孩（售出）,番茄 (Reading/Platform/%E7%95%AA%E8%8C%84%20bb113666fc9f49d1ad34f06fead7f835.md),其它 (Reading/Author/%E5%85%B6%E5%AE%83%20562b510967874f97ae9a82328b0fd99a.md),"长篇 (Reading/Category/%E9%95%BF%E7%AF%87%206b4e322679ec4c5e98aaa5526375f168.md), 流行 (Reading/Category/%E6%B5%81%E8%A1%8C%2006e2b73e68014533ace3c0eac10aeec7.md)","December 15, 2023 3:07 PM",9787511741127,0,"July 27, 2024 11:34 AM",-7.99,-1,,中央编译出版社 (Reading/Publisher/%E4%B8%AD%E5%A4%AE%E7%BC%96%E8%AF%91%E5%87%BA%E7%89%88%E7%A4%BE%201652895c29a14119a795cb013332cd08.md)
世界第一怪女孩（售出）,番茄 (Reading/Platform/%E7%95%AA%E8%8C%84%20bb113666fc9f49d1ad34f06fead7f835.md),其它 (Reading/Author/%E5%85%B6%E5%AE%83%20562b510967874f97ae9a82328b0fd99a.md),"长篇 (Reading/Category/%E9%95%BF%E7%AF%87%206b4e322679ec4c5e98aaa5526375f168.md), 流行 (Reading/Category/%E6%B5%81%E8%A1%8C%2006e2b73e68014533ace3c0eac10aeec7.md)","December 15, 2023 3:09 PM",9787511741103,0,"July 27, 2024 11:34 AM",-7.99,-1,,中央编译出版社 (Reading/Publisher/%E4%B8%AD%E5%A4%AE%E7%BC%96%E8%AF%91%E5%87%BA%E7%89%88%E7%A4%BE%201652895c29a14119a795cb013332cd08.md)
秋灯琐忆,番茄 (Reading/Platform/%E7%95%AA%E8%8C%84%20bb113666fc9f49d1ad34f06fead7f835.md),蒋坦 (Reading/Author/%E8%92%8B%E5%9D%A6%203301d151e9614b81b1d507ed5d3613be.md),"小品 (Reading/Category/%E5%B0%8F%E5%93%81%2037e0b2be8e6a4a0b89b27c594bf9cff6.md), 经典 (Reading/Category/%E7%BB%8F%E5%85%B8%20e210ce3838764a44bf39c141b13e0070.md)","December 15, 2023 3:10 PM",9787554620502,1,"July 27, 2024 11:43 AM",0.01,,,古吴轩出版社 (Reading/Publisher/%E5%8F%A4%E5%90%B4%E8%BD%A9%E5%87%BA%E7%89%88%E7%A4%BE%2073aded6269c149eda87297ff69af2570.md)
简•爱（售出）,番茄 (Reading/Platform/%E7%95%AA%E8%8C%84%20bb113666fc9f49d1ad34f06fead7f835.md),夏洛蒂·勃朗特 (Reading/Author/%E5%A4%8F%E6%B4%9B%E8%92%82%C2%B7%E5%8B%83%E6%9C%97%E7%89%B9%20112100a2d6be475888f8fe48b5f49e59.md),长篇 (Reading/Category/%E9%95%BF%E7%AF%87%206b4e322679ec4c5e98aaa5526375f168.md),"December 15, 2023 3:12 PM",9787544774666,0.5,"January 17, 2025 9:24 AM",-5.1,-1,8,译林出版社 (Reading/Publisher/%E8%AF%91%E6%9E%97%E5%87%BA%E7%89%88%E7%A4%BE%209928c83dbb0947949034efce236fe3b8.md)
变形记·城堡（售出）,番茄 (Reading/Platform/%E7%95%AA%E8%8C%84%20bb113666fc9f49d1ad34f06fead7f835.md),卡夫卡 (Reading/Author/%E5%8D%A1%E5%A4%AB%E5%8D%A1%20e23e0f36b6ca4315987d65077ea8e288.md),长篇 (Reading/Category/%E9%95%BF%E7%AF%87%206b4e322679ec4c5e98aaa5526375f168.md),"December 16, 2023 10:11 AM",9787544777292,0,"January 17, 2025 9:24 AM",-9.99,-1,,译林出版社 (Reading/Publisher/%E8%AF%91%E6%9E%97%E5%87%BA%E7%89%88%E7%A4%BE%209928c83dbb0947949034efce236fe3b8.md)
夜航船,番茄 (Reading/Platform/%E7%95%AA%E8%8C%84%20bb113666fc9f49d1ad34f06fead7f835.md),张岱 (Reading/Author/%E5%BC%A0%E5%B2%B1%202ded3d2cc63a4bbe801323dfcd7cc7ba.md),"小品 (Reading/Category/%E5%B0%8F%E5%93%81%2037e0b2be8e6a4a0b89b27c594bf9cff6.md), 经典 (Reading/Category/%E7%BB%8F%E5%85%B8%20e210ce3838764a44bf39c141b13e0070.md)","December 16, 2023 10:12 AM",9787554618097,1,"July 27, 2024 11:38 AM",0.9,,,"古吴轩出版社 (Reading/Publisher/%E5%8F%A4%E5%90%B4%E8%BD%A9%E5%87%BA%E7%89%88%E7%A4%BE%2073aded6269c149eda87297ff69af2570.md), 竹石 (Reading/Publisher/%E7%AB%B9%E7%9F%B3%2084e2576df5ff459e8c711d870da4e261.md)"
善念相伴花开似海,番茄 (Reading/Platform/%E7%95%AA%E8%8C%84%20bb113666fc9f49d1ad34f06fead7f835.md),其它 (Reading/Author/%E5%85%B6%E5%AE%83%20562b510967874f97ae9a82328b0fd99a.md),"散文 (Reading/Category/%E6%95%A3%E6%96%87%20d94c81dc272b4510b64387a9402d125c.md), 流行 (Reading/Category/%E6%B5%81%E8%A1%8C%2006e2b73e68014533ace3c0eac10aeec7.md)","December 16, 2023 10:13 AM",9787511731685,0,"July 27, 2024 11:36 AM",0.01,,,中央编译出版社 (Reading/Publisher/%E4%B8%AD%E5%A4%AE%E7%BC%96%E8%AF%91%E5%87%BA%E7%89%88%E7%A4%BE%201652895c29a14119a795cb013332cd08.md)
梦想于尘埃处绽放,番茄 (Reading/Platform/%E7%95%AA%E8%8C%84%20bb113666fc9f49d1ad34f06fead7f835.md),其它 (Reading/Author/%E5%85%B6%E5%AE%83%20562b510967874f97ae9a82328b0fd99a.md),"散文 (Reading/Category/%E6%95%A3%E6%96%87%20d94c81dc272b4510b64387a9402d125c.md), 流行 (Reading/Category/%E6%B5%81%E8%A1%8C%2006e2b73e68014533ace3c0eac10aeec7.md)","December 16, 2023 10:15 AM",9787511731647,0,"July 27, 2024 11:36 AM",0.01,,,中央编译出版社 (Reading/Publisher/%E4%B8%AD%E5%A4%AE%E7%BC%96%E8%AF%91%E5%87%BA%E7%89%88%E7%A4%BE%201652895c29a14119a795cb013332cd08.md)
高老头,番茄 (Reading/Platform/%E7%95%AA%E8%8C%84%20bb113666fc9f49d1ad34f06fead7f835.md),巴尔扎克 (Reading/Author/%E5%B7%B4%E5%B0%94%E6%89%8E%E5%85%8B%20f5dc47731b5a4cbd99f33a2d0fb8e527.md),长篇 (Reading/Category/%E9%95%BF%E7%AF%87%206b4e322679ec4c5e98aaa5526375f168.md),"December 17, 2023 8:28 PM",9787544768856,1,"July 27, 2024 11:29 AM",3.9,100,9,译林出版社 (Reading/Publisher/%E8%AF%91%E6%9E%97%E5%87%BA%E7%89%88%E7%A4%BE%209928c83dbb0947949034efce236fe3b8.md)
鬼谷子,番茄 (Reading/Platform/%E7%95%AA%E8%8C%84%20bb113666fc9f49d1ad34f06fead7f835.md),王诩 (Reading/Author/%E7%8E%8B%E8%AF%A9%204b2fb2cee7d044d1b6c66e8b65aaf5a2.md),"诸子 (Reading/Category/%E8%AF%B8%E5%AD%90%200dbc3ee6387344f2a2323a45695160df.md), 经典 (Reading/Category/%E7%BB%8F%E5%85%B8%20e210ce3838764a44bf39c141b13e0070.md)","December 17, 2023 8:29 PM",9787501584284,1,"July 27, 2024 9:42 PM",0.01,,,知识出版社 (Reading/Publisher/%E7%9F%A5%E8%AF%86%E5%87%BA%E7%89%88%E7%A4%BE%209da8cb8cf2394236a98ebc6d1764e0f5.md)
长生殿,番茄 (Reading/Platform/%E7%95%AA%E8%8C%84%20bb113666fc9f49d1ad34f06fead7f835.md),洪昇 (Reading/Author/%E6%B4%AA%E6%98%87%20636224d79c0443248afe4c735347701b.md),"戏剧 (Reading/Category/%E6%88%8F%E5%89%A7%20e786d4f51d774802a89bd5322357426f.md), 经典 (Reading/Category/%E7%BB%8F%E5%85%B8%20e210ce3838764a44bf39c141b13e0070.md)","December 17, 2023 8:31 PM",9787501584345,1,"July 27, 2024 9:42 PM",0.01,,,知识出版社 (Reading/Publisher/%E7%9F%A5%E8%AF%86%E5%87%BA%E7%89%88%E7%A4%BE%209da8cb8cf2394236a98ebc6d1764e0f5.md)
桃花扇,番茄 (Reading/Platform/%E7%95%AA%E8%8C%84%20bb113666fc9f49d1ad34f06fead7f835.md),孔尚任 (Reading/Author/%E5%AD%94%E5%B0%9A%E4%BB%BB%20e00c7b9dc3d345c6a496189a4b370feb.md),"戏剧 (Reading/Category/%E6%88%8F%E5%89%A7%20e786d4f51d774802a89bd5322357426f.md), 经典 (Reading/Category/%E7%BB%8F%E5%85%B8%20e210ce3838764a44bf39c141b13e0070.md)","December 18, 2023 5:11 PM",9787501584321,1,"August 28, 2024 2:35 PM",0.01,,,知识出版社 (Reading/Publisher/%E7%9F%A5%E8%AF%86%E5%87%BA%E7%89%88%E7%A4%BE%209da8cb8cf2394236a98ebc6d1764e0f5.md)
牡丹亭,番茄 (Reading/Platform/%E7%95%AA%E8%8C%84%20bb113666fc9f49d1ad34f06fead7f835.md),汤显祖 (Reading/Author/%E6%B1%A4%E6%98%BE%E7%A5%96%20a61e949847444c2f8bc59b981757a699.md),"戏剧 (Reading/Category/%E6%88%8F%E5%89%A7%20e786d4f51d774802a89bd5322357426f.md), 经典 (Reading/Category/%E7%BB%8F%E5%85%B8%20e210ce3838764a44bf39c141b13e0070.md)","December 18, 2023 5:13 PM",9787501584314,1,"July 27, 2024 9:42 PM",0.01,,,知识出版社 (Reading/Publisher/%E7%9F%A5%E8%AF%86%E5%87%BA%E7%89%88%E7%A4%BE%209da8cb8cf2394236a98ebc6d1764e0f5.md)
孽海花,番茄 (Reading/Platform/%E7%95%AA%E8%8C%84%20bb113666fc9f49d1ad34f06fead7f835.md),曾朴 (Reading/Author/%E6%9B%BE%E6%9C%B4%205ff5f5a23e3c4b009e2fb1fb6177cb78.md),"长篇 (Reading/Category/%E9%95%BF%E7%AF%87%206b4e322679ec4c5e98aaa5526375f168.md), 经典 (Reading/Category/%E7%BB%8F%E5%85%B8%20e210ce3838764a44bf39c141b13e0070.md)","December 18, 2023 5:13 PM",9787501584635,1,"August 28, 2024 2:49 PM",0.01,,,知识出版社 (Reading/Publisher/%E7%9F%A5%E8%AF%86%E5%87%BA%E7%89%88%E7%A4%BE%209da8cb8cf2394236a98ebc6d1764e0f5.md)
食爱而肥,番茄 (Reading/Platform/%E7%95%AA%E8%8C%84%20bb113666fc9f49d1ad34f06fead7f835.md),其它 (Reading/Author/%E5%85%B6%E5%AE%83%20562b510967874f97ae9a82328b0fd99a.md),"长篇 (Reading/Category/%E9%95%BF%E7%AF%87%206b4e322679ec4c5e98aaa5526375f168.md), 流行 (Reading/Category/%E6%B5%81%E8%A1%8C%2006e2b73e68014533ace3c0eac10aeec7.md)","December 20, 2023 10:47 AM",9787555266600,0,"July 27, 2024 11:37 AM",0.01,,,
杨绛传,番茄 (Reading/Platform/%E7%95%AA%E8%8C%84%20bb113666fc9f49d1ad34f06fead7f835.md),其它 (Reading/Author/%E5%85%B6%E5%AE%83%20562b510967874f97ae9a82328b0fd99a.md),传记 (Reading/Category/%E4%BC%A0%E8%AE%B0%20d20abb37fd72446d93c2f8215c227319.md),"December 20, 2023 10:49 AM",9787513927079,0,"July 27, 2024 11:36 AM",0.01,,,
奇迹唱片行,番茄 (Reading/Platform/%E7%95%AA%E8%8C%84%20bb113666fc9f49d1ad34f06fead7f835.md),蕾秋·乔伊斯 (Reading/Author/%E8%95%BE%E7%A7%8B%C2%B7%E4%B9%94%E4%BC%8A%E6%96%AF%20749308bcae9c4582bd206c2106b3ea90.md),长篇 (Reading/Category/%E9%95%BF%E7%AF%87%206b4e322679ec4c5e98aaa5526375f168.md),"December 20, 2023 4:04 PM",9787559623515,1,"July 27, 2024 11:43 AM",0.01,,,"北京联合出版公司 (Reading/Publisher/%E5%8C%97%E4%BA%AC%E8%81%94%E5%90%88%E5%87%BA%E7%89%88%E5%85%AC%E5%8F%B8%20371c06c64a4f48e3932001ab121d7992.md), 磨铁 (Reading/Publisher/%E7%A3%A8%E9%93%81%2099d26a5f51864c42832c80424c1f3761.md)"
游击队员（售出）,番茄 (Reading/Platform/%E7%95%AA%E8%8C%84%20bb113666fc9f49d1ad34f06fead7f835.md),奈保尔 (Reading/Author/%E5%A5%88%E4%BF%9D%E5%B0%94%20a122682600f94bb29ffb070d448e7b0a.md),长篇 (Reading/Category/%E9%95%BF%E7%AF%87%206b4e322679ec4c5e98aaa5526375f168.md),"December 20, 2023 4:06 PM",9787544264655,0,"March 2, 2025 1:22 PM",-11.99,-1,,"南海出版公司 (Reading/Publisher/%E5%8D%97%E6%B5%B7%E5%87%BA%E7%89%88%E5%85%AC%E5%8F%B8%204fe082fe5df3417b86f2e33661900dde.md), 新经典 (Reading/Publisher/%E6%96%B0%E7%BB%8F%E5%85%B8%20248fc2414a2b41a8bc70dd326b9ca023.md)"
诉讼,番茄 (Reading/Platform/%E7%95%AA%E8%8C%84%20bb113666fc9f49d1ad34f06fead7f835.md),卡夫卡 (Reading/Author/%E5%8D%A1%E5%A4%AB%E5%8D%A1%20e23e0f36b6ca4315987d65077ea8e288.md),长篇 (Reading/Category/%E9%95%BF%E7%AF%87%206b4e322679ec4c5e98aaa5526375f168.md),"December 21, 2023 2:51 PM",9787511735492,1,"August 1, 2024 7:51 PM",3.9,,,中央编译出版社 (Reading/Publisher/%E4%B8%AD%E5%A4%AE%E7%BC%96%E8%AF%91%E5%87%BA%E7%89%88%E7%A4%BE%201652895c29a14119a795cb013332cd08.md)
我喜欢的样子你都有,番茄 (Reading/Platform/%E7%95%AA%E8%8C%84%20bb113666fc9f49d1ad34f06fead7f835.md),其它 (Reading/Author/%E5%85%B6%E5%AE%83%20562b510967874f97ae9a82328b0fd99a.md),"长篇 (Reading/Category/%E9%95%BF%E7%AF%87%206b4e322679ec4c5e98aaa5526375f168.md), 流行 (Reading/Category/%E6%B5%81%E8%A1%8C%2006e2b73e68014533ace3c0eac10aeec7.md)","December 21, 2023 2:52 PM",9787559404336,0,"July 27, 2024 11:36 AM",0.01,,,
变形记,番茄 (Reading/Platform/%E7%95%AA%E8%8C%84%20bb113666fc9f49d1ad34f06fead7f835.md),卡夫卡 (Reading/Author/%E5%8D%A1%E5%A4%AB%E5%8D%A1%20e23e0f36b6ca4315987d65077ea8e288.md),短篇 (Reading/Category/%E7%9F%AD%E7%AF%87%207cecd2c07ba6415e84f853878c8539bf.md),"December 23, 2023 2:25 PM",9787511735461,1,"September 20, 2025 1:13 PM",2,,,中央编译出版社 (Reading/Publisher/%E4%B8%AD%E5%A4%AE%E7%BC%96%E8%AF%91%E5%87%BA%E7%89%88%E7%A4%BE%201652895c29a14119a795cb013332cd08.md)
泪珠和欢笑,番茄 (Reading/Platform/%E7%95%AA%E8%8C%84%20bb113666fc9f49d1ad34f06fead7f835.md),纪伯伦 (Reading/Author/%E7%BA%AA%E4%BC%AF%E4%BC%A6%204a7dba30584e4174b0116879de2de67d.md),散文 (Reading/Category/%E6%95%A3%E6%96%87%20d94c81dc272b4510b64387a9402d125c.md),"December 23, 2023 2:26 PM",9787511709547,1,"July 27, 2024 11:42 AM",0.01,,,中央编译出版社 (Reading/Publisher/%E4%B8%AD%E5%A4%AE%E7%BC%96%E8%AF%91%E5%87%BA%E7%89%88%E7%A4%BE%201652895c29a14119a795cb013332cd08.md)
花间集精赏（售出）,番茄 (Reading/Platform/%E7%95%AA%E8%8C%84%20bb113666fc9f49d1ad34f06fead7f835.md),其它 (Reading/Author/%E5%85%B6%E5%AE%83%20562b510967874f97ae9a82328b0fd99a.md),"诗歌 (Reading/Category/%E8%AF%97%E6%AD%8C%206d14d7489136407a8593422aa182b379.md), 经典 (Reading/Category/%E7%BB%8F%E5%85%B8%20e210ce3838764a44bf39c141b13e0070.md)","December 23, 2023 2:28 PM",9787559636706,0,"January 17, 2025 9:24 AM",0.01,-1,,北京联合出版公司 (Reading/Publisher/%E5%8C%97%E4%BA%AC%E8%81%94%E5%90%88%E5%87%BA%E7%89%88%E5%85%AC%E5%8F%B8%20371c06c64a4f48e3932001ab121d7992.md)
长物志,番茄 (Reading/Platform/%E7%95%AA%E8%8C%84%20bb113666fc9f49d1ad34f06fead7f835.md),文震亨 (Reading/Author/%E6%96%87%E9%9C%87%E4%BA%A8%20a129b085a2ce421095699122b34c494e.md),"小品 (Reading/Category/%E5%B0%8F%E5%93%81%2037e0b2be8e6a4a0b89b27c594bf9cff6.md), 经典 (Reading/Category/%E7%BB%8F%E5%85%B8%20e210ce3838764a44bf39c141b13e0070.md)","December 23, 2023 2:29 PM",9787554617977,1,"July 27, 2024 11:39 AM",0.01,,,"古吴轩出版社 (Reading/Publisher/%E5%8F%A4%E5%90%B4%E8%BD%A9%E5%87%BA%E7%89%88%E7%A4%BE%2073aded6269c149eda87297ff69af2570.md), 竹石 (Reading/Publisher/%E7%AB%B9%E7%9F%B3%2084e2576df5ff459e8c711d870da4e261.md)"
谈美,番茄 (Reading/Platform/%E7%95%AA%E8%8C%84%20bb113666fc9f49d1ad34f06fead7f835.md),朱光潜 (Reading/Author/%E6%9C%B1%E5%85%89%E6%BD%9C%20a73e02d1e906477da7bbf65e1230cf87.md),社科 (Reading/Category/%E7%A4%BE%E7%A7%91%208329bdf601ac465ca4e46a05103e22c7.md),"December 23, 2023 2:34 PM",9787547309858,1,"July 27, 2024 11:39 AM",0.21,,,东方出版中心 (Reading/Publisher/%E4%B8%9C%E6%96%B9%E5%87%BA%E7%89%88%E4%B8%AD%E5%BF%83%20b6c1598ca57f45debf06f953e448c5b1.md)
给青年的十二封信,番茄 (Reading/Platform/%E7%95%AA%E8%8C%84%20bb113666fc9f49d1ad34f06fead7f835.md),朱光潜 (Reading/Author/%E6%9C%B1%E5%85%89%E6%BD%9C%20a73e02d1e906477da7bbf65e1230cf87.md),社科 (Reading/Category/%E7%A4%BE%E7%A7%91%208329bdf601ac465ca4e46a05103e22c7.md),"December 23, 2023 2:36 PM",9787547309834,1,"July 27, 2024 11:39 AM",0.01,,,东方出版中心 (Reading/Publisher/%E4%B8%9C%E6%96%B9%E5%87%BA%E7%89%88%E4%B8%AD%E5%BF%83%20b6c1598ca57f45debf06f953e448c5b1.md)
大盂鼎铭文,番茄 (Reading/Platform/%E7%95%AA%E8%8C%84%20bb113666fc9f49d1ad34f06fead7f835.md),其它 (Reading/Author/%E5%85%B6%E5%AE%83%20562b510967874f97ae9a82328b0fd99a.md),书帖 (Reading/Category/%E4%B9%A6%E5%B8%96%2034c3d5939f7a413aae1ef49a2c09d725.md),"December 23, 2023 2:37 PM",9787501045716,0,"July 27, 2024 11:36 AM",0.01,,,文物出版社 (Reading/Publisher/%E6%96%87%E7%89%A9%E5%87%BA%E7%89%88%E7%A4%BE%20ddeb9059b8dc4613bd0febc3c2e5a109.md)
元赵孟頫书妙严寺记（售出）,番茄 (Reading/Platform/%E7%95%AA%E8%8C%84%20bb113666fc9f49d1ad34f06fead7f835.md),赵孟頫 (Reading/Author/%E8%B5%B5%E5%AD%9F%E9%A0%AB%20fc594ef097ab4a45a30e235a4fe67a90.md),书帖 (Reading/Category/%E4%B9%A6%E5%B8%96%2034c3d5939f7a413aae1ef49a2c09d725.md),"December 23, 2023 2:38 PM",9787501007103,0,"September 27, 2025 3:40 PM",-9.08,-1,,文物出版社 (Reading/Publisher/%E6%96%87%E7%89%A9%E5%87%BA%E7%89%88%E7%A4%BE%20ddeb9059b8dc4613bd0febc3c2e5a109.md)
明文征明西苑诗,番茄 (Reading/Platform/%E7%95%AA%E8%8C%84%20bb113666fc9f49d1ad34f06fead7f835.md),文征明 (Reading/Author/%E6%96%87%E5%BE%81%E6%98%8E%20b4cbc698823b4f74b8a4c8566cfb5eb6.md),书帖 (Reading/Category/%E4%B9%A6%E5%B8%96%2034c3d5939f7a413aae1ef49a2c09d725.md),"December 23, 2023 2:39 PM",9787501009930,0,"July 27, 2024 11:39 AM",0.01,,,文物出版社 (Reading/Publisher/%E6%96%87%E7%89%A9%E5%87%BA%E7%89%88%E7%A4%BE%20ddeb9059b8dc4613bd0febc3c2e5a109.md)
唐张旭书古诗四帖,番茄 (Reading/Platform/%E7%95%AA%E8%8C%84%20bb113666fc9f49d1ad34f06fead7f835.md),张旭 (Reading/Author/%E5%BC%A0%E6%97%AD%20b4546c8f451f4e05a565bee47ede3138.md),书帖 (Reading/Category/%E4%B9%A6%E5%B8%96%2034c3d5939f7a413aae1ef49a2c09d725.md),"December 23, 2023 2:40 PM",9787501003297,0,"July 27, 2024 11:38 AM",0.01,,,文物出版社 (Reading/Publisher/%E6%96%87%E7%89%A9%E5%87%BA%E7%89%88%E7%A4%BE%20ddeb9059b8dc4613bd0febc3c2e5a109.md)
小窗幽记,番茄 (Reading/Platform/%E7%95%AA%E8%8C%84%20bb113666fc9f49d1ad34f06fead7f835.md),陈继儒 (Reading/Author/%E9%99%88%E7%BB%A7%E5%84%92%201092ba22778e4ea8b68eeb9d1436bc7b.md),"小品 (Reading/Category/%E5%B0%8F%E5%93%81%2037e0b2be8e6a4a0b89b27c594bf9cff6.md), 经典 (Reading/Category/%E7%BB%8F%E5%85%B8%20e210ce3838764a44bf39c141b13e0070.md)","December 23, 2023 9:48 PM",9787554615485,1,"July 27, 2024 9:43 PM",0.8,,,"古吴轩出版社 (Reading/Publisher/%E5%8F%A4%E5%90%B4%E8%BD%A9%E5%87%BA%E7%89%88%E7%A4%BE%2073aded6269c149eda87297ff69af2570.md), 竹石 (Reading/Publisher/%E7%AB%B9%E7%9F%B3%2084e2576df5ff459e8c711d870da4e261.md)"
城南旧事,番茄 (Reading/Platform/%E7%95%AA%E8%8C%84%20bb113666fc9f49d1ad34f06fead7f835.md),林海音 (Reading/Author/%E6%9E%97%E6%B5%B7%E9%9F%B3%20324a772d5bcf4f67ab007f6ca654ee05.md),长篇 (Reading/Category/%E9%95%BF%E7%AF%87%206b4e322679ec4c5e98aaa5526375f168.md),"December 25, 2023 3:43 PM",9787511378859,1,"July 27, 2024 11:40 AM",0.01,,,中国华侨出版社 (Reading/Publisher/%E4%B8%AD%E5%9B%BD%E5%8D%8E%E4%BE%A8%E5%87%BA%E7%89%88%E7%A4%BE%202fe0dbdda44f43f78910cc6ad3efdc38.md)
仲夏夜之梦,番茄 (Reading/Platform/%E7%95%AA%E8%8C%84%20bb113666fc9f49d1ad34f06fead7f835.md),莎士比亚 (Reading/Author/%E8%8E%8E%E5%A3%AB%E6%AF%94%E4%BA%9A%209bc284ad369843a1aeaa0a7a2be34f6b.md),戏剧 (Reading/Category/%E6%88%8F%E5%89%A7%20e786d4f51d774802a89bd5322357426f.md),"December 27, 2023 10:01 AM",9787506399678,1,"August 28, 2024 3:04 PM",6.51,,,作家出版社 (Reading/Publisher/%E4%BD%9C%E5%AE%B6%E5%87%BA%E7%89%88%E7%A4%BE%20f7a0e637f1214e3f924512bbe55247b8.md)
哈姆雷特,番茄 (Reading/Platform/%E7%95%AA%E8%8C%84%20bb113666fc9f49d1ad34f06fead7f835.md),莎士比亚 (Reading/Author/%E8%8E%8E%E5%A3%AB%E6%AF%94%E4%BA%9A%209bc284ad369843a1aeaa0a7a2be34f6b.md),戏剧 (Reading/Category/%E6%88%8F%E5%89%A7%20e786d4f51d774802a89bd5322357426f.md),"December 27, 2023 10:02 AM",9787506392464,1,"July 27, 2024 11:30 AM",5.48,100,9,作家出版社 (Reading/Publisher/%E4%BD%9C%E5%AE%B6%E5%87%BA%E7%89%88%E7%A4%BE%20f7a0e637f1214e3f924512bbe55247b8.md)
老人与海（售出）,番茄 (Reading/Platform/%E7%95%AA%E8%8C%84%20bb113666fc9f49d1ad34f06fead7f835.md),海明威 (Reading/Author/%E6%B5%B7%E6%98%8E%E5%A8%81%2012e96aac2aed42d7ab182fe4468d2677.md),短篇 (Reading/Category/%E7%9F%AD%E7%AF%87%207cecd2c07ba6415e84f853878c8539bf.md),"December 27, 2023 10:02 AM",9787511724670,0.5,"January 17, 2025 9:23 AM",-4.99,-1,7,中央编译出版社 (Reading/Publisher/%E4%B8%AD%E5%A4%AE%E7%BC%96%E8%AF%91%E5%87%BA%E7%89%88%E7%A4%BE%201652895c29a14119a795cb013332cd08.md)
鲁滨孙漂流记（售出）,番茄 (Reading/Platform/%E7%95%AA%E8%8C%84%20bb113666fc9f49d1ad34f06fead7f835.md),笛福 (Reading/Author/%E7%AC%9B%E7%A6%8F%20d1e9cdc276e7457cbd0f891085ffbcd8.md),长篇 (Reading/Category/%E9%95%BF%E7%AF%87%206b4e322679ec4c5e98aaa5526375f168.md),"December 27, 2023 10:02 AM",9787511724625,0.5,"January 17, 2025 9:23 AM",-4.99,-1,8,中央编译出版社 (Reading/Publisher/%E4%B8%AD%E5%A4%AE%E7%BC%96%E8%AF%91%E5%87%BA%E7%89%88%E7%A4%BE%201652895c29a14119a795cb013332cd08.md)
朝花夕拾（售出）,番茄 (Reading/Platform/%E7%95%AA%E8%8C%84%20bb113666fc9f49d1ad34f06fead7f835.md),鲁迅 (Reading/Author/%E9%B2%81%E8%BF%85%2019809c6ab49642a3a6a9786dd0e2b846.md),散文 (Reading/Category/%E6%95%A3%E6%96%87%20d94c81dc272b4510b64387a9402d125c.md),"December 27, 2023 11:09 AM",9787511037725,0,"January 17, 2025 9:23 AM",0.01,-1,,
父与子（售出）,番茄 (Reading/Platform/%E7%95%AA%E8%8C%84%20bb113666fc9f49d1ad34f06fead7f835.md),卜劳恩 (Reading/Author/%E5%8D%9C%E5%8A%B3%E6%81%A9%20438a28a2cb2b4b7da4f2aac5b24c7e4f.md),漫画 (Reading/Category/%E6%BC%AB%E7%94%BB%2001e06ea0b0a64b6db001964068722356.md),"December 27, 2023 11:10 AM",9787511245298,0,"July 27, 2024 11:34 AM",-3.99,-1,,
莎士比亚喜剧集,番茄 (Reading/Platform/%E7%95%AA%E8%8C%84%20bb113666fc9f49d1ad34f06fead7f835.md),莎士比亚 (Reading/Author/%E8%8E%8E%E5%A3%AB%E6%AF%94%E4%BA%9A%209bc284ad369843a1aeaa0a7a2be34f6b.md),戏剧 (Reading/Category/%E6%88%8F%E5%89%A7%20e786d4f51d774802a89bd5322357426f.md),"December 27, 2023 11:12 AM",9787511725417,1,"July 27, 2024 11:43 AM",4,,,中央编译出版社 (Reading/Publisher/%E4%B8%AD%E5%A4%AE%E7%BC%96%E8%AF%91%E5%87%BA%E7%89%88%E7%A4%BE%201652895c29a14119a795cb013332cd08.md)
莎士比亚悲剧集,番茄 (Reading/Platform/%E7%95%AA%E8%8C%84%20bb113666fc9f49d1ad34f06fead7f835.md),莎士比亚 (Reading/Author/%E8%8E%8E%E5%A3%AB%E6%AF%94%E4%BA%9A%209bc284ad369843a1aeaa0a7a2be34f6b.md),戏剧 (Reading/Category/%E6%88%8F%E5%89%A7%20e786d4f51d774802a89bd5322357426f.md),"December 27, 2023 11:12 AM",9787511725547,1,"July 27, 2024 11:43 AM",4,,,中央编译出版社 (Reading/Publisher/%E4%B8%AD%E5%A4%AE%E7%BC%96%E8%AF%91%E5%87%BA%E7%89%88%E7%A4%BE%201652895c29a14119a795cb013332cd08.md)
双城记（售出）,番茄 (Reading/Platform/%E7%95%AA%E8%8C%84%20bb113666fc9f49d1ad34f06fead7f835.md),狄更斯 (Reading/Author/%E7%8B%84%E6%9B%B4%E6%96%AF%20a1ebe919508448288ab0e3ed041ff1dd.md),长篇 (Reading/Category/%E9%95%BF%E7%AF%87%206b4e322679ec4c5e98aaa5526375f168.md),"December 29, 2023 3:26 PM",9787506379809,0.3,"January 17, 2025 9:23 AM",-5.01,-1,9,"作家出版社 (Reading/Publisher/%E4%BD%9C%E5%AE%B6%E5%87%BA%E7%89%88%E7%A4%BE%20f7a0e637f1214e3f924512bbe55247b8.md), 科文图书 (Reading/Publisher/%E7%A7%91%E6%96%87%E5%9B%BE%E4%B9%A6%205dde888283ee4526b64b4436fe289e2d.md)"
人生的智慧（售出）,番茄 (Reading/Platform/%E7%95%AA%E8%8C%84%20bb113666fc9f49d1ad34f06fead7f835.md),叔本华 (Reading/Author/%E5%8F%94%E6%9C%AC%E5%8D%8E%207bcb0c2ff8e64dfa86d5458339728b2e.md),社科 (Reading/Category/%E7%A4%BE%E7%A7%91%208329bdf601ac465ca4e46a05103e22c7.md),"January 1, 2024 1:13 PM",9787513926690,0,"July 27, 2024 11:34 AM",-3.52,-1,,
沙乡年鉴（售出）,番茄 (Reading/Platform/%E7%95%AA%E8%8C%84%20bb113666fc9f49d1ad34f06fead7f835.md),奥尔多·利奥波德 (Reading/Author/%E5%A5%A5%E5%B0%94%E5%A4%9A%C2%B7%E5%88%A9%E5%A5%A5%E6%B3%A2%E5%BE%B7%20a59dfac749754ed991e9b76db9679667.md),散文 (Reading/Category/%E6%95%A3%E6%96%87%20d94c81dc272b4510b64387a9402d125c.md),"January 1, 2024 1:13 PM",9787511376121,0,"January 17, 2025 9:22 AM",-5.92,-1,,中国华侨出版社 (Reading/Publisher/%E4%B8%AD%E5%9B%BD%E5%8D%8E%E4%BE%A8%E5%87%BA%E7%89%88%E7%A4%BE%202fe0dbdda44f43f78910cc6ad3efdc38.md)
人间失格（售出）,赠送 (Reading/Platform/%E8%B5%A0%E9%80%81%20455e7d509df3444ebf2c9c50269c654b.md),太宰治 (Reading/Author/%E5%A4%AA%E5%AE%B0%E6%B2%BB%20e4c1eb4c140946d6b2e80400c29beca7.md),短篇 (Reading/Category/%E7%9F%AD%E7%AF%87%207cecd2c07ba6415e84f853878c8539bf.md),"January 1, 2024 1:29 PM",9787506380263,0.3,"January 17, 2025 9:22 AM",-8,-1,6,"作家出版社 (Reading/Publisher/%E4%BD%9C%E5%AE%B6%E5%87%BA%E7%89%88%E7%A4%BE%20f7a0e637f1214e3f924512bbe55247b8.md), 科文图书 (Reading/Publisher/%E7%A7%91%E6%96%87%E5%9B%BE%E4%B9%A6%205dde888283ee4526b64b4436fe289e2d.md)"
我们仨,淘宝 (Reading/Platform/%E6%B7%98%E5%AE%9D%20c7f52ce2740b41f98aef55e4ce0688de.md),杨绛 (Reading/Author/%E6%9D%A8%E7%BB%9B%20d41fd254273a4270ad84b236a3f2e64b.md),传记 (Reading/Category/%E4%BC%A0%E8%AE%B0%20d20abb37fd72446d93c2f8215c227319.md),"January 1, 2024 1:30 PM",9787108042453,1,"July 27, 2024 11:31 AM",10,100,7,生活·读书·新知三联书店 (Reading/Publisher/%E7%94%9F%E6%B4%BB%C2%B7%E8%AF%BB%E4%B9%A6%C2%B7%E6%96%B0%E7%9F%A5%E4%B8%89%E8%81%94%E4%B9%A6%E5%BA%97%20bff057dbdeb44d178d8b7071482927c2.md)
哈姆雷特（售出）,番茄 (Reading/Platform/%E7%95%AA%E8%8C%84%20bb113666fc9f49d1ad34f06fead7f835.md),莎士比亚 (Reading/Author/%E8%8E%8E%E5%A3%AB%E6%AF%94%E4%BA%9A%209bc284ad369843a1aeaa0a7a2be34f6b.md),戏剧 (Reading/Category/%E6%88%8F%E5%89%A7%20e786d4f51d774802a89bd5322357426f.md),"January 1, 2024 1:39 PM",9787506392464,0,"August 27, 2024 9:46 AM",-2.2,-1,,作家出版社 (Reading/Publisher/%E4%BD%9C%E5%AE%B6%E5%87%BA%E7%89%88%E7%A4%BE%20f7a0e637f1214e3f924512bbe55247b8.md)
在最好的时光遇见你,番茄 (Reading/Platform/%E7%95%AA%E8%8C%84%20bb113666fc9f49d1ad34f06fead7f835.md),其它 (Reading/Author/%E5%85%B6%E5%AE%83%20562b510967874f97ae9a82328b0fd99a.md),"流行 (Reading/Category/%E6%B5%81%E8%A1%8C%2006e2b73e68014533ace3c0eac10aeec7.md), 长篇 (Reading/Category/%E9%95%BF%E7%AF%87%206b4e322679ec4c5e98aaa5526375f168.md)","January 1, 2024 7:55 PM",9787511377227,0,"July 27, 2024 11:36 AM",0.01,,,
新月集•飞鸟集（售出）,番茄 (Reading/Platform/%E7%95%AA%E8%8C%84%20bb113666fc9f49d1ad34f06fead7f835.md),泰戈尔 (Reading/Author/%E6%B3%B0%E6%88%88%E5%B0%94%20063a09746adc4051913684dc8eb9f377.md),诗歌 (Reading/Category/%E8%AF%97%E6%AD%8C%206d14d7489136407a8593422aa182b379.md),"January 2, 2024 9:12 PM",9787550265936,0,"March 28, 2025 9:41 AM",0.01,-1,,北京联合出版公司 (Reading/Publisher/%E5%8C%97%E4%BA%AC%E8%81%94%E5%90%88%E5%87%BA%E7%89%88%E5%85%AC%E5%8F%B8%20371c06c64a4f48e3932001ab121d7992.md)
幸福的红茶时光（售出）,番茄 (Reading/Platform/%E7%95%AA%E8%8C%84%20bb113666fc9f49d1ad34f06fead7f835.md),其它 (Reading/Author/%E5%85%B6%E5%AE%83%20562b510967874f97ae9a82328b0fd99a.md),流行 (Reading/Category/%E6%B5%81%E8%A1%8C%2006e2b73e68014533ace3c0eac10aeec7.md),"January 2, 2024 9:13 PM",9787559447975,0,"July 27, 2024 11:34 AM",-4.79,-1,,江苏凤凰文艺出版社 (Reading/Publisher/%E6%B1%9F%E8%8B%8F%E5%87%A4%E5%87%B0%E6%96%87%E8%89%BA%E5%87%BA%E7%89%88%E7%A4%BE%20c8d25beea53f4e9cb4dedb1c88e052bb.md)
茶经（售出）,番茄 (Reading/Platform/%E7%95%AA%E8%8C%84%20bb113666fc9f49d1ad34f06fead7f835.md),陆羽 (Reading/Author/%E9%99%86%E7%BE%BD%2070ec651d92e0494c9dc84f9964dcc11b.md),经典 (Reading/Category/%E7%BB%8F%E5%85%B8%20e210ce3838764a44bf39c141b13e0070.md),"January 2, 2024 9:14 PM",9787511373076,0,"August 27, 2024 9:43 AM",-3.19,-1,,中国华侨出版社 (Reading/Publisher/%E4%B8%AD%E5%9B%BD%E5%8D%8E%E4%BE%A8%E5%87%BA%E7%89%88%E7%A4%BE%202fe0dbdda44f43f78910cc6ad3efdc38.md)
为你读诗（售出）,番茄 (Reading/Platform/%E7%95%AA%E8%8C%84%20bb113666fc9f49d1ad34f06fead7f835.md),其它 (Reading/Author/%E5%85%B6%E5%AE%83%20562b510967874f97ae9a82328b0fd99a.md),诗歌 (Reading/Category/%E8%AF%97%E6%AD%8C%206d14d7489136407a8593422aa182b379.md),"January 4, 2024 5:28 PM",9787511380432,0,"July 27, 2024 11:34 AM",-0.49,-1,,
易经,番茄 (Reading/Platform/%E7%95%AA%E8%8C%84%20bb113666fc9f49d1ad34f06fead7f835.md),"伏羲 (Reading/Author/%E4%BC%8F%E7%BE%B2%203e771332c5734da6bc5a2cb36a52fd65.md), 姬昌 (Reading/Author/%E5%A7%AC%E6%98%8C%20220c037e3cf04b80bc17a241290e7ab8.md), 孔子 (Reading/Author/%E5%AD%94%E5%AD%90%2027d9bedf4e24428bb236344ca265513b.md)",经典 (Reading/Category/%E7%BB%8F%E5%85%B8%20e210ce3838764a44bf39c141b13e0070.md),"January 4, 2024 5:31 PM",9787516909263,0,"July 27, 2024 9:41 PM",0.01,,,华龄出版社 (Reading/Publisher/%E5%8D%8E%E9%BE%84%E5%87%BA%E7%89%88%E7%A4%BE%20928a8697249e4ea0b7fae7bed142aac2.md)
童年（售出）,番茄 (Reading/Platform/%E7%95%AA%E8%8C%84%20bb113666fc9f49d1ad34f06fead7f835.md),高尔基 (Reading/Author/%E9%AB%98%E5%B0%94%E5%9F%BA%20c9f53fe2defa45c89e6d62db1d43ac22.md),长篇 (Reading/Category/%E9%95%BF%E7%AF%87%206b4e322679ec4c5e98aaa5526375f168.md),"January 4, 2024 9:28 PM",9787511725356,0.3,"January 17, 2025 9:22 AM",-7.99,-1,9,中央编译出版社 (Reading/Publisher/%E4%B8%AD%E5%A4%AE%E7%BC%96%E8%AF%91%E5%87%BA%E7%89%88%E7%A4%BE%201652895c29a14119a795cb013332cd08.md)
张爱玲传,番茄 (Reading/Platform/%E7%95%AA%E8%8C%84%20bb113666fc9f49d1ad34f06fead7f835.md),其它 (Reading/Author/%E5%85%B6%E5%AE%83%20562b510967874f97ae9a82328b0fd99a.md),传记 (Reading/Category/%E4%BC%A0%E8%AE%B0%20d20abb37fd72446d93c2f8215c227319.md),"January 5, 2024 7:16 PM",9787511375155,0,"July 27, 2024 11:36 AM",0.01,,,
红楼梦诗词（售出）,番茄 (Reading/Platform/%E7%95%AA%E8%8C%84%20bb113666fc9f49d1ad34f06fead7f835.md),曹雪芹 (Reading/Author/%E6%9B%B9%E9%9B%AA%E8%8A%B9%20cd24cc8fc6ef4739b0249386e9a4b2a7.md),"诗歌 (Reading/Category/%E8%AF%97%E6%AD%8C%206d14d7489136407a8593422aa182b379.md), 经典 (Reading/Category/%E7%BB%8F%E5%85%B8%20e210ce3838764a44bf39c141b13e0070.md)","January 5, 2024 7:17 PM",9787511379337,0,"July 27, 2024 11:34 AM",-3.49,-1,,
林徽因传,番茄 (Reading/Platform/%E7%95%AA%E8%8C%84%20bb113666fc9f49d1ad34f06fead7f835.md),其它 (Reading/Author/%E5%85%B6%E5%AE%83%20562b510967874f97ae9a82328b0fd99a.md),传记 (Reading/Category/%E4%BC%A0%E8%AE%B0%20d20abb37fd72446d93c2f8215c227319.md),"January 5, 2024 8:14 PM",9787511371584,0,"July 27, 2024 11:36 AM",0.01,,,
人生非若春日蔷薇（售出）,番茄 (Reading/Platform/%E7%95%AA%E8%8C%84%20bb113666fc9f49d1ad34f06fead7f835.md),郁达夫 (Reading/Author/%E9%83%81%E8%BE%BE%E5%A4%AB%209c67bc1dff4f4885bab6e98d75382d5f.md),散文 (Reading/Category/%E6%95%A3%E6%96%87%20d94c81dc272b4510b64387a9402d125c.md),"January 8, 2024 1:06 PM",9787559610041,0,"March 19, 2025 12:24 PM",-2.29,-1,,北京联合出版公司 (Reading/Publisher/%E5%8C%97%E4%BA%AC%E8%81%94%E5%90%88%E5%87%BA%E7%89%88%E5%85%AC%E5%8F%B8%20371c06c64a4f48e3932001ab121d7992.md)
夜深朗读者（送出）,番茄 (Reading/Platform/%E7%95%AA%E8%8C%84%20bb113666fc9f49d1ad34f06fead7f835.md),其它 (Reading/Author/%E5%85%B6%E5%AE%83%20562b510967874f97ae9a82328b0fd99a.md),散文 (Reading/Category/%E6%95%A3%E6%96%87%20d94c81dc272b4510b64387a9402d125c.md),"January 8, 2024 1:07 PM",9787559623409,0,"August 23, 2025 11:56 AM",0.01,-1,,北京联合出版公司 (Reading/Publisher/%E5%8C%97%E4%BA%AC%E8%81%94%E5%90%88%E5%87%BA%E7%89%88%E5%85%AC%E5%8F%B8%20371c06c64a4f48e3932001ab121d7992.md)
爱眉小札,番茄 (Reading/Platform/%E7%95%AA%E8%8C%84%20bb113666fc9f49d1ad34f06fead7f835.md),徐志摩 (Reading/Author/%E5%BE%90%E5%BF%97%E6%91%A9%206be71f5599804e4ca0137d989fe41be2.md),散文 (Reading/Category/%E6%95%A3%E6%96%87%20d94c81dc272b4510b64387a9402d125c.md),"January 8, 2024 1:07 PM",9787511379269,0.9,"March 9, 2025 9:19 PM",0.01,,,中国华侨出版社 (Reading/Publisher/%E4%B8%AD%E5%9B%BD%E5%8D%8E%E4%BE%A8%E5%87%BA%E7%89%88%E7%A4%BE%202fe0dbdda44f43f78910cc6ad3efdc38.md)
中国书法一本通,番茄 (Reading/Platform/%E7%95%AA%E8%8C%84%20bb113666fc9f49d1ad34f06fead7f835.md),其它 (Reading/Author/%E5%85%B6%E5%AE%83%20562b510967874f97ae9a82328b0fd99a.md),书帖 (Reading/Category/%E4%B9%A6%E5%B8%96%2034c3d5939f7a413aae1ef49a2c09d725.md),"January 8, 2024 1:07 PM",9787540265472,0,"February 7, 2025 8:54 PM",0.01,100,6,北京燕山出版社 (Reading/Publisher/%E5%8C%97%E4%BA%AC%E7%87%95%E5%B1%B1%E5%87%BA%E7%89%88%E7%A4%BE%20c4af9675fc2740d6a4e5f62e410e95a0.md)
朱自清散文精选,番茄 (Reading/Platform/%E7%95%AA%E8%8C%84%20bb113666fc9f49d1ad34f06fead7f835.md),朱自清 (Reading/Author/%E6%9C%B1%E8%87%AA%E6%B8%85%20446209aad14f48e4af96ba9bf9bd295d.md),散文 (Reading/Category/%E6%95%A3%E6%96%87%20d94c81dc272b4510b64387a9402d125c.md),"January 8, 2024 1:07 PM",9787511371027,1,"July 27, 2024 11:39 AM",0.01,,,中国华侨出版社 (Reading/Publisher/%E4%B8%AD%E5%9B%BD%E5%8D%8E%E4%BE%A8%E5%87%BA%E7%89%88%E7%A4%BE%202fe0dbdda44f43f78910cc6ad3efdc38.md)
素书,番茄 (Reading/Platform/%E7%95%AA%E8%8C%84%20bb113666fc9f49d1ad34f06fead7f835.md),黄石公 (Reading/Author/%E9%BB%84%E7%9F%B3%E5%85%AC%20fb66450acc4843c1ae26fa177da346e4.md),经典 (Reading/Category/%E7%BB%8F%E5%85%B8%20e210ce3838764a44bf39c141b13e0070.md),"January 8, 2024 5:07 PM",9787516922835,0,"July 27, 2024 9:41 PM",0.01,,,华龄出版社 (Reading/Publisher/%E5%8D%8E%E9%BE%84%E5%87%BA%E7%89%88%E7%A4%BE%20928a8697249e4ea0b7fae7bed142aac2.md)
容忍与自由（售出）,番茄 (Reading/Platform/%E7%95%AA%E8%8C%84%20bb113666fc9f49d1ad34f06fead7f835.md),胡适 (Reading/Author/%E8%83%A1%E9%80%82%20cce3b92be3e94ec8ad2ae32bac57527f.md),社科 (Reading/Category/%E7%A4%BE%E7%A7%91%208329bdf601ac465ca4e46a05103e22c7.md),"January 8, 2024 5:08 PM",9787511383471,0.3,"January 17, 2025 9:21 AM",0.2,-1,10,中国华侨出版社 (Reading/Publisher/%E4%B8%AD%E5%9B%BD%E5%8D%8E%E4%BE%A8%E5%87%BA%E7%89%88%E7%A4%BE%202fe0dbdda44f43f78910cc6ad3efdc38.md)
三国演义（售出）,孔夫子 (Reading/Platform/%E5%AD%94%E5%A4%AB%E5%AD%90%20e9c2ade3c3594415ab366417a820055f.md),其它 (Reading/Author/%E5%85%B6%E5%AE%83%20562b510967874f97ae9a82328b0fd99a.md),漫画 (Reading/Category/%E6%BC%AB%E7%94%BB%2001e06ea0b0a64b6db001964068722356.md),"January 8, 2024 5:20 PM",9787532237354,0,"July 27, 2024 11:34 AM",0,-1,,
水浒传（售出）,孔夫子 (Reading/Platform/%E5%AD%94%E5%A4%AB%E5%AD%90%20e9c2ade3c3594415ab366417a820055f.md),其它 (Reading/Author/%E5%85%B6%E5%AE%83%20562b510967874f97ae9a82328b0fd99a.md),漫画 (Reading/Category/%E6%BC%AB%E7%94%BB%2001e06ea0b0a64b6db001964068722356.md),"January 8, 2024 5:20 PM",9787532237389,0,"July 27, 2024 11:34 AM",3,-1,,
红楼梦（售出）,孔夫子 (Reading/Platform/%E5%AD%94%E5%A4%AB%E5%AD%90%20e9c2ade3c3594415ab366417a820055f.md),其它 (Reading/Author/%E5%85%B6%E5%AE%83%20562b510967874f97ae9a82328b0fd99a.md),漫画 (Reading/Category/%E6%BC%AB%E7%94%BB%2001e06ea0b0a64b6db001964068722356.md),"January 8, 2024 5:20 PM",9787532237364,0,"July 27, 2024 11:34 AM",0,-1,,
西游记（售出）,孔夫子 (Reading/Platform/%E5%AD%94%E5%A4%AB%E5%AD%90%20e9c2ade3c3594415ab366417a820055f.md),其它 (Reading/Author/%E5%85%B6%E5%AE%83%20562b510967874f97ae9a82328b0fd99a.md),漫画 (Reading/Category/%E6%BC%AB%E7%94%BB%2001e06ea0b0a64b6db001964068722356.md),"January 8, 2024 5:20 PM",9787532237370,0,"July 27, 2024 11:34 AM",-1,-1,,
三毛流浪记,孔夫子 (Reading/Platform/%E5%AD%94%E5%A4%AB%E5%AD%90%20e9c2ade3c3594415ab366417a820055f.md),张乐平 (Reading/Author/%E5%BC%A0%E4%B9%90%E5%B9%B3%200afd1a33698f480aa12240d446d1b33f.md),漫画 (Reading/Category/%E6%BC%AB%E7%94%BB%2001e06ea0b0a64b6db001964068722356.md),"January 8, 2024 5:22 PM",9787532429180,0,"July 27, 2024 11:38 AM",3.5,,,
两汉文化研究（售出）,孔夫子 (Reading/Platform/%E5%AD%94%E5%A4%AB%E5%AD%90%20e9c2ade3c3594415ab366417a820055f.md),其它 (Reading/Author/%E5%85%B6%E5%AE%83%20562b510967874f97ae9a82328b0fd99a.md),历史 (Reading/Category/%E5%8E%86%E5%8F%B2%201a0d5f76b6ef49c08c573167fa6554dc.md),"January 8, 2024 5:22 PM",9787503914866,0,"July 27, 2024 11:34 AM",0.51,-1,,
千家诗,孔夫子 (Reading/Platform/%E5%AD%94%E5%A4%AB%E5%AD%90%20e9c2ade3c3594415ab366417a820055f.md),其它 (Reading/Author/%E5%85%B6%E5%AE%83%20562b510967874f97ae9a82328b0fd99a.md),"诗歌 (Reading/Category/%E8%AF%97%E6%AD%8C%206d14d7489136407a8593422aa182b379.md), 经典 (Reading/Category/%E7%BB%8F%E5%85%B8%20e210ce3838764a44bf39c141b13e0070.md)","January 8, 2024 5:22 PM",10103165,0,"July 27, 2024 11:36 AM",1,,,
唐诗三百首辞典,孔夫子 (Reading/Platform/%E5%AD%94%E5%A4%AB%E5%AD%90%20e9c2ade3c3594415ab366417a820055f.md),其它 (Reading/Author/%E5%85%B6%E5%AE%83%20562b510967874f97ae9a82328b0fd99a.md),"诗歌 (Reading/Category/%E8%AF%97%E6%AD%8C%206d14d7489136407a8593422aa182b379.md), 经典 (Reading/Category/%E7%BB%8F%E5%85%B8%20e210ce3838764a44bf39c141b13e0070.md)","January 8, 2024 5:23 PM",9787543203006,0,"July 27, 2024 11:36 AM",4,,,
中国古代史学史简编（售出）,孔夫子 (Reading/Platform/%E5%AD%94%E5%A4%AB%E5%AD%90%20e9c2ade3c3594415ab366417a820055f.md),其它 (Reading/Author/%E5%85%B6%E5%AE%83%20562b510967874f97ae9a82328b0fd99a.md),历史 (Reading/Category/%E5%8E%86%E5%8F%B2%201a0d5f76b6ef49c08c573167fa6554dc.md),"January 8, 2024 5:23 PM",1109393,0,"December 6, 2024 10:01 AM",-2.1,-1,,
中国当代文学（售出）,孔夫子 (Reading/Platform/%E5%AD%94%E5%A4%AB%E5%AD%90%20e9c2ade3c3594415ab366417a820055f.md),其它 (Reading/Author/%E5%85%B6%E5%AE%83%20562b510967874f97ae9a82328b0fd99a.md),社科 (Reading/Category/%E7%A4%BE%E7%A7%91%208329bdf601ac465ca4e46a05103e22c7.md),"January 8, 2024 5:23 PM",9787304019556,0,"July 27, 2024 11:34 AM",3.4,-1,,
唐诗鉴赏辞典（售出）,实体店 (Reading/Platform/%E5%AE%9E%E4%BD%93%E5%BA%97%205868c9fad9164dabbe7be33e9dce6f0f.md),其它 (Reading/Author/%E5%85%B6%E5%AE%83%20562b510967874f97ae9a82328b0fd99a.md),"诗歌 (Reading/Category/%E8%AF%97%E6%AD%8C%206d14d7489136407a8593422aa182b379.md), 经典 (Reading/Category/%E7%BB%8F%E5%85%B8%20e210ce3838764a44bf39c141b13e0070.md)","January 8, 2024 5:47 PM",9787532600750,0,"October 5, 2024 7:53 PM",12.05,-1,,上海辞书出版社 (Reading/Publisher/%E4%B8%8A%E6%B5%B7%E8%BE%9E%E4%B9%A6%E5%87%BA%E7%89%88%E7%A4%BE%2048607cc15b804c118d188f72179cb9d3.md)
宋诗鉴赏辞典（售出）,实体店 (Reading/Platform/%E5%AE%9E%E4%BD%93%E5%BA%97%205868c9fad9164dabbe7be33e9dce6f0f.md),其它 (Reading/Author/%E5%85%B6%E5%AE%83%20562b510967874f97ae9a82328b0fd99a.md),"诗歌 (Reading/Category/%E8%AF%97%E6%AD%8C%206d14d7489136407a8593422aa182b379.md), 经典 (Reading/Category/%E7%BB%8F%E5%85%B8%20e210ce3838764a44bf39c141b13e0070.md)","January 8, 2024 5:47 PM",9787532611973,0,"July 27, 2024 11:34 AM",30,-1,,上海辞书出版社 (Reading/Publisher/%E4%B8%8A%E6%B5%B7%E8%BE%9E%E4%B9%A6%E5%87%BA%E7%89%88%E7%A4%BE%2048607cc15b804c118d188f72179cb9d3.md)
唐宋词鉴赏辞典·上（售出）,实体店 (Reading/Platform/%E5%AE%9E%E4%BD%93%E5%BA%97%205868c9fad9164dabbe7be33e9dce6f0f.md),其它 (Reading/Author/%E5%85%B6%E5%AE%83%20562b510967874f97ae9a82328b0fd99a.md),"诗歌 (Reading/Category/%E8%AF%97%E6%AD%8C%206d14d7489136407a8593422aa182b379.md), 经典 (Reading/Category/%E7%BB%8F%E5%85%B8%20e210ce3838764a44bf39c141b13e0070.md)","January 8, 2024 5:47 PM",9787532600106,0,"July 27, 2024 11:34 AM",14.6,-1,,上海辞书出版社 (Reading/Publisher/%E4%B8%8A%E6%B5%B7%E8%BE%9E%E4%B9%A6%E5%87%BA%E7%89%88%E7%A4%BE%2048607cc15b804c118d188f72179cb9d3.md)
唐宋词鉴赏辞典·下（售出）,实体店 (Reading/Platform/%E5%AE%9E%E4%BD%93%E5%BA%97%205868c9fad9164dabbe7be33e9dce6f0f.md),其它 (Reading/Author/%E5%85%B6%E5%AE%83%20562b510967874f97ae9a82328b0fd99a.md),"诗歌 (Reading/Category/%E8%AF%97%E6%AD%8C%206d14d7489136407a8593422aa182b379.md), 经典 (Reading/Category/%E7%BB%8F%E5%85%B8%20e210ce3838764a44bf39c141b13e0070.md)","January 8, 2024 5:48 PM",9787532600165,0,"August 27, 2024 9:49 AM",18.1,-1,,上海辞书出版社 (Reading/Publisher/%E4%B8%8A%E6%B5%B7%E8%BE%9E%E4%B9%A6%E5%87%BA%E7%89%88%E7%A4%BE%2048607cc15b804c118d188f72179cb9d3.md)
徐志摩传,番茄 (Reading/Platform/%E7%95%AA%E8%8C%84%20bb113666fc9f49d1ad34f06fead7f835.md),其它 (Reading/Author/%E5%85%B6%E5%AE%83%20562b510967874f97ae9a82328b0fd99a.md),传记 (Reading/Category/%E4%BC%A0%E8%AE%B0%20d20abb37fd72446d93c2f8215c227319.md),"January 9, 2024 8:56 AM",9787511381743,0,"July 27, 2024 11:36 AM",0.01,,,
呼兰河传（售出）,番茄 (Reading/Platform/%E7%95%AA%E8%8C%84%20bb113666fc9f49d1ad34f06fead7f835.md),萧红 (Reading/Author/%E8%90%A7%E7%BA%A2%20a765fc21cc7a4c10a6c1afd8b15e175c.md),长篇 (Reading/Category/%E9%95%BF%E7%AF%87%206b4e322679ec4c5e98aaa5526375f168.md),"January 10, 2024 9:55 PM",9787511373786,0,"January 17, 2025 9:34 AM",0.01,-1,,中国华侨出版社 (Reading/Publisher/%E4%B8%AD%E5%9B%BD%E5%8D%8E%E4%BE%A8%E5%87%BA%E7%89%88%E7%A4%BE%202fe0dbdda44f43f78910cc6ad3efdc38.md)
生死场（售出）,番茄 (Reading/Platform/%E7%95%AA%E8%8C%84%20bb113666fc9f49d1ad34f06fead7f835.md),萧红 (Reading/Author/%E8%90%A7%E7%BA%A2%20a765fc21cc7a4c10a6c1afd8b15e175c.md),长篇 (Reading/Category/%E9%95%BF%E7%AF%87%206b4e322679ec4c5e98aaa5526375f168.md),"January 10, 2024 9:55 PM",9787513921039,0,"January 17, 2025 9:34 AM",0.01,-1,,民主与建设出版社 (Reading/Publisher/%E6%B0%91%E4%B8%BB%E4%B8%8E%E5%BB%BA%E8%AE%BE%E5%87%BA%E7%89%88%E7%A4%BE%20dff3b09d8cdd4c5a8ac858e66e8c6685.md)
恋上一座城,番茄 (Reading/Platform/%E7%95%AA%E8%8C%84%20bb113666fc9f49d1ad34f06fead7f835.md),林徽因 (Reading/Author/%E6%9E%97%E5%BE%BD%E5%9B%A0%2075099954070e471a93b13db82beeb5f8.md),散文 (Reading/Category/%E6%95%A3%E6%96%87%20d94c81dc272b4510b64387a9402d125c.md),"January 10, 2024 9:56 PM",9787539662336,0,"July 27, 2024 11:40 AM",0.2,,,
你若安好便是晴天,番茄 (Reading/Platform/%E7%95%AA%E8%8C%84%20bb113666fc9f49d1ad34f06fead7f835.md),林徽因 (Reading/Author/%E6%9E%97%E5%BE%BD%E5%9B%A0%2075099954070e471a93b13db82beeb5f8.md),散文 (Reading/Category/%E6%95%A3%E6%96%87%20d94c81dc272b4510b64387a9402d125c.md),"January 10, 2024 9:56 PM",9787539662312,0,"July 27, 2024 11:40 AM",0.2,,,
骆驼祥子（售出）,番茄 (Reading/Platform/%E7%95%AA%E8%8C%84%20bb113666fc9f49d1ad34f06fead7f835.md),老舍 (Reading/Author/%E8%80%81%E8%88%8D%20bddbf030fe444ed7bfa585aae1b19b29.md),长篇 (Reading/Category/%E9%95%BF%E7%AF%87%206b4e322679ec4c5e98aaa5526375f168.md),"January 10, 2024 9:56 PM",9787519033736,0,"January 17, 2025 9:21 AM",0.01,-1,,中国文联出版社 (Reading/Publisher/%E4%B8%AD%E5%9B%BD%E6%96%87%E8%81%94%E5%87%BA%E7%89%88%E7%A4%BE%20733311d93c8a47daa5115bac2c978824.md)
给贤南哥的信（售出）,番茄 (Reading/Platform/%E7%95%AA%E8%8C%84%20bb113666fc9f49d1ad34f06fead7f835.md),赵南柱 (Reading/Author/%E8%B5%B5%E5%8D%97%E6%9F%B1%207b9ba322acc1428d98bb7171a03584b6.md),短篇 (Reading/Category/%E7%9F%AD%E7%AF%87%207cecd2c07ba6415e84f853878c8539bf.md),"January 10, 2024 9:56 PM",9787536093317,0.3,"March 19, 2025 12:23 PM",-1.39,-1,5,"花城出版社 (Reading/Publisher/%E8%8A%B1%E5%9F%8E%E5%87%BA%E7%89%88%E7%A4%BE%20dbfca13dd57c4f7f9dd97b72eed6c8aa.md), 磨铁 (Reading/Publisher/%E7%A3%A8%E9%93%81%2099d26a5f51864c42832c80424c1f3761.md)"
寂静的春天（售出）,番茄 (Reading/Platform/%E7%95%AA%E8%8C%84%20bb113666fc9f49d1ad34f06fead7f835.md),蕾切尔·卡逊 (Reading/Author/%E8%95%BE%E5%88%87%E5%B0%94%C2%B7%E5%8D%A1%E9%80%8A%205e014404e87347ab8d014e4903b3dc58.md),长篇 (Reading/Category/%E9%95%BF%E7%AF%87%206b4e322679ec4c5e98aaa5526375f168.md),"January 10, 2024 9:57 PM",9787513927826,0,"January 17, 2025 9:21 AM",-5.85,-1,,民主与建设出版社 (Reading/Publisher/%E6%B0%91%E4%B8%BB%E4%B8%8E%E5%BB%BA%E8%AE%BE%E5%87%BA%E7%89%88%E7%A4%BE%20dff3b09d8cdd4c5a8ac858e66e8c6685.md)
我的心曾悲伤七次,番茄 (Reading/Platform/%E7%95%AA%E8%8C%84%20bb113666fc9f49d1ad34f06fead7f835.md),纪伯伦 (Reading/Author/%E7%BA%AA%E4%BC%AF%E4%BC%A6%204a7dba30584e4174b0116879de2de67d.md),诗歌 (Reading/Category/%E8%AF%97%E6%AD%8C%206d14d7489136407a8593422aa182b379.md),"January 10, 2024 9:57 PM",9787559610072,0,"July 27, 2024 11:42 AM",0.01,,,北京联合出版公司 (Reading/Publisher/%E5%8C%97%E4%BA%AC%E8%81%94%E5%90%88%E5%87%BA%E7%89%88%E5%85%AC%E5%8F%B8%20371c06c64a4f48e3932001ab121d7992.md)
夏日走过山间（售出）,番茄 (Reading/Platform/%E7%95%AA%E8%8C%84%20bb113666fc9f49d1ad34f06fead7f835.md),约翰·缪尔 (Reading/Author/%E7%BA%A6%E7%BF%B0%C2%B7%E7%BC%AA%E5%B0%94%203ca713c24ca944fea993dfa5b6b6a248.md),散文 (Reading/Category/%E6%95%A3%E6%96%87%20d94c81dc272b4510b64387a9402d125c.md),"January 11, 2024 5:15 PM",9787559612656,0,"July 27, 2024 11:35 AM",-1.7,-1,,北京联合出版公司 (Reading/Publisher/%E5%8C%97%E4%BA%AC%E8%81%94%E5%90%88%E5%87%BA%E7%89%88%E5%85%AC%E5%8F%B8%20371c06c64a4f48e3932001ab121d7992.md)
春野.阳光.众鸟归来,番茄 (Reading/Platform/%E7%95%AA%E8%8C%84%20bb113666fc9f49d1ad34f06fead7f835.md),约翰·巴勒斯 (Reading/Author/%E7%BA%A6%E7%BF%B0%C2%B7%E5%B7%B4%E5%8B%92%E6%96%AF%20acf9e95ae7e44ea7ad24951c7f1273f8.md),散文 (Reading/Category/%E6%95%A3%E6%96%87%20d94c81dc272b4510b64387a9402d125c.md),"January 11, 2024 5:16 PM",9787559612212,0,"July 27, 2024 11:42 AM",0.5,,,北京联合出版公司 (Reading/Publisher/%E5%8C%97%E4%BA%AC%E8%81%94%E5%90%88%E5%87%BA%E7%89%88%E5%85%AC%E5%8F%B8%20371c06c64a4f48e3932001ab121d7992.md)
窄门（售出）,番茄 (Reading/Platform/%E7%95%AA%E8%8C%84%20bb113666fc9f49d1ad34f06fead7f835.md),安德烈·纪德 (Reading/Author/%E5%AE%89%E5%BE%B7%E7%83%88%C2%B7%E7%BA%AA%E5%BE%B7%20650c934450174ebe934c15b26a441039.md),长篇 (Reading/Category/%E9%95%BF%E7%AF%87%206b4e322679ec4c5e98aaa5526375f168.md),"January 12, 2024 4:55 PM",9787554619384,0.2,"October 12, 2024 10:20 AM",-3.95,-1,6,"古吴轩出版社 (Reading/Publisher/%E5%8F%A4%E5%90%B4%E8%BD%A9%E5%87%BA%E7%89%88%E7%A4%BE%2073aded6269c149eda87297ff69af2570.md), 竹石 (Reading/Publisher/%E7%AB%B9%E7%9F%B3%2084e2576df5ff459e8c711d870da4e261.md)"
漫长的告别（售出）,番茄 (Reading/Platform/%E7%95%AA%E8%8C%84%20bb113666fc9f49d1ad34f06fead7f835.md),雷蒙德·钱德勒 (Reading/Author/%E9%9B%B7%E8%92%99%E5%BE%B7%C2%B7%E9%92%B1%E5%BE%B7%E5%8B%92%201b435a03861a494aa1cf334eb57429a9.md),长篇 (Reading/Category/%E9%95%BF%E7%AF%87%206b4e322679ec4c5e98aaa5526375f168.md),"January 12, 2024 7:03 PM",9787505751828,0,"July 27, 2024 11:35 AM",-8.89,-1,,
当你老了（售出）,番茄 (Reading/Platform/%E7%95%AA%E8%8C%84%20bb113666fc9f49d1ad34f06fead7f835.md),叶芝 (Reading/Author/%E5%8F%B6%E8%8A%9D%20fbbe40c7579f4718a18c06b968384dbe.md),诗歌 (Reading/Category/%E8%AF%97%E6%AD%8C%206d14d7489136407a8593422aa182b379.md),"January 13, 2024 7:41 PM",9787559612281,0,"July 27, 2024 11:34 AM",-1.2,-1,,北京联合出版公司 (Reading/Publisher/%E5%8C%97%E4%BA%AC%E8%81%94%E5%90%88%E5%87%BA%E7%89%88%E5%85%AC%E5%8F%B8%20371c06c64a4f48e3932001ab121d7992.md)
增广贤文·弟子规,番茄 (Reading/Platform/%E7%95%AA%E8%8C%84%20bb113666fc9f49d1ad34f06fead7f835.md),李毓秀 (Reading/Author/%E6%9D%8E%E6%AF%93%E7%A7%80%20f8bc18bb1f3d4af5b88672b31723b36e.md),经典 (Reading/Category/%E7%BB%8F%E5%85%B8%20e210ce3838764a44bf39c141b13e0070.md),"January 13, 2024 8:09 PM",9787508091051,1,"August 28, 2024 2:46 PM",0.01,,,华夏出版社 (Reading/Publisher/%E5%8D%8E%E5%A4%8F%E5%87%BA%E7%89%88%E7%A4%BE%202bb2b6637048483fbbc3bd7e61ed3443.md)
光活着是不够的（售出）,番茄 (Reading/Platform/%E7%95%AA%E8%8C%84%20bb113666fc9f49d1ad34f06fead7f835.md),加缪 (Reading/Author/%E5%8A%A0%E7%BC%AA%201a27669a7f7242aa9aa9338b45e172d3.md),散文 (Reading/Category/%E6%95%A3%E6%96%87%20d94c81dc272b4510b64387a9402d125c.md),"January 15, 2024 1:54 PM",9787515811055,0,"July 27, 2024 11:34 AM",-3.59,-1,,
养得胸中一段春（售出）,番茄 (Reading/Platform/%E7%95%AA%E8%8C%84%20bb113666fc9f49d1ad34f06fead7f835.md),培根 (Reading/Author/%E5%9F%B9%E6%A0%B9%2016b978b9800d412ab418041395e9b019.md),散文 (Reading/Category/%E6%95%A3%E6%96%87%20d94c81dc272b4510b64387a9402d125c.md),"January 15, 2024 1:55 PM",9787515811109,0,"July 27, 2024 11:34 AM",-0.49,-1,,
世界文化简史,番茄 (Reading/Platform/%E7%95%AA%E8%8C%84%20bb113666fc9f49d1ad34f06fead7f835.md),其它 (Reading/Author/%E5%85%B6%E5%AE%83%20562b510967874f97ae9a82328b0fd99a.md),"社科 (Reading/Category/%E7%A4%BE%E7%A7%91%208329bdf601ac465ca4e46a05103e22c7.md), 历史 (Reading/Category/%E5%8E%86%E5%8F%B2%201a0d5f76b6ef49c08c573167fa6554dc.md)","January 15, 2024 2:01 PM",9787533310028,0,"July 27, 2024 11:36 AM",-2.99,,,
寄小读者·小橘灯（售出）,番茄 (Reading/Platform/%E7%95%AA%E8%8C%84%20bb113666fc9f49d1ad34f06fead7f835.md),冰心 (Reading/Author/%E5%86%B0%E5%BF%83%2021b086f5099249a39ddff06c8cee9121.md),散文 (Reading/Category/%E6%95%A3%E6%96%87%20d94c81dc272b4510b64387a9402d125c.md),"January 15, 2024 2:05 PM",9787303175277,0,"July 30, 2025 9:59 PM",-4.09,-1,,北京师范大学出版社 (Reading/Publisher/%E5%8C%97%E4%BA%AC%E5%B8%88%E8%8C%83%E5%A4%A7%E5%AD%A6%E5%87%BA%E7%89%88%E7%A4%BE%20551490f5d1f64e6a965eae99a161ced8.md)
世界地图,番茄 (Reading/Platform/%E7%95%AA%E8%8C%84%20bb113666fc9f49d1ad34f06fead7f835.md),其它 (Reading/Author/%E5%85%B6%E5%AE%83%20562b510967874f97ae9a82328b0fd99a.md),社科 (Reading/Category/%E7%A4%BE%E7%A7%91%208329bdf601ac465ca4e46a05103e22c7.md),"January 15, 2024 2:05 PM",9787503161360,0,"July 27, 2024 11:36 AM",0.01,,,
野性的呼唤,番茄 (Reading/Platform/%E7%95%AA%E8%8C%84%20bb113666fc9f49d1ad34f06fead7f835.md),杰克·伦敦 (Reading/Author/%E6%9D%B0%E5%85%8B%C2%B7%E4%BC%A6%E6%95%A6%200e9caf89eed44c58a0b8b23f570e0364.md),长篇 (Reading/Category/%E9%95%BF%E7%AF%87%206b4e322679ec4c5e98aaa5526375f168.md),"January 15, 2024 2:09 PM",9787511361189,0,"July 27, 2024 11:40 AM",0.01,,,中国华侨出版社 (Reading/Publisher/%E4%B8%AD%E5%9B%BD%E5%8D%8E%E4%BE%A8%E5%87%BA%E7%89%88%E7%A4%BE%202fe0dbdda44f43f78910cc6ad3efdc38.md)
父与子,番茄 (Reading/Platform/%E7%95%AA%E8%8C%84%20bb113666fc9f49d1ad34f06fead7f835.md),卜劳恩 (Reading/Author/%E5%8D%9C%E5%8A%B3%E6%81%A9%20438a28a2cb2b4b7da4f2aac5b24c7e4f.md),漫画 (Reading/Category/%E6%BC%AB%E7%94%BB%2001e06ea0b0a64b6db001964068722356.md),"January 16, 2024 7:56 PM",9787547242117,0,"July 27, 2024 11:28 AM",0.01,100,10,吉林文史出版社 (Reading/Publisher/%E5%90%89%E6%9E%97%E6%96%87%E5%8F%B2%E5%87%BA%E7%89%88%E7%A4%BE%204bb63b8819fa4a1484c100f63755d82b.md)
窗边的小豆豆（售出）,番茄 (Reading/Platform/%E7%95%AA%E8%8C%84%20bb113666fc9f49d1ad34f06fead7f835.md),黑柳彻子 (Reading/Author/%E9%BB%91%E6%9F%B3%E5%BD%BB%E5%AD%90%2055338e3332634ff2b5fd47ee15f6c58f.md),长篇 (Reading/Category/%E9%95%BF%E7%AF%87%206b4e322679ec4c5e98aaa5526375f168.md),"January 16, 2024 7:57 PM",9787544250580,0,"July 27, 2024 11:35 AM",-4.99,-1,,
汤姆索亚历险记（送出）,番茄 (Reading/Platform/%E7%95%AA%E8%8C%84%20bb113666fc9f49d1ad34f06fead7f835.md),马克·吐温 (Reading/Author/%E9%A9%AC%E5%85%8B%C2%B7%E5%90%90%E6%B8%A9%207a2b878727b14caa87821adafa584a37.md),长篇 (Reading/Category/%E9%95%BF%E7%AF%87%206b4e322679ec4c5e98aaa5526375f168.md),"January 18, 2024 2:56 PM",9787505988484,0,"April 25, 2025 9:00 PM",0.01,-1,,中国文联出版社 (Reading/Publisher/%E4%B8%AD%E5%9B%BD%E6%96%87%E8%81%94%E5%87%BA%E7%89%88%E7%A4%BE%20733311d93c8a47daa5115bac2c978824.md)
居里夫人自传（送出）,番茄 (Reading/Platform/%E7%95%AA%E8%8C%84%20bb113666fc9f49d1ad34f06fead7f835.md),玛丽·居里 (Reading/Author/%E7%8E%9B%E4%B8%BD%C2%B7%E5%B1%85%E9%87%8C%20e49c58dbdd324647b58e576618f90edf.md),传记 (Reading/Category/%E4%BC%A0%E8%AE%B0%20d20abb37fd72446d93c2f8215c227319.md),"January 18, 2024 3:02 PM",9787505988309,0,"April 25, 2025 9:01 PM",0.01,-1,,中国文联出版社 (Reading/Publisher/%E4%B8%AD%E5%9B%BD%E6%96%87%E8%81%94%E5%87%BA%E7%89%88%E7%A4%BE%20733311d93c8a47daa5115bac2c978824.md)
呼啸山庄（送出）,番茄 (Reading/Platform/%E7%95%AA%E8%8C%84%20bb113666fc9f49d1ad34f06fead7f835.md),艾米莉·勃朗特 (Reading/Author/%E8%89%BE%E7%B1%B3%E8%8E%89%C2%B7%E5%8B%83%E6%9C%97%E7%89%B9%20ed46675a1e1c49bcbb4789e093568a6d.md),长篇 (Reading/Category/%E9%95%BF%E7%AF%87%206b4e322679ec4c5e98aaa5526375f168.md),"January 18, 2024 3:03 PM",9787519004705,0,"April 25, 2025 8:58 PM",0.01,-1,,中国文联出版社 (Reading/Publisher/%E4%B8%AD%E5%9B%BD%E6%96%87%E8%81%94%E5%87%BA%E7%89%88%E7%A4%BE%20733311d93c8a47daa5115bac2c978824.md)
富兰克林自传（售出）,番茄 (Reading/Platform/%E7%95%AA%E8%8C%84%20bb113666fc9f49d1ad34f06fead7f835.md),本杰明·富兰克林 (Reading/Author/%E6%9C%AC%E6%9D%B0%E6%98%8E%C2%B7%E5%AF%8C%E5%85%B0%E5%85%8B%E6%9E%97%2069074e39011744a3b2436be18f229584.md),传记 (Reading/Category/%E4%BC%A0%E8%AE%B0%20d20abb37fd72446d93c2f8215c227319.md),"January 18, 2024 3:04 PM",9787519009267,0,"July 27, 2024 11:34 AM",-1.89,-1,,中国文联出版社 (Reading/Publisher/%E4%B8%AD%E5%9B%BD%E6%96%87%E8%81%94%E5%87%BA%E7%89%88%E7%A4%BE%20733311d93c8a47daa5115bac2c978824.md)
枕边小品（售出）,番茄 (Reading/Platform/%E7%95%AA%E8%8C%84%20bb113666fc9f49d1ad34f06fead7f835.md),其它 (Reading/Author/%E5%85%B6%E5%AE%83%20562b510967874f97ae9a82328b0fd99a.md),散文 (Reading/Category/%E6%95%A3%E6%96%87%20d94c81dc272b4510b64387a9402d125c.md),"January 18, 2024 3:05 PM",9787511371010,0,"July 27, 2024 11:34 AM",-0.49,-1,,
我们是云朵乐队,番茄 (Reading/Platform/%E7%95%AA%E8%8C%84%20bb113666fc9f49d1ad34f06fead7f835.md),庞婕蕾 (Reading/Author/%E5%BA%9E%E5%A9%95%E8%95%BE%2018d066b10a5c40eaa610990bbf58ac9d.md),长篇 (Reading/Category/%E9%95%BF%E7%AF%87%206b4e322679ec4c5e98aaa5526375f168.md),"January 19, 2024 3:16 PM",9787533297794,0,"July 27, 2024 11:38 AM",0.01,,,
热爱生命（送出）,番茄 (Reading/Platform/%E7%95%AA%E8%8C%84%20bb113666fc9f49d1ad34f06fead7f835.md),杰克·伦敦 (Reading/Author/%E6%9D%B0%E5%85%8B%C2%B7%E4%BC%A6%E6%95%A6%200e9caf89eed44c58a0b8b23f570e0364.md),短篇 (Reading/Category/%E7%9F%AD%E7%AF%87%207cecd2c07ba6415e84f853878c8539bf.md),"January 19, 2024 3:17 PM",9787519009250,0,"April 25, 2025 8:59 PM",0.01,-1,,中国文联出版社 (Reading/Publisher/%E4%B8%AD%E5%9B%BD%E6%96%87%E8%81%94%E5%87%BA%E7%89%88%E7%A4%BE%20733311d93c8a47daa5115bac2c978824.md)
得半日之闲，抵十年尘梦,番茄 (Reading/Platform/%E7%95%AA%E8%8C%84%20bb113666fc9f49d1ad34f06fead7f835.md),周作人 (Reading/Author/%E5%91%A8%E4%BD%9C%E4%BA%BA%20693ec22ddbc34b698610e5f6ae6ef092.md),散文 (Reading/Category/%E6%95%A3%E6%96%87%20d94c81dc272b4510b64387a9402d125c.md),"January 20, 2024 5:29 PM",9787550291737,0,"July 27, 2024 11:37 AM",0.01,,,北京联合出版公司 (Reading/Publisher/%E5%8C%97%E4%BA%AC%E8%81%94%E5%90%88%E5%87%BA%E7%89%88%E5%85%AC%E5%8F%B8%20371c06c64a4f48e3932001ab121d7992.md)
格列佛游记（送出）,番茄 (Reading/Platform/%E7%95%AA%E8%8C%84%20bb113666fc9f49d1ad34f06fead7f835.md),乔纳森·斯威夫特 (Reading/Author/%E4%B9%94%E7%BA%B3%E6%A3%AE%C2%B7%E6%96%AF%E5%A8%81%E5%A4%AB%E7%89%B9%2013a1565540c644fba3d345e708a9631f.md),长篇 (Reading/Category/%E9%95%BF%E7%AF%87%206b4e322679ec4c5e98aaa5526375f168.md),"January 20, 2024 5:30 PM",9787505988392,0,"April 25, 2025 9:00 PM",0.01,-1,,中国文联出版社 (Reading/Publisher/%E4%B8%AD%E5%9B%BD%E6%96%87%E8%81%94%E5%87%BA%E7%89%88%E7%A4%BE%20733311d93c8a47daa5115bac2c978824.md)
惊蛰,番茄 (Reading/Platform/%E7%95%AA%E8%8C%84%20bb113666fc9f49d1ad34f06fead7f835.md),杜阳林 (Reading/Author/%E6%9D%9C%E9%98%B3%E6%9E%97%208d1a78bc19004315bd2428c6ec304b46.md),长篇 (Reading/Category/%E9%95%BF%E7%AF%87%206b4e322679ec4c5e98aaa5526375f168.md),"February 1, 2024 1:57 PM",9787533965099,0,"July 27, 2024 11:40 AM",0.01,,,浙江文艺出版社 (Reading/Publisher/%E6%B5%99%E6%B1%9F%E6%96%87%E8%89%BA%E5%87%BA%E7%89%88%E7%A4%BE%20a1a3ebbcdfff41aba54adb589a51adf2.md)
惊蛰,番茄 (Reading/Platform/%E7%95%AA%E8%8C%84%20bb113666fc9f49d1ad34f06fead7f835.md),杜阳林 (Reading/Author/%E6%9D%9C%E9%98%B3%E6%9E%97%208d1a78bc19004315bd2428c6ec304b46.md),长篇 (Reading/Category/%E9%95%BF%E7%AF%87%206b4e322679ec4c5e98aaa5526375f168.md),"February 1, 2024 2:01 PM",9787533965099,0,"July 27, 2024 11:40 AM",0.01,,,浙江文艺出版社 (Reading/Publisher/%E6%B5%99%E6%B1%9F%E6%96%87%E8%89%BA%E5%87%BA%E7%89%88%E7%A4%BE%20a1a3ebbcdfff41aba54adb589a51adf2.md)
惊蛰,番茄 (Reading/Platform/%E7%95%AA%E8%8C%84%20bb113666fc9f49d1ad34f06fead7f835.md),杜阳林 (Reading/Author/%E6%9D%9C%E9%98%B3%E6%9E%97%208d1a78bc19004315bd2428c6ec304b46.md),长篇 (Reading/Category/%E9%95%BF%E7%AF%87%206b4e322679ec4c5e98aaa5526375f168.md),"February 1, 2024 2:02 PM",9787533965099,0,"July 27, 2024 11:40 AM",0.01,,,浙江文艺出版社 (Reading/Publisher/%E6%B5%99%E6%B1%9F%E6%96%87%E8%89%BA%E5%87%BA%E7%89%88%E7%A4%BE%20a1a3ebbcdfff41aba54adb589a51adf2.md)
惊蛰,番茄 (Reading/Platform/%E7%95%AA%E8%8C%84%20bb113666fc9f49d1ad34f06fead7f835.md),杜阳林 (Reading/Author/%E6%9D%9C%E9%98%B3%E6%9E%97%208d1a78bc19004315bd2428c6ec304b46.md),长篇 (Reading/Category/%E9%95%BF%E7%AF%87%206b4e322679ec4c5e98aaa5526375f168.md),"February 1, 2024 2:02 PM",9787533965099,0,"July 27, 2024 11:40 AM",0,,,浙江文艺出版社 (Reading/Publisher/%E6%B5%99%E6%B1%9F%E6%96%87%E8%89%BA%E5%87%BA%E7%89%88%E7%A4%BE%20a1a3ebbcdfff41aba54adb589a51adf2.md)
惊蛰,番茄 (Reading/Platform/%E7%95%AA%E8%8C%84%20bb113666fc9f49d1ad34f06fead7f835.md),杜阳林 (Reading/Author/%E6%9D%9C%E9%98%B3%E6%9E%97%208d1a78bc19004315bd2428c6ec304b46.md),长篇 (Reading/Category/%E9%95%BF%E7%AF%87%206b4e322679ec4c5e98aaa5526375f168.md),"February 1, 2024 2:02 PM",9787533965099,0,"July 27, 2024 11:40 AM",0,,,浙江文艺出版社 (Reading/Publisher/%E6%B5%99%E6%B1%9F%E6%96%87%E8%89%BA%E5%87%BA%E7%89%88%E7%A4%BE%20a1a3ebbcdfff41aba54adb589a51adf2.md)
惊蛰,番茄 (Reading/Platform/%E7%95%AA%E8%8C%84%20bb113666fc9f49d1ad34f06fead7f835.md),杜阳林 (Reading/Author/%E6%9D%9C%E9%98%B3%E6%9E%97%208d1a78bc19004315bd2428c6ec304b46.md),长篇 (Reading/Category/%E9%95%BF%E7%AF%87%206b4e322679ec4c5e98aaa5526375f168.md),"February 1, 2024 2:02 PM",9787533965099,0,"July 27, 2024 11:40 AM",0,,,浙江文艺出版社 (Reading/Publisher/%E6%B5%99%E6%B1%9F%E6%96%87%E8%89%BA%E5%87%BA%E7%89%88%E7%A4%BE%20a1a3ebbcdfff41aba54adb589a51adf2.md)
惊蛰,番茄 (Reading/Platform/%E7%95%AA%E8%8C%84%20bb113666fc9f49d1ad34f06fead7f835.md),杜阳林 (Reading/Author/%E6%9D%9C%E9%98%B3%E6%9E%97%208d1a78bc19004315bd2428c6ec304b46.md),长篇 (Reading/Category/%E9%95%BF%E7%AF%87%206b4e322679ec4c5e98aaa5526375f168.md),"February 1, 2024 2:02 PM",9787533965099,0,"July 27, 2024 11:40 AM",0,,,浙江文艺出版社 (Reading/Publisher/%E6%B5%99%E6%B1%9F%E6%96%87%E8%89%BA%E5%87%BA%E7%89%88%E7%A4%BE%20a1a3ebbcdfff41aba54adb589a51adf2.md)
惊蛰,番茄 (Reading/Platform/%E7%95%AA%E8%8C%84%20bb113666fc9f49d1ad34f06fead7f835.md),杜阳林 (Reading/Author/%E6%9D%9C%E9%98%B3%E6%9E%97%208d1a78bc19004315bd2428c6ec304b46.md),长篇 (Reading/Category/%E9%95%BF%E7%AF%87%206b4e322679ec4c5e98aaa5526375f168.md),"February 1, 2024 2:02 PM",9787533965099,0,"July 27, 2024 11:40 AM",0,,,浙江文艺出版社 (Reading/Publisher/%E6%B5%99%E6%B1%9F%E6%96%87%E8%89%BA%E5%87%BA%E7%89%88%E7%A4%BE%20a1a3ebbcdfff41aba54adb589a51adf2.md)
惊蛰,番茄 (Reading/Platform/%E7%95%AA%E8%8C%84%20bb113666fc9f49d1ad34f06fead7f835.md),杜阳林 (Reading/Author/%E6%9D%9C%E9%98%B3%E6%9E%97%208d1a78bc19004315bd2428c6ec304b46.md),长篇 (Reading/Category/%E9%95%BF%E7%AF%87%206b4e322679ec4c5e98aaa5526375f168.md),"February 1, 2024 2:02 PM",9787533965099,1,"July 27, 2024 11:40 AM",0,,,浙江文艺出版社 (Reading/Publisher/%E6%B5%99%E6%B1%9F%E6%96%87%E8%89%BA%E5%87%BA%E7%89%88%E7%A4%BE%20a1a3ebbcdfff41aba54adb589a51adf2.md)
万物静观皆自得（售出）,番茄 (Reading/Platform/%E7%95%AA%E8%8C%84%20bb113666fc9f49d1ad34f06fead7f835.md),老舍 (Reading/Author/%E8%80%81%E8%88%8D%20bddbf030fe444ed7bfa585aae1b19b29.md),散文 (Reading/Category/%E6%95%A3%E6%96%87%20d94c81dc272b4510b64387a9402d125c.md),"February 1, 2024 2:03 PM",9787550291669,0,"July 27, 2024 11:35 AM",-3.52,-1,,北京联合出版公司 (Reading/Publisher/%E5%8C%97%E4%BA%AC%E8%81%94%E5%90%88%E5%87%BA%E7%89%88%E5%85%AC%E5%8F%B8%20371c06c64a4f48e3932001ab121d7992.md)
母亲（送出）,番茄 (Reading/Platform/%E7%95%AA%E8%8C%84%20bb113666fc9f49d1ad34f06fead7f835.md),高尔基 (Reading/Author/%E9%AB%98%E5%B0%94%E5%9F%BA%20c9f53fe2defa45c89e6d62db1d43ac22.md),长篇 (Reading/Category/%E9%95%BF%E7%AF%87%206b4e322679ec4c5e98aaa5526375f168.md),"February 1, 2024 2:09 PM",9787505988194,0,"April 25, 2025 8:58 PM",0.73,-1,6,中国文联出版社 (Reading/Publisher/%E4%B8%AD%E5%9B%BD%E6%96%87%E8%81%94%E5%87%BA%E7%89%88%E7%A4%BE%20733311d93c8a47daa5115bac2c978824.md)
随园食单（售出）,番茄 (Reading/Platform/%E7%95%AA%E8%8C%84%20bb113666fc9f49d1ad34f06fead7f835.md),袁枚 (Reading/Author/%E8%A2%81%E6%9E%9A%20c0ebb5ecdfd24eaf8db4e0f638cc5c42.md),"小品 (Reading/Category/%E5%B0%8F%E5%93%81%2037e0b2be8e6a4a0b89b27c594bf9cff6.md), 经典 (Reading/Category/%E7%BB%8F%E5%85%B8%20e210ce3838764a44bf39c141b13e0070.md)","February 1, 2024 2:11 PM",9787550291720,0,"July 27, 2024 11:35 AM",-0.74,-1,,北京联合出版公司 (Reading/Publisher/%E5%8C%97%E4%BA%AC%E8%81%94%E5%90%88%E5%87%BA%E7%89%88%E5%85%AC%E5%8F%B8%20371c06c64a4f48e3932001ab121d7992.md)
贵族之家,赠送 (Reading/Platform/%E8%B5%A0%E9%80%81%20455e7d509df3444ebf2c9c50269c654b.md),屠格涅夫 (Reading/Author/%E5%B1%A0%E6%A0%BC%E6%B6%85%E5%A4%AB%20d55de7c9158f4d8283bd17fc1fed0c6e.md),长篇 (Reading/Category/%E9%95%BF%E7%AF%87%206b4e322679ec4c5e98aaa5526375f168.md),"February 20, 2024 9:49 AM",9787536021150,1,"July 27, 2024 11:30 AM",0,100,8,花城出版社 (Reading/Publisher/%E8%8A%B1%E5%9F%8E%E5%87%BA%E7%89%88%E7%A4%BE%20dbfca13dd57c4f7f9dd97b72eed6c8aa.md)
史记,实体店 (Reading/Platform/%E5%AE%9E%E4%BD%93%E5%BA%97%205868c9fad9164dabbe7be33e9dce6f0f.md),司马迁 (Reading/Author/%E5%8F%B8%E9%A9%AC%E8%BF%81%2081f7c6305ab04a95a7650188a9bf6e1d.md),"历史 (Reading/Category/%E5%8E%86%E5%8F%B2%201a0d5f76b6ef49c08c573167fa6554dc.md), 经典 (Reading/Category/%E7%BB%8F%E5%85%B8%20e210ce3838764a44bf39c141b13e0070.md)","February 20, 2024 9:54 AM",9787807610359,1,"July 27, 2024 11:37 AM",19,,,岳麓书社 (Reading/Publisher/%E5%B2%B3%E9%BA%93%E4%B9%A6%E7%A4%BE%200a195e97f55340e9b8b899a1618886ac.md)
围城（盗版）,赠送 (Reading/Platform/%E8%B5%A0%E9%80%81%20455e7d509df3444ebf2c9c50269c654b.md),钱钟书 (Reading/Author/%E9%92%B1%E9%92%9F%E4%B9%A6%20c944b0b06de54a66ae2b69dc35134407.md),长篇 (Reading/Category/%E9%95%BF%E7%AF%87%206b4e322679ec4c5e98aaa5526375f168.md),"February 20, 2024 9:59 AM",9787020024759,0.3,"September 3, 2024 4:21 PM",,100,10,人民文学出版社 (Reading/Publisher/%E4%BA%BA%E6%B0%91%E6%96%87%E5%AD%A6%E5%87%BA%E7%89%88%E7%A4%BE%208f33d507688c4765a90194e25a9bf0b7.md)
最强大脑（售出）,番茄 (Reading/Platform/%E7%95%AA%E8%8C%84%20bb113666fc9f49d1ad34f06fead7f835.md),其它 (Reading/Author/%E5%85%B6%E5%AE%83%20562b510967874f97ae9a82328b0fd99a.md),流行 (Reading/Category/%E6%B5%81%E8%A1%8C%2006e2b73e68014533ace3c0eac10aeec7.md),"February 22, 2024 4:58 PM",9787558159220,0,"July 27, 2024 11:34 AM",-0.49,-1,,
人性的弱点（售出）,番茄 (Reading/Platform/%E7%95%AA%E8%8C%84%20bb113666fc9f49d1ad34f06fead7f835.md),戴尔·卡耐基 (Reading/Author/%E6%88%B4%E5%B0%94%C2%B7%E5%8D%A1%E8%80%90%E5%9F%BA%202b60bcfcd80b4db4b3d3a9cf3a4d36f3.md),社科 (Reading/Category/%E7%A4%BE%E7%A7%91%208329bdf601ac465ca4e46a05103e22c7.md),"February 22, 2024 5:00 PM",9787209121736,0,"July 27, 2024 11:34 AM",-2.19,-1,,
名人传,赠送 (Reading/Platform/%E8%B5%A0%E9%80%81%20455e7d509df3444ebf2c9c50269c654b.md),罗曼·罗兰 (Reading/Author/%E7%BD%97%E6%9B%BC%C2%B7%E7%BD%97%E5%85%B0%20569f4687b79f4d4c94c9817f1dc4bc40.md),传记 (Reading/Category/%E4%BC%A0%E8%AE%B0%20d20abb37fd72446d93c2f8215c227319.md),"March 5, 2024 3:02 PM",9787541148668,1,"July 27, 2024 11:31 AM",,100,6,"四川文艺出版社 (Reading/Publisher/%E5%9B%9B%E5%B7%9D%E6%96%87%E8%89%BA%E5%87%BA%E7%89%88%E7%A4%BE%20079c0be96be140c29f8b2a615cf4799c.md), 酷威 (Reading/Publisher/%E9%85%B7%E5%A8%81%20a63abeb4b84d4590947a037506cdb275.md)"
乌合之众（售出）,番茄 (Reading/Platform/%E7%95%AA%E8%8C%84%20bb113666fc9f49d1ad34f06fead7f835.md),古斯塔夫·勒庞 (Reading/Author/%E5%8F%A4%E6%96%AF%E5%A1%94%E5%A4%AB%C2%B7%E5%8B%92%E5%BA%9E%203f5677a4effb48038bc847f5b1d304b8.md),社科 (Reading/Category/%E7%A4%BE%E7%A7%91%208329bdf601ac465ca4e46a05103e22c7.md),"March 8, 2024 4:03 PM",9787209123945,0,"July 27, 2024 11:34 AM",-0.49,-1,,
以德为邻心自清（售出）,番茄 (Reading/Platform/%E7%95%AA%E8%8C%84%20bb113666fc9f49d1ad34f06fead7f835.md),朱自清 (Reading/Author/%E6%9C%B1%E8%87%AA%E6%B8%85%20446209aad14f48e4af96ba9bf9bd295d.md),散文 (Reading/Category/%E6%95%A3%E6%96%87%20d94c81dc272b4510b64387a9402d125c.md),"March 8, 2024 4:05 PM",9787515810782,0,"July 27, 2024 11:35 AM",-3.79,-1,,
祝一切安好,番茄 (Reading/Platform/%E7%95%AA%E8%8C%84%20bb113666fc9f49d1ad34f06fead7f835.md),其它 (Reading/Author/%E5%85%B6%E5%AE%83%20562b510967874f97ae9a82328b0fd99a.md),散文 (Reading/Category/%E6%95%A3%E6%96%87%20d94c81dc272b4510b64387a9402d125c.md),"March 8, 2024 4:07 PM",9787550273580,0,"July 27, 2024 11:36 AM",0.01,,,北京联合出版公司 (Reading/Publisher/%E5%8C%97%E4%BA%AC%E8%81%94%E5%90%88%E5%87%BA%E7%89%88%E5%85%AC%E5%8F%B8%20371c06c64a4f48e3932001ab121d7992.md)
过日子,番茄 (Reading/Platform/%E7%95%AA%E8%8C%84%20bb113666fc9f49d1ad34f06fead7f835.md),其它 (Reading/Author/%E5%85%B6%E5%AE%83%20562b510967874f97ae9a82328b0fd99a.md),散文 (Reading/Category/%E6%95%A3%E6%96%87%20d94c81dc272b4510b64387a9402d125c.md),"March 8, 2024 4:09 PM",9787550284074,0,"July 27, 2024 11:37 AM",0.01,,,北京联合出版公司 (Reading/Publisher/%E5%8C%97%E4%BA%AC%E8%81%94%E5%90%88%E5%87%BA%E7%89%88%E5%85%AC%E5%8F%B8%20371c06c64a4f48e3932001ab121d7992.md)
最朴素的生活和最遥远的梦想（售出）,番茄 (Reading/Platform/%E7%95%AA%E8%8C%84%20bb113666fc9f49d1ad34f06fead7f835.md),其它 (Reading/Author/%E5%85%B6%E5%AE%83%20562b510967874f97ae9a82328b0fd99a.md),散文 (Reading/Category/%E6%95%A3%E6%96%87%20d94c81dc272b4510b64387a9402d125c.md),"March 8, 2024 4:11 PM",9787550273597,0,"August 27, 2024 9:42 AM",-1.39,-1,,北京联合出版公司 (Reading/Publisher/%E5%8C%97%E4%BA%AC%E8%81%94%E5%90%88%E5%87%BA%E7%89%88%E5%85%AC%E5%8F%B8%20371c06c64a4f48e3932001ab121d7992.md)
茶汤和好天气（售出）,番茄 (Reading/Platform/%E7%95%AA%E8%8C%84%20bb113666fc9f49d1ad34f06fead7f835.md),其它 (Reading/Author/%E5%85%B6%E5%AE%83%20562b510967874f97ae9a82328b0fd99a.md),散文 (Reading/Category/%E6%95%A3%E6%96%87%20d94c81dc272b4510b64387a9402d125c.md),"March 8, 2024 4:12 PM",9787550273603,0,"July 27, 2024 11:34 AM",-4.52,-1,,北京联合出版公司 (Reading/Publisher/%E5%8C%97%E4%BA%AC%E8%81%94%E5%90%88%E5%87%BA%E7%89%88%E5%85%AC%E5%8F%B8%20371c06c64a4f48e3932001ab121d7992.md)
银顶针的夏天（售出）,番茄 (Reading/Platform/%E7%95%AA%E8%8C%84%20bb113666fc9f49d1ad34f06fead7f835.md),伊丽莎白·恩赖特 (Reading/Author/%E4%BC%8A%E4%B8%BD%E8%8E%8E%E7%99%BD%C2%B7%E6%81%A9%E8%B5%96%E7%89%B9%20c3404107ffe044b1b073178b93ac2dc3.md),长篇 (Reading/Category/%E9%95%BF%E7%AF%87%206b4e322679ec4c5e98aaa5526375f168.md),"March 8, 2024 4:14 PM",9787533968533,0,"July 27, 2024 11:34 AM",-6.7,-1,,浙江文艺出版社 (Reading/Publisher/%E6%B5%99%E6%B1%9F%E6%96%87%E8%89%BA%E5%87%BA%E7%89%88%E7%A4%BE%20a1a3ebbcdfff41aba54adb589a51adf2.md)
巴黎圣母院,番茄 (Reading/Platform/%E7%95%AA%E8%8C%84%20bb113666fc9f49d1ad34f06fead7f835.md),维克多·雨果 (Reading/Author/%E7%BB%B4%E5%85%8B%E5%A4%9A%C2%B7%E9%9B%A8%E6%9E%9C%20fb2011e6e44549e7aa0a72ab3cefdec5.md),长篇 (Reading/Category/%E9%95%BF%E7%AF%87%206b4e322679ec4c5e98aaa5526375f168.md),"March 8, 2024 4:17 PM",9787511725493,1,"July 27, 2024 11:29 AM",1.99,100,10,中央编译出版社 (Reading/Publisher/%E4%B8%AD%E5%A4%AE%E7%BC%96%E8%AF%91%E5%87%BA%E7%89%88%E7%A4%BE%201652895c29a14119a795cb013332cd08.md)
红与黑,番茄 (Reading/Platform/%E7%95%AA%E8%8C%84%20bb113666fc9f49d1ad34f06fead7f835.md),司汤达 (Reading/Author/%E5%8F%B8%E6%B1%A4%E8%BE%BE%20491a654877534f55b39896d0f8f8f12e.md),长篇 (Reading/Category/%E9%95%BF%E7%AF%87%206b4e322679ec4c5e98aaa5526375f168.md),"March 8, 2024 4:19 PM",9787511724588,1,"July 27, 2024 11:37 AM",0.01,,,中央编译出版社 (Reading/Publisher/%E4%B8%AD%E5%A4%AE%E7%BC%96%E8%AF%91%E5%87%BA%E7%89%88%E7%A4%BE%201652895c29a14119a795cb013332cd08.md)
雾都孤儿（售出）,番茄 (Reading/Platform/%E7%95%AA%E8%8C%84%20bb113666fc9f49d1ad34f06fead7f835.md),狄更斯 (Reading/Author/%E7%8B%84%E6%9B%B4%E6%96%AF%20a1ebe919508448288ab0e3ed041ff1dd.md),长篇 (Reading/Category/%E9%95%BF%E7%AF%87%206b4e322679ec4c5e98aaa5526375f168.md),"March 8, 2024 4:20 PM",9787511726995,0.3,"January 17, 2025 9:20 AM",-1,-1,7,中央编译出版社 (Reading/Publisher/%E4%B8%AD%E5%A4%AE%E7%BC%96%E8%AF%91%E5%87%BA%E7%89%88%E7%A4%BE%201652895c29a14119a795cb013332cd08.md)
欧仁妮·葛朗台,番茄 (Reading/Platform/%E7%95%AA%E8%8C%84%20bb113666fc9f49d1ad34f06fead7f835.md),巴尔扎克 (Reading/Author/%E5%B7%B4%E5%B0%94%E6%89%8E%E5%85%8B%20f5dc47731b5a4cbd99f33a2d0fb8e527.md),长篇 (Reading/Category/%E9%95%BF%E7%AF%87%206b4e322679ec4c5e98aaa5526375f168.md),"March 8, 2024 4:22 PM",9787511725370,1,"July 27, 2024 11:29 AM",0.01,100,9,中央编译出版社 (Reading/Publisher/%E4%B8%AD%E5%A4%AE%E7%BC%96%E8%AF%91%E5%87%BA%E7%89%88%E7%A4%BE%201652895c29a14119a795cb013332cd08.md)
分离的幻象,拼多多 (Reading/Platform/%E6%8B%BC%E5%A4%9A%E5%A4%9A%20db19793d87f549c3ba08ccdb17b42c9e.md),西蒙·凡·布伊 (Reading/Author/%E8%A5%BF%E8%92%99%C2%B7%E5%87%A1%C2%B7%E5%B8%83%E4%BC%8A%202113623c96534589820eb57805f10369.md),长篇 (Reading/Category/%E9%95%BF%E7%AF%87%206b4e322679ec4c5e98aaa5526375f168.md),"March 16, 2024 6:43 PM",9787020110643,1,"July 27, 2024 11:43 AM",0,,,"人民文学出版社 (Reading/Publisher/%E4%BA%BA%E6%B0%91%E6%96%87%E5%AD%A6%E5%87%BA%E7%89%88%E7%A4%BE%208f33d507688c4765a90194e25a9bf0b7.md), 99读书人 (Reading/Publisher/99%E8%AF%BB%E4%B9%A6%E4%BA%BA%202917767bc03041aebbac3242699eb32f.md)"
十日谈（售出）,抖音 (Reading/Platform/%E6%8A%96%E9%9F%B3%20bda2aad8d7a64269931fcf174a026721.md),薄伽丘 (Reading/Author/%E8%96%84%E4%BC%BD%E4%B8%98%2051525ad01d7b430e9c5b9162eef241be.md),短篇 (Reading/Category/%E7%9F%AD%E7%AF%87%207cecd2c07ba6415e84f853878c8539bf.md),"March 16, 2024 6:44 PM",9787531727750,0,"March 22, 2025 10:32 AM",0.23,-1,,北方文艺出版社 (Reading/Publisher/%E5%8C%97%E6%96%B9%E6%96%87%E8%89%BA%E5%87%BA%E7%89%88%E7%A4%BE%2093a5305f9f1f4263b0cad211bc19720f.md)
中国近代史,番茄 (Reading/Platform/%E7%95%AA%E8%8C%84%20bb113666fc9f49d1ad34f06fead7f835.md),蒋廷黻 (Reading/Author/%E8%92%8B%E5%BB%B7%E9%BB%BB%20928c10a687f9412da7b9eb58f049c3f7.md),历史 (Reading/Category/%E5%8E%86%E5%8F%B2%201a0d5f76b6ef49c08c573167fa6554dc.md),"March 30, 2024 10:10 AM",9787569918120,1,"July 27, 2024 9:30 PM",3.74,,,"北京时代华文书局 (Reading/Publisher/%E5%8C%97%E4%BA%AC%E6%97%B6%E4%BB%A3%E5%8D%8E%E6%96%87%E4%B9%A6%E5%B1%80%204a1265bc1ab24e2b8d9a8fba4bdb7145.md), 领读 (Reading/Publisher/%E9%A2%86%E8%AF%BB%20d1a8ae04eeef497a8c5d108a0c048e56.md)"
复活（售出）,孔夫子 (Reading/Platform/%E5%AD%94%E5%A4%AB%E5%AD%90%20e9c2ade3c3594415ab366417a820055f.md),托尔斯泰 (Reading/Author/%E6%89%98%E5%B0%94%E6%96%AF%E6%B3%B0%208fcf6a9b30274838bcaecb66923b71db.md),长篇 (Reading/Category/%E9%95%BF%E7%AF%87%206b4e322679ec4c5e98aaa5526375f168.md),"April 5, 2024 1:07 PM",9787201104966,0.5,"January 17, 2025 9:19 AM",-6.3,-1,10,"天津人民出版社 (Reading/Publisher/%E5%A4%A9%E6%B4%A5%E4%BA%BA%E6%B0%91%E5%87%BA%E7%89%88%E7%A4%BE%2043eaef3726f04adeaecbdeaad42fe66b.md), 果麦 (Reading/Publisher/%E6%9E%9C%E9%BA%A6%20eab69198a3ab4d18839c72f592c9c46b.md)"
巨匠与杰作,kindle (Reading/Platform/kindle%200ebd267828e046898cd199a4d0bf6b93.md),毛姆 (Reading/Author/%E6%AF%9B%E5%A7%86%20d23eff18683e4a048b17589cacd0c44f.md),散文 (Reading/Category/%E6%95%A3%E6%96%87%20d94c81dc272b4510b64387a9402d125c.md),"April 7, 2024 3:16 PM",9787532762040,0.1,"August 13, 2025 9:56 PM",0,100,8,上海译文出版社 (Reading/Publisher/%E4%B8%8A%E6%B5%B7%E8%AF%91%E6%96%87%E5%87%BA%E7%89%88%E7%A4%BE%202678101fd9c841e58f199d01b6c00513.md)
最朴素的生活和最遥远的梦想（售出）,番茄 (Reading/Platform/%E7%95%AA%E8%8C%84%20bb113666fc9f49d1ad34f06fead7f835.md),其它 (Reading/Author/%E5%85%B6%E5%AE%83%20562b510967874f97ae9a82328b0fd99a.md),散文 (Reading/Category/%E6%95%A3%E6%96%87%20d94c81dc272b4510b64387a9402d125c.md),"April 16, 2024 8:11 PM",9787550273597,0,"July 27, 2024 11:34 AM",-5.79,-1,,北京联合出版公司 (Reading/Publisher/%E5%8C%97%E4%BA%AC%E8%81%94%E5%90%88%E5%87%BA%E7%89%88%E5%85%AC%E5%8F%B8%20371c06c64a4f48e3932001ab121d7992.md)
吹牛大王历险记（售出）,小红书 (Reading/Platform/%E5%B0%8F%E7%BA%A2%E4%B9%A6%2004487b4fe4c1440ca492f3368928efed.md),"毕尔格 (Reading/Author/%E6%AF%95%E5%B0%94%E6%A0%BC%206dcbf3d3916a4c9c95aac5010ac1cbe7.md), 拉斯伯 (Reading/Author/%E6%8B%89%E6%96%AF%E4%BC%AF%205ee085ded67f43e7bbb89a4b2082d80e.md)",长篇 (Reading/Category/%E9%95%BF%E7%AF%87%206b4e322679ec4c5e98aaa5526375f168.md),"April 16, 2024 8:16 PM",9787544767613,0,"January 17, 2025 9:19 AM",-9.9,-1,,译林出版社 (Reading/Publisher/%E8%AF%91%E6%9E%97%E5%87%BA%E7%89%88%E7%A4%BE%209928c83dbb0947949034efce236fe3b8.md)
雨,京东 (Reading/Platform/%E4%BA%AC%E4%B8%9C%20991081d220754871a65ea5285ec56e3b.md),黄锦树 (Reading/Author/%E9%BB%84%E9%94%A6%E6%A0%91%20d55cb716a7234a57aae746a60bfbb384.md),长篇 (Reading/Category/%E9%95%BF%E7%AF%87%206b4e322679ec4c5e98aaa5526375f168.md),"April 27, 2024 11:10 AM",9787220105135,1,"July 27, 2024 11:44 AM",2.38,,,"四川人民出版社 (Reading/Publisher/%E5%9B%9B%E5%B7%9D%E4%BA%BA%E6%B0%91%E5%87%BA%E7%89%88%E7%A4%BE%2077dff9f73e6645dbbc632f7589f7d2e2.md), 后浪 (Reading/Publisher/%E5%90%8E%E6%B5%AA%20564ec2bdec584ab6870e49dc63cd7e78.md)"
少年（售出）,京东 (Reading/Platform/%E4%BA%AC%E4%B8%9C%20991081d220754871a65ea5285ec56e3b.md),陀思妥耶夫斯基 (Reading/Author/%E9%99%80%E6%80%9D%E5%A6%A5%E8%80%B6%E5%A4%AB%E6%96%AF%E5%9F%BA%20cccbf1ca36f64ef0bbe6eda7c91537b8.md),长篇 (Reading/Category/%E9%95%BF%E7%AF%87%206b4e322679ec4c5e98aaa5526375f168.md),"April 27, 2024 11:17 AM",9787532763672,0.7,"January 12, 2025 10:48 AM",0,-1,9,上海译文出版社 (Reading/Publisher/%E4%B8%8A%E6%B5%B7%E8%AF%91%E6%96%87%E5%87%BA%E7%89%88%E7%A4%BE%202678101fd9c841e58f199d01b6c00513.md)
情人,京东 (Reading/Platform/%E4%BA%AC%E4%B8%9C%20991081d220754871a65ea5285ec56e3b.md),玛格丽特·杜拉斯 (Reading/Author/%E7%8E%9B%E6%A0%BC%E4%B8%BD%E7%89%B9%C2%B7%E6%9D%9C%E6%8B%89%E6%96%AF%2030e9dd0591674c1980dd1b6e3f272bb8.md),长篇 (Reading/Category/%E9%95%BF%E7%AF%87%206b4e322679ec4c5e98aaa5526375f168.md),"April 27, 2024 11:19 AM",9787532778065,1,"July 27, 2024 11:30 AM",0,100,8,上海译文出版社 (Reading/Publisher/%E4%B8%8A%E6%B5%B7%E8%AF%91%E6%96%87%E5%87%BA%E7%89%88%E7%A4%BE%202678101fd9c841e58f199d01b6c00513.md)
飘,京东 (Reading/Platform/%E4%BA%AC%E4%B8%9C%20991081d220754871a65ea5285ec56e3b.md),玛格丽特·米切尔 (Reading/Author/%E7%8E%9B%E6%A0%BC%E4%B8%BD%E7%89%B9%C2%B7%E7%B1%B3%E5%88%87%E5%B0%94%204ba962ed7b8e428ba3c157ae6c97008a.md),长篇 (Reading/Category/%E9%95%BF%E7%AF%87%206b4e322679ec4c5e98aaa5526375f168.md),"April 27, 2024 11:22 AM",9787533925291,1,"July 27, 2024 11:42 AM",3.75,,,浙江文艺出版社 (Reading/Publisher/%E6%B5%99%E6%B1%9F%E6%96%87%E8%89%BA%E5%87%BA%E7%89%88%E7%A4%BE%20a1a3ebbcdfff41aba54adb589a51adf2.md)
百万英镑（售出）,京东 (Reading/Platform/%E4%BA%AC%E4%B8%9C%20991081d220754871a65ea5285ec56e3b.md),马克·吐温 (Reading/Author/%E9%A9%AC%E5%85%8B%C2%B7%E5%90%90%E6%B8%A9%207a2b878727b14caa87821adafa584a37.md),短篇 (Reading/Category/%E7%9F%AD%E7%AF%87%207cecd2c07ba6415e84f853878c8539bf.md),"April 27, 2024 11:25 AM",9787511727121,0.5,"January 17, 2025 9:18 AM",0.67,-1,9,中央编译出版社 (Reading/Publisher/%E4%B8%AD%E5%A4%AE%E7%BC%96%E8%AF%91%E5%87%BA%E7%89%88%E7%A4%BE%201652895c29a14119a795cb013332cd08.md)
呼啸山庄（售出）,京东 (Reading/Platform/%E4%BA%AC%E4%B8%9C%20991081d220754871a65ea5285ec56e3b.md),艾米莉·勃朗特 (Reading/Author/%E8%89%BE%E7%B1%B3%E8%8E%89%C2%B7%E5%8B%83%E6%9C%97%E7%89%B9%20ed46675a1e1c49bcbb4789e093568a6d.md),长篇 (Reading/Category/%E9%95%BF%E7%AF%87%206b4e322679ec4c5e98aaa5526375f168.md),"April 27, 2024 11:26 AM",9787511726162,0.5,"January 17, 2025 9:18 AM",0.74,-1,10,中央编译出版社 (Reading/Publisher/%E4%B8%AD%E5%A4%AE%E7%BC%96%E8%AF%91%E5%87%BA%E7%89%88%E7%A4%BE%201652895c29a14119a795cb013332cd08.md)
战争与和平,京东 (Reading/Platform/%E4%BA%AC%E4%B8%9C%20991081d220754871a65ea5285ec56e3b.md),托尔斯泰 (Reading/Author/%E6%89%98%E5%B0%94%E6%96%AF%E6%B3%B0%208fcf6a9b30274838bcaecb66923b71db.md),长篇 (Reading/Category/%E9%95%BF%E7%AF%87%206b4e322679ec4c5e98aaa5526375f168.md),"April 27, 2024 11:29 AM",9787532132263,1,"July 8, 2025 2:18 PM",3.36,,,"上海文艺出版社 (Reading/Publisher/%E4%B8%8A%E6%B5%B7%E6%96%87%E8%89%BA%E5%87%BA%E7%89%88%E7%A4%BE%20bd4fac4bc10942118ef6a8c56b2a301f.md), 凤凰壹力 (Reading/Publisher/%E5%87%A4%E5%87%B0%E5%A3%B9%E5%8A%9B%2022a77dd3d7838096b0bed75f1af21e24.md)"
安娜·卡列尼娜,京东 (Reading/Platform/%E4%BA%AC%E4%B8%9C%20991081d220754871a65ea5285ec56e3b.md),托尔斯泰 (Reading/Author/%E6%89%98%E5%B0%94%E6%96%AF%E6%B3%B0%208fcf6a9b30274838bcaecb66923b71db.md),长篇 (Reading/Category/%E9%95%BF%E7%AF%87%206b4e322679ec4c5e98aaa5526375f168.md),"April 27, 2024 11:32 AM",9787532132256,1,"July 8, 2025 2:18 PM",1.83,100,10,"上海文艺出版社 (Reading/Publisher/%E4%B8%8A%E6%B5%B7%E6%96%87%E8%89%BA%E5%87%BA%E7%89%88%E7%A4%BE%20bd4fac4bc10942118ef6a8c56b2a301f.md), 凤凰壹力 (Reading/Publisher/%E5%87%A4%E5%87%B0%E5%A3%B9%E5%8A%9B%2022a77dd3d7838096b0bed75f1af21e24.md)"
看不见的城市,京东 (Reading/Platform/%E4%BA%AC%E4%B8%9C%20991081d220754871a65ea5285ec56e3b.md),卡尔维诺 (Reading/Author/%E5%8D%A1%E5%B0%94%E7%BB%B4%E8%AF%BA%20bc7e2f2f32ea4d8d9b8f0c9f48088929.md),长篇 (Reading/Category/%E9%95%BF%E7%AF%87%206b4e322679ec4c5e98aaa5526375f168.md),"April 27, 2024 11:35 AM",9787544722278,1,"July 27, 2024 11:37 AM",10.8,,,译林出版社 (Reading/Publisher/%E8%AF%91%E6%9E%97%E5%87%BA%E7%89%88%E7%A4%BE%209928c83dbb0947949034efce236fe3b8.md)
艾达之路,抖音 (Reading/Platform/%E6%8A%96%E9%9F%B3%20bda2aad8d7a64269931fcf174a026721.md),里卡多·皮格利亚 (Reading/Author/%E9%87%8C%E5%8D%A1%E5%A4%9A%C2%B7%E7%9A%AE%E6%A0%BC%E5%88%A9%E4%BA%9A%20e13a07f82281434fb84ca430f6c28a54.md),长篇 (Reading/Category/%E9%95%BF%E7%AF%87%206b4e322679ec4c5e98aaa5526375f168.md),"April 27, 2024 11:37 AM",9787511729613,1,"July 27, 2024 11:43 AM",0.01,,,中央编译出版社 (Reading/Publisher/%E4%B8%AD%E5%A4%AE%E7%BC%96%E8%AF%91%E5%87%BA%E7%89%88%E7%A4%BE%201652895c29a14119a795cb013332cd08.md)
红楼梦,京东 (Reading/Platform/%E4%BA%AC%E4%B8%9C%20991081d220754871a65ea5285ec56e3b.md),,"长篇 (Reading/Category/%E9%95%BF%E7%AF%87%206b4e322679ec4c5e98aaa5526375f168.md), 经典 (Reading/Category/%E7%BB%8F%E5%85%B8%20e210ce3838764a44bf39c141b13e0070.md)","April 27, 2024 11:44 AM",9787020002207,1,"February 27, 2026 2:10 PM",14.58,99,10,人民文学出版社 (Reading/Publisher/%E4%BA%BA%E6%B0%91%E6%96%87%E5%AD%A6%E5%87%BA%E7%89%88%E7%A4%BE%208f33d507688c4765a90194e25a9bf0b7.md)
水浒传,京东 (Reading/Platform/%E4%BA%AC%E4%B8%9C%20991081d220754871a65ea5285ec56e3b.md),"施耐庵 (Reading/Author/%E6%96%BD%E8%80%90%E5%BA%B5%2081dcbea63b594cb58e6c35192661e5f5.md), 罗贯中 (Reading/Author/%E7%BD%97%E8%B4%AF%E4%B8%AD%20418423543d1d4f9aaa2ff25767f30a2b.md)","长篇 (Reading/Category/%E9%95%BF%E7%AF%87%206b4e322679ec4c5e98aaa5526375f168.md), 经典 (Reading/Category/%E7%BB%8F%E5%85%B8%20e210ce3838764a44bf39c141b13e0070.md)","April 27, 2024 11:47 AM",9787020008742,1,"June 16, 2025 11:03 PM",10,100,10,人民文学出版社 (Reading/Publisher/%E4%BA%BA%E6%B0%91%E6%96%87%E5%AD%A6%E5%87%BA%E7%89%88%E7%A4%BE%208f33d507688c4765a90194e25a9bf0b7.md)
西游记,京东 (Reading/Platform/%E4%BA%AC%E4%B8%9C%20991081d220754871a65ea5285ec56e3b.md),吴承恩 (Reading/Author/%E5%90%B4%E6%89%BF%E6%81%A9%208165217335394ea0b88edae8b302003d.md),"长篇 (Reading/Category/%E9%95%BF%E7%AF%87%206b4e322679ec4c5e98aaa5526375f168.md), 经典 (Reading/Category/%E7%BB%8F%E5%85%B8%20e210ce3838764a44bf39c141b13e0070.md)","April 27, 2024 11:48 AM",9787020008735,1,"June 16, 2025 11:02 PM",10,,,人民文学出版社 (Reading/Publisher/%E4%BA%BA%E6%B0%91%E6%96%87%E5%AD%A6%E5%87%BA%E7%89%88%E7%A4%BE%208f33d507688c4765a90194e25a9bf0b7.md)
三国演义,京东 (Reading/Platform/%E4%BA%AC%E4%B8%9C%20991081d220754871a65ea5285ec56e3b.md),罗贯中 (Reading/Author/%E7%BD%97%E8%B4%AF%E4%B8%AD%20418423543d1d4f9aaa2ff25767f30a2b.md),"长篇 (Reading/Category/%E9%95%BF%E7%AF%87%206b4e322679ec4c5e98aaa5526375f168.md), 经典 (Reading/Category/%E7%BB%8F%E5%85%B8%20e210ce3838764a44bf39c141b13e0070.md)","April 27, 2024 11:50 AM",9787020008728,1,"June 16, 2025 11:02 PM",10,,,人民文学出版社 (Reading/Publisher/%E4%BA%BA%E6%B0%91%E6%96%87%E5%AD%A6%E5%87%BA%E7%89%88%E7%A4%BE%208f33d507688c4765a90194e25a9bf0b7.md)
基度山恩仇记（售出）,拼多多 (Reading/Platform/%E6%8B%BC%E5%A4%9A%E5%A4%9A%20db19793d87f549c3ba08ccdb17b42c9e.md),大仲马 (Reading/Author/%E5%A4%A7%E4%BB%B2%E9%A9%AC%2073f84ef546314c92aaf90ba56d3ed0d2.md),长篇 (Reading/Category/%E9%95%BF%E7%AF%87%206b4e322679ec4c5e98aaa5526375f168.md),"May 6, 2024 12:30 PM",9787544711661,0.7,"January 12, 2025 10:50 AM",0,-1,10,译林出版社 (Reading/Publisher/%E8%AF%91%E6%9E%97%E5%87%BA%E7%89%88%E7%A4%BE%209928c83dbb0947949034efce236fe3b8.md)
三剑客（售出）,淘宝 (Reading/Platform/%E6%B7%98%E5%AE%9D%20c7f52ce2740b41f98aef55e4ce0688de.md),大仲马 (Reading/Author/%E5%A4%A7%E4%BB%B2%E9%A9%AC%2073f84ef546314c92aaf90ba56d3ed0d2.md),长篇 (Reading/Category/%E9%95%BF%E7%AF%87%206b4e322679ec4c5e98aaa5526375f168.md),"May 9, 2024 10:09 AM",9787544731560,0.7,"January 17, 2025 9:18 AM",-6.26,-1,9,译林出版社 (Reading/Publisher/%E8%AF%91%E6%9E%97%E5%87%BA%E7%89%88%E7%A4%BE%209928c83dbb0947949034efce236fe3b8.md)
悲惨世界,拼多多 (Reading/Platform/%E6%8B%BC%E5%A4%9A%E5%A4%9A%20db19793d87f549c3ba08ccdb17b42c9e.md),维克多·雨果 (Reading/Author/%E7%BB%B4%E5%85%8B%E5%A4%9A%C2%B7%E9%9B%A8%E6%9E%9C%20fb2011e6e44549e7aa0a72ab3cefdec5.md),长篇 (Reading/Category/%E9%95%BF%E7%AF%87%206b4e322679ec4c5e98aaa5526375f168.md),"May 9, 2024 10:13 AM",9787511726209,1,"January 2, 2025 9:27 AM",0,100,10,中央编译出版社 (Reading/Publisher/%E4%B8%AD%E5%A4%AE%E7%BC%96%E8%AF%91%E5%87%BA%E7%89%88%E7%A4%BE%201652895c29a14119a795cb013332cd08.md)
洛丽塔,孔夫子 (Reading/Platform/%E5%AD%94%E5%A4%AB%E5%AD%90%20e9c2ade3c3594415ab366417a820055f.md),纳博科夫 (Reading/Author/%E7%BA%B3%E5%8D%9A%E7%A7%91%E5%A4%AB%20995181809a04485a9523d41819e23a3f.md),长篇 (Reading/Category/%E9%95%BF%E7%AF%87%206b4e322679ec4c5e98aaa5526375f168.md),"May 9, 2024 10:16 AM",9787532738151,1,"March 2, 2025 1:18 PM",7.96,100,7,上海译文出版社 (Reading/Publisher/%E4%B8%8A%E6%B5%B7%E8%AF%91%E6%96%87%E5%87%BA%E7%89%88%E7%A4%BE%202678101fd9c841e58f199d01b6c00513.md)
死水微澜,拼多多 (Reading/Platform/%E6%8B%BC%E5%A4%9A%E5%A4%9A%20db19793d87f549c3ba08ccdb17b42c9e.md),李劼人 (Reading/Author/%E6%9D%8E%E5%8A%BC%E4%BA%BA%207dcfa16505084420b66d71b0be4bd145.md),长篇 (Reading/Category/%E9%95%BF%E7%AF%87%206b4e322679ec4c5e98aaa5526375f168.md),"May 12, 2024 4:18 PM",9787541156496,1,"July 27, 2024 11:40 AM",8.31,,,四川文艺出版社 (Reading/Publisher/%E5%9B%9B%E5%B7%9D%E6%96%87%E8%89%BA%E5%87%BA%E7%89%88%E7%A4%BE%20079c0be96be140c29f8b2a615cf4799c.md)
三死,淘宝 (Reading/Platform/%E6%B7%98%E5%AE%9D%20c7f52ce2740b41f98aef55e4ce0688de.md),托尔斯泰 (Reading/Author/%E6%89%98%E5%B0%94%E6%96%AF%E6%B3%B0%208fcf6a9b30274838bcaecb66923b71db.md),短篇 (Reading/Category/%E7%9F%AD%E7%AF%87%207cecd2c07ba6415e84f853878c8539bf.md),"May 17, 2024 12:34 PM",9787539289427,1,"July 27, 2024 11:28 AM",9.9,100,10,江西教育出版社 (Reading/Publisher/%E6%B1%9F%E8%A5%BF%E6%95%99%E8%82%B2%E5%87%BA%E7%89%88%E7%A4%BE%2006443735f9df45ff901b6d841fff370c.md)
流俗地,得物 (Reading/Platform/%E5%BE%97%E7%89%A9%2051891840473a41d09051a459893b9edd.md),黎紫书 (Reading/Author/%E9%BB%8E%E7%B4%AB%E4%B9%A6%2045c74528b163415c95175c78b44a0685.md),长篇 (Reading/Category/%E9%95%BF%E7%AF%87%206b4e322679ec4c5e98aaa5526375f168.md),"May 17, 2024 6:43 PM",9787530221280,1,"July 27, 2024 11:44 AM",7.16,,,"北京十月文艺出版社 (Reading/Publisher/%E5%8C%97%E4%BA%AC%E5%8D%81%E6%9C%88%E6%96%87%E8%89%BA%E5%87%BA%E7%89%88%E7%A4%BE%203a0dcd86170d49d9ba43e6f8c991c984.md), 新经典 (Reading/Publisher/%E6%96%B0%E7%BB%8F%E5%85%B8%20248fc2414a2b41a8bc70dd326b9ca023.md)"
达洛卫夫人,得物 (Reading/Platform/%E5%BE%97%E7%89%A9%2051891840473a41d09051a459893b9edd.md),伍尔夫 (Reading/Author/%E4%BC%8D%E5%B0%94%E5%A4%AB%20bb0926172ae54b5b8e7451f1fdda2778.md),长篇 (Reading/Category/%E9%95%BF%E7%AF%87%206b4e322679ec4c5e98aaa5526375f168.md),"May 20, 2024 3:56 PM",9787532753697,1,"July 27, 2024 11:35 AM",2.84,,,上海译文出版社 (Reading/Publisher/%E4%B8%8A%E6%B5%B7%E8%AF%91%E6%96%87%E5%87%BA%E7%89%88%E7%A4%BE%202678101fd9c841e58f199d01b6c00513.md)
韩愈文集,得物 (Reading/Platform/%E5%BE%97%E7%89%A9%2051891840473a41d09051a459893b9edd.md),韩愈 (Reading/Author/%E9%9F%A9%E6%84%88%2090cc892d93d54ad981c6a135c4ac63b2.md),"散文 (Reading/Category/%E6%95%A3%E6%96%87%20d94c81dc272b4510b64387a9402d125c.md), 经典 (Reading/Category/%E7%BB%8F%E5%85%B8%20e210ce3838764a44bf39c141b13e0070.md)","May 20, 2024 4:00 PM",9787559615282,0,"July 27, 2024 11:44 AM",0,,,北京联合出版公司 (Reading/Publisher/%E5%8C%97%E4%BA%AC%E8%81%94%E5%90%88%E5%87%BA%E7%89%88%E5%85%AC%E5%8F%B8%20371c06c64a4f48e3932001ab121d7992.md)
群书治要,得物 (Reading/Platform/%E5%BE%97%E7%89%A9%2051891840473a41d09051a459893b9edd.md),魏徵 (Reading/Author/%E9%AD%8F%E5%BE%B5%201dd8cb0d8ad1462cb1d747610dcd0138.md),"散文 (Reading/Category/%E6%95%A3%E6%96%87%20d94c81dc272b4510b64387a9402d125c.md), 经典 (Reading/Category/%E7%BB%8F%E5%85%B8%20e210ce3838764a44bf39c141b13e0070.md)","May 22, 2024 10:33 AM",9787550291515,0,"July 27, 2024 11:44 AM",0,,,北京联合出版公司 (Reading/Publisher/%E5%8C%97%E4%BA%AC%E8%81%94%E5%90%88%E5%87%BA%E7%89%88%E5%85%AC%E5%8F%B8%20371c06c64a4f48e3932001ab121d7992.md)
麦田里的守望者（售出）,快团团 (Reading/Platform/%E5%BF%AB%E5%9B%A2%E5%9B%A2%20317b892c6e0f43948aec2aa865325c35.md),塞林格 (Reading/Author/%E5%A1%9E%E6%9E%97%E6%A0%BC%208fe315b4d92c43ed8a63fcc831abd263.md),长篇 (Reading/Category/%E9%95%BF%E7%AF%87%206b4e322679ec4c5e98aaa5526375f168.md),"May 24, 2024 3:51 PM",9787544711296,0,"January 17, 2025 9:17 AM",-5.1,-1,,译林出版社 (Reading/Publisher/%E8%AF%91%E6%9E%97%E5%87%BA%E7%89%88%E7%A4%BE%209928c83dbb0947949034efce236fe3b8.md)
暴风雨前,抖音 (Reading/Platform/%E6%8A%96%E9%9F%B3%20bda2aad8d7a64269931fcf174a026721.md),李劼人 (Reading/Author/%E6%9D%8E%E5%8A%BC%E4%BA%BA%207dcfa16505084420b66d71b0be4bd145.md),长篇 (Reading/Category/%E9%95%BF%E7%AF%87%206b4e322679ec4c5e98aaa5526375f168.md),"May 25, 2024 1:25 PM",9787541156595,1,"July 27, 2024 11:40 AM",2.32,,,四川文艺出版社 (Reading/Publisher/%E5%9B%9B%E5%B7%9D%E6%96%87%E8%89%BA%E5%87%BA%E7%89%88%E7%A4%BE%20079c0be96be140c29f8b2a615cf4799c.md)
王安石曾巩集,抖音 (Reading/Platform/%E6%8A%96%E9%9F%B3%20bda2aad8d7a64269931fcf174a026721.md),"王安石 (Reading/Author/%E7%8E%8B%E5%AE%89%E7%9F%B3%20ecd50f7ad10d4afb8c64ea1392c8541a.md), 曾巩 (Reading/Author/%E6%9B%BE%E5%B7%A9%20075063380eb445c6bc7065408f63efcf.md)","散文 (Reading/Category/%E6%95%A3%E6%96%87%20d94c81dc272b4510b64387a9402d125c.md), 经典 (Reading/Category/%E7%BB%8F%E5%85%B8%20e210ce3838764a44bf39c141b13e0070.md)","May 25, 2024 1:27 PM",9787559611888,0,"July 27, 2024 11:41 AM",0.01,,,北京联合出版公司 (Reading/Publisher/%E5%8C%97%E4%BA%AC%E8%81%94%E5%90%88%E5%87%BA%E7%89%88%E5%85%AC%E5%8F%B8%20371c06c64a4f48e3932001ab121d7992.md)
雅舍谈吃,抖音 (Reading/Platform/%E6%8A%96%E9%9F%B3%20bda2aad8d7a64269931fcf174a026721.md),梁实秋 (Reading/Author/%E6%A2%81%E5%AE%9E%E7%A7%8B%202ab653f787274891ae51679723033ab9.md),散文 (Reading/Category/%E6%95%A3%E6%96%87%20d94c81dc272b4510b64387a9402d125c.md),"May 25, 2024 1:28 PM",9787555291565,1,"July 27, 2024 9:53 PM",0.27,,,青岛出版社 (Reading/Publisher/%E9%9D%92%E5%B2%9B%E5%87%BA%E7%89%88%E7%A4%BE%20214e8aa6b0914b0088f12281396c8688.md)
欧阳修文集,得物 (Reading/Platform/%E5%BE%97%E7%89%A9%2051891840473a41d09051a459893b9edd.md),欧阳修 (Reading/Author/%E6%AC%A7%E9%98%B3%E4%BF%AE%20805bec913b5942568e323cfd03273879.md),"散文 (Reading/Category/%E6%95%A3%E6%96%87%20d94c81dc272b4510b64387a9402d125c.md), 经典 (Reading/Category/%E7%BB%8F%E5%85%B8%20e210ce3838764a44bf39c141b13e0070.md)","May 25, 2024 5:08 PM",9787559615206,0,"July 27, 2024 11:40 AM",0,,,北京联合出版公司 (Reading/Publisher/%E5%8C%97%E4%BA%AC%E8%81%94%E5%90%88%E5%87%BA%E7%89%88%E5%85%AC%E5%8F%B8%20371c06c64a4f48e3932001ab121d7992.md)
群魔,拼多多 (Reading/Platform/%E6%8B%BC%E5%A4%9A%E5%A4%9A%20db19793d87f549c3ba08ccdb17b42c9e.md),陀思妥耶夫斯基 (Reading/Author/%E9%99%80%E6%80%9D%E5%A6%A5%E8%80%B6%E5%A4%AB%E6%96%AF%E5%9F%BA%20cccbf1ca36f64ef0bbe6eda7c91537b8.md),长篇 (Reading/Category/%E9%95%BF%E7%AF%87%206b4e322679ec4c5e98aaa5526375f168.md),"May 31, 2024 9:41 AM",9787220132476,1,"March 8, 2025 4:18 PM",27.24,,,四川人民出版社 (Reading/Publisher/%E5%9B%9B%E5%B7%9D%E4%BA%BA%E6%B0%91%E5%87%BA%E7%89%88%E7%A4%BE%2077dff9f73e6645dbbc632f7589f7d2e2.md)
谈文学,京东 (Reading/Platform/%E4%BA%AC%E4%B8%9C%20991081d220754871a65ea5285ec56e3b.md),朱光潜 (Reading/Author/%E6%9C%B1%E5%85%89%E6%BD%9C%20a73e02d1e906477da7bbf65e1230cf87.md),社科 (Reading/Category/%E7%A4%BE%E7%A7%91%208329bdf601ac465ca4e46a05103e22c7.md),"June 2, 2024 10:31 AM",9787547309841,1,"July 27, 2024 11:39 AM",3.68,,,东方出版中心 (Reading/Publisher/%E4%B8%9C%E6%96%B9%E5%87%BA%E7%89%88%E4%B8%AD%E5%BF%83%20b6c1598ca57f45debf06f953e448c5b1.md)
外国建筑历史图说,赠送 (Reading/Platform/%E8%B5%A0%E9%80%81%20455e7d509df3444ebf2c9c50269c654b.md),罗小未 (Reading/Author/%E7%BD%97%E5%B0%8F%E6%9C%AA%202b97121ecc3842f890f6d2cb8e246ca4.md),艺术 (Reading/Category/%E8%89%BA%E6%9C%AF%206783edfd7c2c40ca896345da888efd8c.md),"June 4, 2024 7:50 PM",9787560811154,1,"July 27, 2024 10:03 PM",,,,同济大学出版社 (Reading/Publisher/%E5%90%8C%E6%B5%8E%E5%A4%A7%E5%AD%A6%E5%87%BA%E7%89%88%E7%A4%BE%20e4b36b7535ab4701aec284daee8e0317.md)
世界美术名作二十讲,拼多多 (Reading/Platform/%E6%8B%BC%E5%A4%9A%E5%A4%9A%20db19793d87f549c3ba08ccdb17b42c9e.md),傅雷 (Reading/Author/%E5%82%85%E9%9B%B7%208c72f121316240e8abd41248461a5534.md),艺术 (Reading/Category/%E8%89%BA%E6%9C%AF%206783edfd7c2c40ca896345da888efd8c.md),"June 4, 2024 8:00 PM",9787539498386,1,"July 27, 2024 11:28 AM",3.89,100,10,湖北美术出版社 (Reading/Publisher/%E6%B9%96%E5%8C%97%E7%BE%8E%E6%9C%AF%E5%87%BA%E7%89%88%E7%A4%BE%20a226fce1762d44f1b1c844f04dd80a4f.md)
诗词格律概要,抖音 (Reading/Platform/%E6%8A%96%E9%9F%B3%20bda2aad8d7a64269931fcf174a026721.md),王力 (Reading/Author/%E7%8E%8B%E5%8A%9B%2000385b5611974c5ab5e73f64f9f8d3dd.md),国学 (Reading/Category/%E5%9B%BD%E5%AD%A6%201a4e5ee48605434199b479f4204a0599.md),"June 4, 2024 8:03 PM",9787220113345,1,"July 27, 2024 11:41 AM",0.2,,,"四川人民出版社 (Reading/Publisher/%E5%9B%9B%E5%B7%9D%E4%BA%BA%E6%B0%91%E5%87%BA%E7%89%88%E7%A4%BE%2077dff9f73e6645dbbc632f7589f7d2e2.md), 后浪 (Reading/Publisher/%E5%90%8E%E6%B5%AA%20564ec2bdec584ab6870e49dc63cd7e78.md)"
邓石如篆书白氏草堂记（售出）,抖音 (Reading/Platform/%E6%8A%96%E9%9F%B3%20bda2aad8d7a64269931fcf174a026721.md),其它 (Reading/Author/%E5%85%B6%E5%AE%83%20562b510967874f97ae9a82328b0fd99a.md),书帖 (Reading/Category/%E4%B9%A6%E5%B8%96%2034c3d5939f7a413aae1ef49a2c09d725.md),"June 4, 2024 8:05 PM",9787550801233,0,"November 29, 2024 11:58 AM",0.01,-1,,西泠印社出版社 (Reading/Publisher/%E8%A5%BF%E6%B3%A0%E5%8D%B0%E7%A4%BE%E5%87%BA%E7%89%88%E7%A4%BE%20d08e3a97a98649f9a30b5580ca078572.md)
最后一片叶子（售出）,抖音 (Reading/Platform/%E6%8A%96%E9%9F%B3%20bda2aad8d7a64269931fcf174a026721.md),欧·亨利 (Reading/Author/%E6%AC%A7%C2%B7%E4%BA%A8%E5%88%A9%208029bb00930b4bc98187f22b5d48c0b5.md),短篇 (Reading/Category/%E7%9F%AD%E7%AF%87%207cecd2c07ba6415e84f853878c8539bf.md),"June 4, 2024 8:08 PM",9787511727145,0.2,"January 17, 2025 9:16 AM",0.54,-1,6,中央编译出版社 (Reading/Publisher/%E4%B8%AD%E5%A4%AE%E7%BC%96%E8%AF%91%E5%87%BA%E7%89%88%E7%A4%BE%201652895c29a14119a795cb013332cd08.md)
贞观政要,抖音 (Reading/Platform/%E6%8A%96%E9%9F%B3%20bda2aad8d7a64269931fcf174a026721.md),吴兢 (Reading/Author/%E5%90%B4%E5%85%A2%20e6b1ba73c1dd4d9a9cd87721cef03005.md),经典 (Reading/Category/%E7%BB%8F%E5%85%B8%20e210ce3838764a44bf39c141b13e0070.md),"June 4, 2024 8:10 PM",9787550243767,0,"July 27, 2024 11:37 AM",0.01,,,北京联合出版公司 (Reading/Publisher/%E5%8C%97%E4%BA%AC%E8%81%94%E5%90%88%E5%87%BA%E7%89%88%E5%85%AC%E5%8F%B8%20371c06c64a4f48e3932001ab121d7992.md)
谈修养,京东 (Reading/Platform/%E4%BA%AC%E4%B8%9C%20991081d220754871a65ea5285ec56e3b.md),朱光潜 (Reading/Author/%E6%9C%B1%E5%85%89%E6%BD%9C%20a73e02d1e906477da7bbf65e1230cf87.md),社科 (Reading/Category/%E7%A4%BE%E7%A7%91%208329bdf601ac465ca4e46a05103e22c7.md),"June 5, 2024 6:54 AM",9787547309827,1,"July 27, 2024 11:39 AM",0.33,,,东方出版中心 (Reading/Publisher/%E4%B8%9C%E6%96%B9%E5%87%BA%E7%89%88%E4%B8%AD%E5%BF%83%20b6c1598ca57f45debf06f953e448c5b1.md)
中国文学论丛,赠送 (Reading/Platform/%E8%B5%A0%E9%80%81%20455e7d509df3444ebf2c9c50269c654b.md),钱穆 (Reading/Author/%E9%92%B1%E7%A9%86%201d4a2b38ced7458b8e237019a05a0397.md),国学 (Reading/Category/%E5%9B%BD%E5%AD%A6%201a4e5ee48605434199b479f4204a0599.md),"June 7, 2024 5:10 PM",9787108056764,1,"July 27, 2024 11:43 AM",,,,生活·读书·新知三联书店 (Reading/Publisher/%E7%94%9F%E6%B4%BB%C2%B7%E8%AF%BB%E4%B9%A6%C2%B7%E6%96%B0%E7%9F%A5%E4%B8%89%E8%81%94%E4%B9%A6%E5%BA%97%20bff057dbdeb44d178d8b7071482927c2.md)
野性的呼唤（售出）,京东 (Reading/Platform/%E4%BA%AC%E4%B8%9C%20991081d220754871a65ea5285ec56e3b.md),杰克·伦敦 (Reading/Author/%E6%9D%B0%E5%85%8B%C2%B7%E4%BC%A6%E6%95%A6%200e9caf89eed44c58a0b8b23f570e0364.md),短篇 (Reading/Category/%E7%9F%AD%E7%AF%87%207cecd2c07ba6415e84f853878c8539bf.md),"June 9, 2024 10:21 AM",9787511727114,0,"January 17, 2025 9:15 AM",-5.8,-1,,中央编译出版社 (Reading/Publisher/%E4%B8%AD%E5%A4%AE%E7%BC%96%E8%AF%91%E5%87%BA%E7%89%88%E7%A4%BE%201652895c29a14119a795cb013332cd08.md)
猎人笔记,京东 (Reading/Platform/%E4%BA%AC%E4%B8%9C%20991081d220754871a65ea5285ec56e3b.md),屠格涅夫 (Reading/Author/%E5%B1%A0%E6%A0%BC%E6%B6%85%E5%A4%AB%20d55de7c9158f4d8283bd17fc1fed0c6e.md),短篇 (Reading/Category/%E7%9F%AD%E7%AF%87%207cecd2c07ba6415e84f853878c8539bf.md),"June 15, 2024 3:53 PM",9787511737243,1,"July 27, 2024 11:38 AM",3.4,,,中央编译出版社 (Reading/Publisher/%E4%B8%AD%E5%A4%AE%E7%BC%96%E8%AF%91%E5%87%BA%E7%89%88%E7%A4%BE%201652895c29a14119a795cb013332cd08.md)
追忆似水年华,京东 (Reading/Platform/%E4%BA%AC%E4%B8%9C%20991081d220754871a65ea5285ec56e3b.md),马赛尔·普鲁斯特 (Reading/Author/%E9%A9%AC%E8%B5%9B%E5%B0%94%C2%B7%E6%99%AE%E9%B2%81%E6%96%AF%E7%89%B9%20e88061ebce584bab96a46c4d25b6e89f.md),长篇 (Reading/Category/%E9%95%BF%E7%AF%87%206b4e322679ec4c5e98aaa5526375f168.md),"June 18, 2024 10:23 AM",9787544716239,1,"July 27, 2024 11:44 AM",55.16,,,译林出版社 (Reading/Publisher/%E8%AF%91%E6%9E%97%E5%87%BA%E7%89%88%E7%A4%BE%209928c83dbb0947949034efce236fe3b8.md)
中国历史纪年表,抖音 (Reading/Platform/%E6%8A%96%E9%9F%B3%20bda2aad8d7a64269931fcf174a026721.md),其它 (Reading/Author/%E5%85%B6%E5%AE%83%20562b510967874f97ae9a82328b0fd99a.md),历史 (Reading/Category/%E5%8E%86%E5%8F%B2%201a0d5f76b6ef49c08c573167fa6554dc.md),"June 22, 2024 2:07 PM",9787101133172,1,"July 27, 2024 11:36 AM",1.5,,,中华书局 (Reading/Publisher/%E4%B8%AD%E5%8D%8E%E4%B9%A6%E5%B1%80%20bcb15c0dc1c74b3fb97715d80213363f.md)
爱你就像爱生命,孔夫子 (Reading/Platform/%E5%AD%94%E5%A4%AB%E5%AD%90%20e9c2ade3c3594415ab366417a820055f.md),王小波 (Reading/Author/%E7%8E%8B%E5%B0%8F%E6%B3%A2%20b6d979c4b8e54897b4507ff82fd06dfc.md),书信 (Reading/Category/%E4%B9%A6%E4%BF%A1%201c477dd3d7838002aab2eb3041986dd9.md),"July 13, 2024 9:11 PM",9787530217252,1,"March 28, 2025 2:55 PM",8,100,10,"北京十月文艺出版社 (Reading/Publisher/%E5%8C%97%E4%BA%AC%E5%8D%81%E6%9C%88%E6%96%87%E8%89%BA%E5%87%BA%E7%89%88%E7%A4%BE%203a0dcd86170d49d9ba43e6f8c991c984.md), 新经典 (Reading/Publisher/%E6%96%B0%E7%BB%8F%E5%85%B8%20248fc2414a2b41a8bc70dd326b9ca023.md)"
我的精神家园（售出）,孔夫子 (Reading/Platform/%E5%AD%94%E5%A4%AB%E5%AD%90%20e9c2ade3c3594415ab366417a820055f.md),王小波 (Reading/Author/%E7%8E%8B%E5%B0%8F%E6%B3%A2%20b6d979c4b8e54897b4507ff82fd06dfc.md),散文 (Reading/Category/%E6%95%A3%E6%96%87%20d94c81dc272b4510b64387a9402d125c.md),"July 13, 2024 9:12 PM",9787530217467,0.5,"October 13, 2025 3:28 PM",2.9,-1,10,"北京十月文艺出版社 (Reading/Publisher/%E5%8C%97%E4%BA%AC%E5%8D%81%E6%9C%88%E6%96%87%E8%89%BA%E5%87%BA%E7%89%88%E7%A4%BE%203a0dcd86170d49d9ba43e6f8c991c984.md), 新经典 (Reading/Publisher/%E6%96%B0%E7%BB%8F%E5%85%B8%20248fc2414a2b41a8bc70dd326b9ca023.md)"
月亮与六便士,孔夫子 (Reading/Platform/%E5%AD%94%E5%A4%AB%E5%AD%90%20e9c2ade3c3594415ab366417a820055f.md),毛姆 (Reading/Author/%E6%AF%9B%E5%A7%86%20d23eff18683e4a048b17589cacd0c44f.md),长篇 (Reading/Category/%E9%95%BF%E7%AF%87%206b4e322679ec4c5e98aaa5526375f168.md),"July 13, 2024 9:13 PM",9787532749003,1,"February 15, 2025 11:25 PM",4,100,8,上海译文出版社 (Reading/Publisher/%E4%B8%8A%E6%B5%B7%E8%AF%91%E6%96%87%E5%87%BA%E7%89%88%E7%A4%BE%202678101fd9c841e58f199d01b6c00513.md)
百年孤独（售出）,孔夫子 (Reading/Platform/%E5%AD%94%E5%A4%AB%E5%AD%90%20e9c2ade3c3594415ab366417a820055f.md),马尔克斯 (Reading/Author/%E9%A9%AC%E5%B0%94%E5%85%8B%E6%96%AF%201a9f5070c5ad4997b2ecdf8e38c59ba6.md),长篇 (Reading/Category/%E9%95%BF%E7%AF%87%206b4e322679ec4c5e98aaa5526375f168.md),"July 13, 2024 9:14 PM",9787544253994,0,"March 2, 2025 1:21 PM",-8,-1,,"南海出版公司 (Reading/Publisher/%E5%8D%97%E6%B5%B7%E5%87%BA%E7%89%88%E5%85%AC%E5%8F%B8%204fe082fe5df3417b86f2e33661900dde.md), 新经典 (Reading/Publisher/%E6%96%B0%E7%BB%8F%E5%85%B8%20248fc2414a2b41a8bc70dd326b9ca023.md)"
俄亥俄，温斯堡（售出）,孔夫子 (Reading/Platform/%E5%AD%94%E5%A4%AB%E5%AD%90%20e9c2ade3c3594415ab366417a820055f.md),舍伍德·安德森 (Reading/Author/%E8%88%8D%E4%BC%8D%E5%BE%B7%C2%B7%E5%AE%89%E5%BE%B7%E6%A3%AE%204d440690b23a4aba995bad79ba2414a5.md),短篇 (Reading/Category/%E7%9F%AD%E7%AF%87%207cecd2c07ba6415e84f853878c8539bf.md),"July 13, 2024 9:14 PM",9787544258951,0.6,"March 2, 2025 1:22 PM",-8,-1,10,"南海出版公司 (Reading/Publisher/%E5%8D%97%E6%B5%B7%E5%87%BA%E7%89%88%E5%85%AC%E5%8F%B8%204fe082fe5df3417b86f2e33661900dde.md), 新经典 (Reading/Publisher/%E6%96%B0%E7%BB%8F%E5%85%B8%20248fc2414a2b41a8bc70dd326b9ca023.md)"
认命的姑娘,孔夫子 (Reading/Platform/%E5%AD%94%E5%A4%AB%E5%AD%90%20e9c2ade3c3594415ab366417a820055f.md),陀思妥耶夫斯基 (Reading/Author/%E9%99%80%E6%80%9D%E5%A6%A5%E8%80%B6%E5%A4%AB%E6%96%AF%E5%9F%BA%20cccbf1ca36f64ef0bbe6eda7c91537b8.md),短篇 (Reading/Category/%E7%9F%AD%E7%AF%87%207cecd2c07ba6415e84f853878c8539bf.md),"July 17, 2024 12:10 PM",9787540794682,1,"September 14, 2024 9:05 AM",9,,,漓江出版社 (Reading/Publisher/%E6%BC%93%E6%B1%9F%E5%87%BA%E7%89%88%E7%A4%BE%205ceaba55a24d495a85bb9fd2cf54d786.md)
地下室手记,孔夫子 (Reading/Platform/%E5%AD%94%E5%A4%AB%E5%AD%90%20e9c2ade3c3594415ab366417a820055f.md),陀思妥耶夫斯基 (Reading/Author/%E9%99%80%E6%80%9D%E5%A6%A5%E8%80%B6%E5%A4%AB%E6%96%AF%E5%9F%BA%20cccbf1ca36f64ef0bbe6eda7c91537b8.md),短篇 (Reading/Category/%E7%9F%AD%E7%AF%87%207cecd2c07ba6415e84f853878c8539bf.md),"July 17, 2024 12:11 PM",9787540787165,1,"September 14, 2024 9:05 AM",9,,,漓江出版社 (Reading/Publisher/%E6%BC%93%E6%B1%9F%E5%87%BA%E7%89%88%E7%A4%BE%205ceaba55a24d495a85bb9fd2cf54d786.md)
穷人,孔夫子 (Reading/Platform/%E5%AD%94%E5%A4%AB%E5%AD%90%20e9c2ade3c3594415ab366417a820055f.md),陀思妥耶夫斯基 (Reading/Author/%E9%99%80%E6%80%9D%E5%A6%A5%E8%80%B6%E5%A4%AB%E6%96%AF%E5%9F%BA%20cccbf1ca36f64ef0bbe6eda7c91537b8.md),短篇 (Reading/Category/%E7%9F%AD%E7%AF%87%207cecd2c07ba6415e84f853878c8539bf.md),"July 17, 2024 12:12 PM",9787540794699,1,"September 14, 2024 9:05 AM",8,,,漓江出版社 (Reading/Publisher/%E6%BC%93%E6%B1%9F%E5%87%BA%E7%89%88%E7%A4%BE%205ceaba55a24d495a85bb9fd2cf54d786.md)
关于陀思妥耶夫斯基的六次讲座,拼多多 (Reading/Platform/%E6%8B%BC%E5%A4%9A%E5%A4%9A%20db19793d87f549c3ba08ccdb17b42c9e.md),安德烈·纪德 (Reading/Author/%E5%AE%89%E5%BE%B7%E7%83%88%C2%B7%E7%BA%AA%E5%BE%B7%20650c934450174ebe934c15b26a441039.md),社科 (Reading/Category/%E7%A4%BE%E7%A7%91%208329bdf601ac465ca4e46a05103e22c7.md),"July 17, 2024 9:37 PM",9787020141128,1,"October 12, 2024 10:19 AM",1.89,100,9,"人民文学出版社 (Reading/Publisher/%E4%BA%BA%E6%B0%91%E6%96%87%E5%AD%A6%E5%87%BA%E7%89%88%E7%A4%BE%208f33d507688c4765a90194e25a9bf0b7.md), 99读书人 (Reading/Publisher/99%E8%AF%BB%E4%B9%A6%E4%BA%BA%202917767bc03041aebbac3242699eb32f.md)"
黄金时代,孔夫子 (Reading/Platform/%E5%AD%94%E5%A4%AB%E5%AD%90%20e9c2ade3c3594415ab366417a820055f.md),王小波 (Reading/Author/%E7%8E%8B%E5%B0%8F%E6%B3%A2%20b6d979c4b8e54897b4507ff82fd06dfc.md),长篇 (Reading/Category/%E9%95%BF%E7%AF%87%206b4e322679ec4c5e98aaa5526375f168.md),"July 20, 2024 2:50 PM",9787530216606,1,"August 6, 2024 3:58 PM",11,100,10,"北京十月文艺出版社 (Reading/Publisher/%E5%8C%97%E4%BA%AC%E5%8D%81%E6%9C%88%E6%96%87%E8%89%BA%E5%87%BA%E7%89%88%E7%A4%BE%203a0dcd86170d49d9ba43e6f8c991c984.md), 新经典 (Reading/Publisher/%E6%96%B0%E7%BB%8F%E5%85%B8%20248fc2414a2b41a8bc70dd326b9ca023.md)"
人不单靠面包活着,抖音 (Reading/Platform/%E6%8A%96%E9%9F%B3%20bda2aad8d7a64269931fcf174a026721.md),陀思妥耶夫斯基 (Reading/Author/%E9%99%80%E6%80%9D%E5%A6%A5%E8%80%B6%E5%A4%AB%E6%96%AF%E5%9F%BA%20cccbf1ca36f64ef0bbe6eda7c91537b8.md),书信 (Reading/Category/%E4%B9%A6%E4%BF%A1%201c477dd3d7838002aab2eb3041986dd9.md),"July 24, 2024 8:07 PM",9787532761036,1,"March 28, 2025 2:54 PM",13.8,,,上海译文出版社 (Reading/Publisher/%E4%B8%8A%E6%B5%B7%E8%AF%91%E6%96%87%E5%87%BA%E7%89%88%E7%A4%BE%202678101fd9c841e58f199d01b6c00513.md)
中国历代政治得失,拼多多 (Reading/Platform/%E6%8B%BC%E5%A4%9A%E5%A4%9A%20db19793d87f549c3ba08ccdb17b42c9e.md),钱穆 (Reading/Author/%E9%92%B1%E7%A9%86%201d4a2b38ced7458b8e237019a05a0397.md),历史 (Reading/Category/%E5%8E%86%E5%8F%B2%201a0d5f76b6ef49c08c573167fa6554dc.md),"July 24, 2024 10:55 PM",9787108063007,1,"July 27, 2024 3:22 PM",12.68,,,生活·读书·新知三联书店 (Reading/Publisher/%E7%94%9F%E6%B4%BB%C2%B7%E8%AF%BB%E4%B9%A6%C2%B7%E6%96%B0%E7%9F%A5%E4%B8%89%E8%81%94%E4%B9%A6%E5%BA%97%20bff057dbdeb44d178d8b7071482927c2.md)
活出生命的意义,赠送 (Reading/Platform/%E8%B5%A0%E9%80%81%20455e7d509df3444ebf2c9c50269c654b.md),维克多·弗兰克尔 (Reading/Author/%E7%BB%B4%E5%85%8B%E5%A4%9A%C2%B7%E5%BC%97%E5%85%B0%E5%85%8B%E5%B0%94%200dd444cc74ef4252a1c2bd0e3c27a2b0.md),社科 (Reading/Category/%E7%A4%BE%E7%A7%91%208329bdf601ac465ca4e46a05103e22c7.md),"July 25, 2024 11:50 AM",9787508058993,1,"July 27, 2024 11:42 AM",,,,华夏出版社 (Reading/Publisher/%E5%8D%8E%E5%A4%8F%E5%87%BA%E7%89%88%E7%A4%BE%202bb2b6637048483fbbc3bd7e61ed3443.md)
离开的，留下的,赠送 (Reading/Platform/%E8%B5%A0%E9%80%81%20455e7d509df3444ebf2c9c50269c654b.md),埃莱娜·费兰特 (Reading/Author/%E5%9F%83%E8%8E%B1%E5%A8%9C%C2%B7%E8%B4%B9%E5%85%B0%E7%89%B9%204f8fee8ca8e34d36a0b303f816fea777.md),长篇 (Reading/Category/%E9%95%BF%E7%AF%87%206b4e322679ec4c5e98aaa5526375f168.md),"July 25, 2024 2:22 PM",9787020132003,1,"July 27, 2024 11:38 AM",,,,"人民文学出版社 (Reading/Publisher/%E4%BA%BA%E6%B0%91%E6%96%87%E5%AD%A6%E5%87%BA%E7%89%88%E7%A4%BE%208f33d507688c4765a90194e25a9bf0b7.md), 99读书人 (Reading/Publisher/99%E8%AF%BB%E4%B9%A6%E4%BA%BA%202917767bc03041aebbac3242699eb32f.md)"
我的天才女友,赠送 (Reading/Platform/%E8%B5%A0%E9%80%81%20455e7d509df3444ebf2c9c50269c654b.md),埃莱娜·费兰特 (Reading/Author/%E5%9F%83%E8%8E%B1%E5%A8%9C%C2%B7%E8%B4%B9%E5%85%B0%E7%89%B9%204f8fee8ca8e34d36a0b303f816fea777.md),长篇 (Reading/Category/%E9%95%BF%E7%AF%87%206b4e322679ec4c5e98aaa5526375f168.md),"July 25, 2024 2:28 PM",9787020120130,1,"July 27, 2024 11:38 AM",,,,"人民文学出版社 (Reading/Publisher/%E4%BA%BA%E6%B0%91%E6%96%87%E5%AD%A6%E5%87%BA%E7%89%88%E7%A4%BE%208f33d507688c4765a90194e25a9bf0b7.md), 99读书人 (Reading/Publisher/99%E8%AF%BB%E4%B9%A6%E4%BA%BA%202917767bc03041aebbac3242699eb32f.md)"
新名字的故事,赠送 (Reading/Platform/%E8%B5%A0%E9%80%81%20455e7d509df3444ebf2c9c50269c654b.md),埃莱娜·费兰特 (Reading/Author/%E5%9F%83%E8%8E%B1%E5%A8%9C%C2%B7%E8%B4%B9%E5%85%B0%E7%89%B9%204f8fee8ca8e34d36a0b303f816fea777.md),长篇 (Reading/Category/%E9%95%BF%E7%AF%87%206b4e322679ec4c5e98aaa5526375f168.md),"July 25, 2024 2:31 PM",9787020125265,1,"July 27, 2024 11:38 AM",,,,"人民文学出版社 (Reading/Publisher/%E4%BA%BA%E6%B0%91%E6%96%87%E5%AD%A6%E5%87%BA%E7%89%88%E7%A4%BE%208f33d507688c4765a90194e25a9bf0b7.md), 99读书人 (Reading/Publisher/99%E8%AF%BB%E4%B9%A6%E4%BA%BA%202917767bc03041aebbac3242699eb32f.md)"
失踪的孩子,赠送 (Reading/Platform/%E8%B5%A0%E9%80%81%20455e7d509df3444ebf2c9c50269c654b.md),埃莱娜·费兰特 (Reading/Author/%E5%9F%83%E8%8E%B1%E5%A8%9C%C2%B7%E8%B4%B9%E5%85%B0%E7%89%B9%204f8fee8ca8e34d36a0b303f816fea777.md),长篇 (Reading/Category/%E9%95%BF%E7%AF%87%206b4e322679ec4c5e98aaa5526375f168.md),"July 25, 2024 2:34 PM",9787020139927,1,"July 27, 2024 11:38 AM",,,,"人民文学出版社 (Reading/Publisher/%E4%BA%BA%E6%B0%91%E6%96%87%E5%AD%A6%E5%87%BA%E7%89%88%E7%A4%BE%208f33d507688c4765a90194e25a9bf0b7.md), 99读书人 (Reading/Publisher/99%E8%AF%BB%E4%B9%A6%E4%BA%BA%202917767bc03041aebbac3242699eb32f.md)"
浮生六记,赠送 (Reading/Platform/%E8%B5%A0%E9%80%81%20455e7d509df3444ebf2c9c50269c654b.md),沈复 (Reading/Author/%E6%B2%88%E5%A4%8D%2087601d0b5b384bc885914db295061308.md),"小品 (Reading/Category/%E5%B0%8F%E5%93%81%2037e0b2be8e6a4a0b89b27c594bf9cff6.md), 经典 (Reading/Category/%E7%BB%8F%E5%85%B8%20e210ce3838764a44bf39c141b13e0070.md)","July 27, 2024 11:27 PM","
9787533948108",1,"July 28, 2024 2:53 PM",,,,"浙江文艺出版社 (Reading/Publisher/%E6%B5%99%E6%B1%9F%E6%96%87%E8%89%BA%E5%87%BA%E7%89%88%E7%A4%BE%20a1a3ebbcdfff41aba54adb589a51adf2.md), 大星 (Reading/Publisher/%E5%A4%A7%E6%98%9F%209ad8c0d79a6c42c7a5106ea93fdd0edb.md)"
天意,赠送 (Reading/Platform/%E8%B5%A0%E9%80%81%20455e7d509df3444ebf2c9c50269c654b.md),安妮塔·布鲁克纳 (Reading/Author/%E5%AE%89%E5%A6%AE%E5%A1%94%C2%B7%E5%B8%83%E9%B2%81%E5%85%8B%E7%BA%B3%208bccadec54e6401889a98f316b1f5d0e.md),长篇 (Reading/Category/%E9%95%BF%E7%AF%87%206b4e322679ec4c5e98aaa5526375f168.md),"July 28, 2024 3:04 PM",9787506387927,1,"July 28, 2024 3:08 PM",,,,"作家出版社 (Reading/Publisher/%E4%BD%9C%E5%AE%B6%E5%87%BA%E7%89%88%E7%A4%BE%20f7a0e637f1214e3f924512bbe55247b8.md), 全本书店 (Reading/Publisher/%E5%85%A8%E6%9C%AC%E4%B9%A6%E5%BA%97%20f5532232d5c642cc9bd383a21c705d73.md)"
雪落香杉树,赠送 (Reading/Platform/%E8%B5%A0%E9%80%81%20455e7d509df3444ebf2c9c50269c654b.md),戴维·伽特森 (Reading/Author/%E6%88%B4%E7%BB%B4%C2%B7%E4%BC%BD%E7%89%B9%E6%A3%AE%207512543119ee42c095d800c4452c3fa8.md),散文 (Reading/Category/%E6%95%A3%E6%96%87%20d94c81dc272b4510b64387a9402d125c.md),"July 28, 2024 3:08 PM",9787506387873,1,"July 28, 2024 3:10 PM",,,,"作家出版社 (Reading/Publisher/%E4%BD%9C%E5%AE%B6%E5%87%BA%E7%89%88%E7%A4%BE%20f7a0e637f1214e3f924512bbe55247b8.md), 全本书店 (Reading/Publisher/%E5%85%A8%E6%9C%AC%E4%B9%A6%E5%BA%97%20f5532232d5c642cc9bd383a21c705d73.md)"
失踪者,抖音 (Reading/Platform/%E6%8A%96%E9%9F%B3%20bda2aad8d7a64269931fcf174a026721.md),卡夫卡 (Reading/Author/%E5%8D%A1%E5%A4%AB%E5%8D%A1%20e23e0f36b6ca4315987d65077ea8e288.md),长篇 (Reading/Category/%E9%95%BF%E7%AF%87%206b4e322679ec4c5e98aaa5526375f168.md),"July 29, 2024 10:43 PM",9787511735485,1,"August 1, 2024 4:49 PM",0,,,中央编译出版社 (Reading/Publisher/%E4%B8%AD%E5%A4%AE%E7%BC%96%E8%AF%91%E5%87%BA%E7%89%88%E7%A4%BE%201652895c29a14119a795cb013332cd08.md)
城堡,抖音 (Reading/Platform/%E6%8A%96%E9%9F%B3%20bda2aad8d7a64269931fcf174a026721.md),卡夫卡 (Reading/Author/%E5%8D%A1%E5%A4%AB%E5%8D%A1%20e23e0f36b6ca4315987d65077ea8e288.md),长篇 (Reading/Category/%E9%95%BF%E7%AF%87%206b4e322679ec4c5e98aaa5526375f168.md),"July 29, 2024 10:55 PM",9787511735478,1,"August 1, 2024 7:48 PM",2.9,,,中央编译出版社 (Reading/Publisher/%E4%B8%AD%E5%A4%AE%E7%BC%96%E8%AF%91%E5%87%BA%E7%89%88%E7%A4%BE%201652895c29a14119a795cb013332cd08.md)
堂吉诃德（售出）,快团团 (Reading/Platform/%E5%BF%AB%E5%9B%A2%E5%9B%A2%20317b892c6e0f43948aec2aa865325c35.md),塞万提斯 (Reading/Author/%E5%A1%9E%E4%B8%87%E6%8F%90%E6%96%AF%208aa770dc9ab54909a1e9746ccc653227.md),长篇 (Reading/Category/%E9%95%BF%E7%AF%87%206b4e322679ec4c5e98aaa5526375f168.md),"August 4, 2024 12:59 PM",9787544714877,0,"January 12, 2025 10:49 AM",0,-1,,译林出版社 (Reading/Publisher/%E8%AF%91%E6%9E%97%E5%87%BA%E7%89%88%E7%A4%BE%209928c83dbb0947949034efce236fe3b8.md)
绿毛水怪（售出）,孔夫子 (Reading/Platform/%E5%AD%94%E5%A4%AB%E5%AD%90%20e9c2ade3c3594415ab366417a820055f.md),王小波 (Reading/Author/%E7%8E%8B%E5%B0%8F%E6%B3%A2%20b6d979c4b8e54897b4507ff82fd06dfc.md),短篇 (Reading/Category/%E7%9F%AD%E7%AF%87%207cecd2c07ba6415e84f853878c8539bf.md),"August 6, 2024 10:33 AM",9787530217948,0.5,"October 13, 2025 3:28 PM",-1.4,-1,10,"北京十月文艺出版社 (Reading/Publisher/%E5%8C%97%E4%BA%AC%E5%8D%81%E6%9C%88%E6%96%87%E8%89%BA%E5%87%BA%E7%89%88%E7%A4%BE%203a0dcd86170d49d9ba43e6f8c991c984.md), 新经典 (Reading/Publisher/%E6%96%B0%E7%BB%8F%E5%85%B8%20248fc2414a2b41a8bc70dd326b9ca023.md)"
沉默的大多数,孔夫子 (Reading/Platform/%E5%AD%94%E5%A4%AB%E5%AD%90%20e9c2ade3c3594415ab366417a820055f.md),王小波 (Reading/Author/%E7%8E%8B%E5%B0%8F%E6%B3%A2%20b6d979c4b8e54897b4507ff82fd06dfc.md),散文 (Reading/Category/%E6%95%A3%E6%96%87%20d94c81dc272b4510b64387a9402d125c.md),"August 6, 2024 11:27 AM",9787530216590,1,"August 27, 2024 7:28 PM",8,100,10,"北京十月文艺出版社 (Reading/Publisher/%E5%8C%97%E4%BA%AC%E5%8D%81%E6%9C%88%E6%96%87%E8%89%BA%E5%87%BA%E7%89%88%E7%A4%BE%203a0dcd86170d49d9ba43e6f8c991c984.md), 新经典 (Reading/Publisher/%E6%96%B0%E7%BB%8F%E5%85%B8%20248fc2414a2b41a8bc70dd326b9ca023.md)"
尤利西斯（售出）,快团团 (Reading/Platform/%E5%BF%AB%E5%9B%A2%E5%9B%A2%20317b892c6e0f43948aec2aa865325c35.md),詹姆斯·乔伊斯 (Reading/Author/%E8%A9%B9%E5%A7%86%E6%96%AF%C2%B7%E4%B9%94%E4%BC%8A%E6%96%AF%200982ac7afc8a462ca52f9672f72fa598.md),长篇 (Reading/Category/%E9%95%BF%E7%AF%87%206b4e322679ec4c5e98aaa5526375f168.md),"August 19, 2024 12:20 PM",9787544712736,0,"January 17, 2025 9:15 AM",-4.5,-1,,译林出版社 (Reading/Publisher/%E8%AF%91%E6%9E%97%E5%87%BA%E7%89%88%E7%A4%BE%209928c83dbb0947949034efce236fe3b8.md)
静静的顿河,淘宝 (Reading/Platform/%E6%B7%98%E5%AE%9D%20c7f52ce2740b41f98aef55e4ce0688de.md),肖洛霍夫 (Reading/Author/%E8%82%96%E6%B4%9B%E9%9C%8D%E5%A4%AB%200f0f1ba7cde54313ba5dceaf378f666b.md),长篇 (Reading/Category/%E9%95%BF%E7%AF%87%206b4e322679ec4c5e98aaa5526375f168.md),"August 23, 2024 4:56 PM",9787570202379,1,"August 30, 2024 4:57 PM",23.21,,,长江文艺出版社 (Reading/Publisher/%E9%95%BF%E6%B1%9F%E6%96%87%E8%89%BA%E5%87%BA%E7%89%88%E7%A4%BE%20ca2ef9610a174457ba2236fed05e023a.md)
一句顶一万句,kindle (Reading/Platform/kindle%200ebd267828e046898cd199a4d0bf6b93.md),刘震云 (Reading/Author/%E5%88%98%E9%9C%87%E4%BA%91%2027f60b5800f34303bf6388b76d335cb0.md),长篇 (Reading/Category/%E9%95%BF%E7%AF%87%206b4e322679ec4c5e98aaa5526375f168.md),"September 11, 2024 9:54 AM",9787535439765,0.1,"August 13, 2025 9:56 PM",0,100,10,长江文艺出版社 (Reading/Publisher/%E9%95%BF%E6%B1%9F%E6%96%87%E8%89%BA%E5%87%BA%E7%89%88%E7%A4%BE%20ca2ef9610a174457ba2236fed05e023a.md)
夏倍上校（售出）,抖音 (Reading/Platform/%E6%8A%96%E9%9F%B3%20bda2aad8d7a64269931fcf174a026721.md),巴尔扎克 (Reading/Author/%E5%B7%B4%E5%B0%94%E6%89%8E%E5%85%8B%20f5dc47731b5a4cbd99f33a2d0fb8e527.md),长篇 (Reading/Category/%E9%95%BF%E7%AF%87%206b4e322679ec4c5e98aaa5526375f168.md),"September 16, 2024 9:30 PM",9787542652249,0,"March 2, 2025 1:22 PM",1.2,-1,,上海三联书店 (Reading/Publisher/%E4%B8%8A%E6%B5%B7%E4%B8%89%E8%81%94%E4%B9%A6%E5%BA%97%2010577dd3d78380c08b54e1b7ea895a0b.md)
骑马出走的女人（售出）,抖音 (Reading/Platform/%E6%8A%96%E9%9F%B3%20bda2aad8d7a64269931fcf174a026721.md),D·H·劳伦斯 (Reading/Author/D%C2%B7H%C2%B7%E5%8A%B3%E4%BC%A6%E6%96%AF%2010577dd3d783809cae8fc9d12002192c.md),短篇 (Reading/Category/%E7%9F%AD%E7%AF%87%207cecd2c07ba6415e84f853878c8539bf.md),"September 16, 2024 9:33 PM",9787542648891,0.3,"March 2, 2025 1:22 PM",1.8,-1,7,上海三联书店 (Reading/Publisher/%E4%B8%8A%E6%B5%B7%E4%B8%89%E8%81%94%E4%B9%A6%E5%BA%97%2010577dd3d78380c08b54e1b7ea895a0b.md)
上尉的女儿,抖音 (Reading/Platform/%E6%8A%96%E9%9F%B3%20bda2aad8d7a64269931fcf174a026721.md),普希金 (Reading/Author/%E6%99%AE%E5%B8%8C%E9%87%91%2010577dd3d783801eae8fffd289d5f853.md),长篇 (Reading/Category/%E9%95%BF%E7%AF%87%206b4e322679ec4c5e98aaa5526375f168.md),"September 16, 2024 9:34 PM",9787532158096,1,"September 19, 2024 4:56 PM",0.01,,,"上海文艺出版社 (Reading/Publisher/%E4%B8%8A%E6%B5%B7%E6%96%87%E8%89%BA%E5%87%BA%E7%89%88%E7%A4%BE%20bd4fac4bc10942118ef6a8c56b2a301f.md), 99读书人 (Reading/Publisher/99%E8%AF%BB%E4%B9%A6%E4%BA%BA%202917767bc03041aebbac3242699eb32f.md)"
罪与罚,抖音 (Reading/Platform/%E6%8A%96%E9%9F%B3%20bda2aad8d7a64269931fcf174a026721.md),陀思妥耶夫斯基 (Reading/Author/%E9%99%80%E6%80%9D%E5%A6%A5%E8%80%B6%E5%A4%AB%E6%96%AF%E5%9F%BA%20cccbf1ca36f64ef0bbe6eda7c91537b8.md),长篇 (Reading/Category/%E9%95%BF%E7%AF%87%206b4e322679ec4c5e98aaa5526375f168.md),"September 16, 2024 9:35 PM",9787544786171,1,"September 18, 2024 2:33 PM",15.9,,,译林出版社 (Reading/Publisher/%E8%AF%91%E6%9E%97%E5%87%BA%E7%89%88%E7%A4%BE%209928c83dbb0947949034efce236fe3b8.md)
鬼（售出）,孔夫子 (Reading/Platform/%E5%AD%94%E5%A4%AB%E5%AD%90%20e9c2ade3c3594415ab366417a820055f.md),陀思妥耶夫斯基 (Reading/Author/%E9%99%80%E6%80%9D%E5%A6%A5%E8%80%B6%E5%A4%AB%E6%96%AF%E5%9F%BA%20cccbf1ca36f64ef0bbe6eda7c91537b8.md),长篇 (Reading/Category/%E9%95%BF%E7%AF%87%206b4e322679ec4c5e98aaa5526375f168.md),"September 18, 2024 2:27 PM",9787532766130,1,"January 12, 2025 10:47 AM",0,-1,10,上海译文出版社 (Reading/Publisher/%E4%B8%8A%E6%B5%B7%E8%AF%91%E6%96%87%E5%87%BA%E7%89%88%E7%A4%BE%202678101fd9c841e58f199d01b6c00513.md)
玉米人,孔夫子 (Reading/Platform/%E5%AD%94%E5%A4%AB%E5%AD%90%20e9c2ade3c3594415ab366417a820055f.md),阿斯图里亚斯 (Reading/Author/%E9%98%BF%E6%96%AF%E5%9B%BE%E9%87%8C%E4%BA%9A%E6%96%AF%2010577dd3d7838054bef5d1a226a35561.md),长篇 (Reading/Category/%E9%95%BF%E7%AF%87%206b4e322679ec4c5e98aaa5526375f168.md),"September 18, 2024 2:28 PM",9787532762293,1,"September 18, 2024 2:33 PM",15,,,上海译文出版社 (Reading/Publisher/%E4%B8%8A%E6%B5%B7%E8%AF%91%E6%96%87%E5%87%BA%E7%89%88%E7%A4%BE%202678101fd9c841e58f199d01b6c00513.md)
红星照耀中国,孔夫子 (Reading/Platform/%E5%AD%94%E5%A4%AB%E5%AD%90%20e9c2ade3c3594415ab366417a820055f.md),埃德加·斯诺 (Reading/Author/%E5%9F%83%E5%BE%B7%E5%8A%A0%C2%B7%E6%96%AF%E8%AF%BA%20413204f1246b48d7ae209815ddafb221.md),历史 (Reading/Category/%E5%8E%86%E5%8F%B2%201a0d5f76b6ef49c08c573167fa6554dc.md),"September 18, 2024 2:31 PM",9787570206384,1,"September 18, 2024 2:33 PM",5,,,长江文艺出版社 (Reading/Publisher/%E9%95%BF%E6%B1%9F%E6%96%87%E8%89%BA%E5%87%BA%E7%89%88%E7%A4%BE%20ca2ef9610a174457ba2236fed05e023a.md)
被掩埋的巨人,孔夫子 (Reading/Platform/%E5%AD%94%E5%A4%AB%E5%AD%90%20e9c2ade3c3594415ab366417a820055f.md),石黑一雄 (Reading/Author/%E7%9F%B3%E9%BB%91%E4%B8%80%E9%9B%84%2049a433e74cf74f33bc0062ad76a6dd19.md),长篇 (Reading/Category/%E9%95%BF%E7%AF%87%206b4e322679ec4c5e98aaa5526375f168.md),"September 18, 2024 2:34 PM",9787532770243,1,"September 18, 2024 2:36 PM",5,,,上海译文出版社 (Reading/Publisher/%E4%B8%8A%E6%B5%B7%E8%AF%91%E6%96%87%E5%87%BA%E7%89%88%E7%A4%BE%202678101fd9c841e58f199d01b6c00513.md)
东方快车谋杀案,kindle (Reading/Platform/kindle%200ebd267828e046898cd199a4d0bf6b93.md),阿加莎·克里斯蒂 (Reading/Author/%E9%98%BF%E5%8A%A0%E8%8E%8E%C2%B7%E5%85%8B%E9%87%8C%E6%96%AF%E8%92%82%2010577dd3d783809aa9fcf0b77a533bef.md),长篇 (Reading/Category/%E9%95%BF%E7%AF%87%206b4e322679ec4c5e98aaa5526375f168.md),"September 18, 2024 2:38 PM",9787513311632,0.1,"August 13, 2025 9:56 PM",0,100,7,新星出版社 (Reading/Publisher/%E6%96%B0%E6%98%9F%E5%87%BA%E7%89%88%E7%A4%BE%2010577dd3d78380a282c6e2ebdf814b92.md)
尼罗河上的惨案,kindle (Reading/Platform/kindle%200ebd267828e046898cd199a4d0bf6b93.md),阿加莎·克里斯蒂 (Reading/Author/%E9%98%BF%E5%8A%A0%E8%8E%8E%C2%B7%E5%85%8B%E9%87%8C%E6%96%AF%E8%92%82%2010577dd3d783809aa9fcf0b77a533bef.md),长篇 (Reading/Category/%E9%95%BF%E7%AF%87%206b4e322679ec4c5e98aaa5526375f168.md),"September 18, 2024 2:47 PM",9787513313421,0.1,"August 13, 2025 9:56 PM",0,100,9,新星出版社 (Reading/Publisher/%E6%96%B0%E6%98%9F%E5%87%BA%E7%89%88%E7%A4%BE%2010577dd3d78380a282c6e2ebdf814b92.md)
一地鸡毛,kindle (Reading/Platform/kindle%200ebd267828e046898cd199a4d0bf6b93.md),刘震云 (Reading/Author/%E5%88%98%E9%9C%87%E4%BA%91%2027f60b5800f34303bf6388b76d335cb0.md),短篇 (Reading/Category/%E7%9F%AD%E7%AF%87%207cecd2c07ba6415e84f853878c8539bf.md),"October 7, 2024 3:34 PM",9787535452795,0.1,"August 13, 2025 9:56 PM",0,100,10,长江文艺出版社 (Reading/Publisher/%E9%95%BF%E6%B1%9F%E6%96%87%E8%89%BA%E5%87%BA%E7%89%88%E7%A4%BE%20ca2ef9610a174457ba2236fed05e023a.md)
卡拉马佐夫兄弟,京东 (Reading/Platform/%E4%BA%AC%E4%B8%9C%20991081d220754871a65ea5285ec56e3b.md),陀思妥耶夫斯基 (Reading/Author/%E9%99%80%E6%80%9D%E5%A6%A5%E8%80%B6%E5%A4%AB%E6%96%AF%E5%9F%BA%20cccbf1ca36f64ef0bbe6eda7c91537b8.md),长篇 (Reading/Category/%E9%95%BF%E7%AF%87%206b4e322679ec4c5e98aaa5526375f168.md),"November 8, 2024 8:52 PM",9787544786164,1,"November 8, 2024 9:15 PM",28.31,,,译林出版社 (Reading/Publisher/%E8%AF%91%E6%9E%97%E5%87%BA%E7%89%88%E7%A4%BE%209928c83dbb0947949034efce236fe3b8.md)
白痴,京东 (Reading/Platform/%E4%BA%AC%E4%B8%9C%20991081d220754871a65ea5285ec56e3b.md),陀思妥耶夫斯基 (Reading/Author/%E9%99%80%E6%80%9D%E5%A6%A5%E8%80%B6%E5%A4%AB%E6%96%AF%E5%9F%BA%20cccbf1ca36f64ef0bbe6eda7c91537b8.md),长篇 (Reading/Category/%E9%95%BF%E7%AF%87%206b4e322679ec4c5e98aaa5526375f168.md),"November 8, 2024 8:57 PM",9787544785464,1,"November 8, 2024 9:01 PM",21.34,,,译林出版社 (Reading/Publisher/%E8%AF%91%E6%9E%97%E5%87%BA%E7%89%88%E7%A4%BE%209928c83dbb0947949034efce236fe3b8.md)
契诃夫戏剧全集,京东 (Reading/Platform/%E4%BA%AC%E4%B8%9C%20991081d220754871a65ea5285ec56e3b.md),契诃夫 (Reading/Author/%E5%A5%91%E8%AF%83%E5%A4%AB%208181815d2fe04baa840fe6e9f36aaf1d.md),戏剧 (Reading/Category/%E6%88%8F%E5%89%A7%20e786d4f51d774802a89bd5322357426f.md),"November 8, 2024 9:05 PM",9787532776221,1,"November 8, 2024 9:15 PM",57.53,,,上海译文出版社 (Reading/Publisher/%E4%B8%8A%E6%B5%B7%E8%AF%91%E6%96%87%E5%87%BA%E7%89%88%E7%A4%BE%202678101fd9c841e58f199d01b6c00513.md)
磨坊文札,小红书 (Reading/Platform/%E5%B0%8F%E7%BA%A2%E4%B9%A6%2004487b4fe4c1440ca492f3368928efed.md),都德 (Reading/Author/%E9%83%BD%E5%BE%B7%2013f77dd3d78380ce8889e27e7bfbfb72.md),短篇 (Reading/Category/%E7%9F%AD%E7%AF%87%207cecd2c07ba6415e84f853878c8539bf.md),"November 15, 2024 8:52 PM",9787532150915,1,"November 15, 2024 9:03 PM",2.9,,,"上海文艺出版社 (Reading/Publisher/%E4%B8%8A%E6%B5%B7%E6%96%87%E8%89%BA%E5%87%BA%E7%89%88%E7%A4%BE%20bd4fac4bc10942118ef6a8c56b2a301f.md), 99读书人 (Reading/Publisher/99%E8%AF%BB%E4%B9%A6%E4%BA%BA%202917767bc03041aebbac3242699eb32f.md)"
手机,kindle (Reading/Platform/kindle%200ebd267828e046898cd199a4d0bf6b93.md),刘震云 (Reading/Author/%E5%88%98%E9%9C%87%E4%BA%91%2027f60b5800f34303bf6388b76d335cb0.md),长篇 (Reading/Category/%E9%95%BF%E7%AF%87%206b4e322679ec4c5e98aaa5526375f168.md),"November 18, 2024 2:53 PM",9787535426536,0.1,"August 13, 2025 9:56 PM",0,100,10,长江文艺出版社 (Reading/Publisher/%E9%95%BF%E6%B1%9F%E6%96%87%E8%89%BA%E5%87%BA%E7%89%88%E7%A4%BE%20ca2ef9610a174457ba2236fed05e023a.md)
我不是潘金莲,kindle (Reading/Platform/kindle%200ebd267828e046898cd199a4d0bf6b93.md),刘震云 (Reading/Author/%E5%88%98%E9%9C%87%E4%BA%91%2027f60b5800f34303bf6388b76d335cb0.md),长篇 (Reading/Category/%E9%95%BF%E7%AF%87%206b4e322679ec4c5e98aaa5526375f168.md),"November 21, 2024 10:19 PM",9787535449481,0.1,"August 13, 2025 9:56 PM",0,100,9,长江文艺出版社 (Reading/Publisher/%E9%95%BF%E6%B1%9F%E6%96%87%E8%89%BA%E5%87%BA%E7%89%88%E7%A4%BE%20ca2ef9610a174457ba2236fed05e023a.md)
小说机杼,kindle (Reading/Platform/kindle%200ebd267828e046898cd199a4d0bf6b93.md),詹姆斯·伍德 (Reading/Author/%E8%A9%B9%E5%A7%86%E6%96%AF%C2%B7%E4%BC%8D%E5%BE%B7%2015b77dd3d78380b68e96f35966dad99d.md),艺术 (Reading/Category/%E8%89%BA%E6%9C%AF%206783edfd7c2c40ca896345da888efd8c.md),"December 11, 2024 11:08 AM",9787564919771,0.1,"August 13, 2025 9:53 PM",0,,,"河南大学出版社 (Reading/Publisher/%E6%B2%B3%E5%8D%97%E5%A4%A7%E5%AD%A6%E5%87%BA%E7%89%88%E7%A4%BE%2015b77dd3d7838062881dd19179da66da.md), 上河卓远 (Reading/Publisher/%E4%B8%8A%E6%B2%B3%E5%8D%93%E8%BF%9C%2015b77dd3d7838039bfa8d2bd7c8aa959.md)"
少年,拼多多 (Reading/Platform/%E6%8B%BC%E5%A4%9A%E5%A4%9A%20db19793d87f549c3ba08ccdb17b42c9e.md),陀思妥耶夫斯基 (Reading/Author/%E9%99%80%E6%80%9D%E5%A6%A5%E8%80%B6%E5%A4%AB%E6%96%AF%E5%9F%BA%20cccbf1ca36f64ef0bbe6eda7c91537b8.md),长篇 (Reading/Category/%E9%95%BF%E7%AF%87%206b4e322679ec4c5e98aaa5526375f168.md),"January 2, 2025 5:31 PM",9787108065308,1,"January 2, 2025 5:39 PM",23.8,,,生活·读书·新知三联书店 (Reading/Publisher/%E7%94%9F%E6%B4%BB%C2%B7%E8%AF%BB%E4%B9%A6%C2%B7%E6%96%B0%E7%9F%A5%E4%B8%89%E8%81%94%E4%B9%A6%E5%BA%97%20bff057dbdeb44d178d8b7071482927c2.md)
死屋手记,淘宝 (Reading/Platform/%E6%B7%98%E5%AE%9D%20c7f52ce2740b41f98aef55e4ce0688de.md),陀思妥耶夫斯基 (Reading/Author/%E9%99%80%E6%80%9D%E5%A6%A5%E8%80%B6%E5%A4%AB%E6%96%AF%E5%9F%BA%20cccbf1ca36f64ef0bbe6eda7c91537b8.md),长篇 (Reading/Category/%E9%95%BF%E7%AF%87%206b4e322679ec4c5e98aaa5526375f168.md),"January 17, 2025 10:01 AM",9787108069122,1,"January 17, 2025 1:08 PM",24.83,,,生活·读书·新知三联书店 (Reading/Publisher/%E7%94%9F%E6%B4%BB%C2%B7%E8%AF%BB%E4%B9%A6%C2%B7%E6%96%B0%E7%9F%A5%E4%B8%89%E8%81%94%E4%B9%A6%E5%BA%97%20bff057dbdeb44d178d8b7071482927c2.md)
卡拉马佐夫兄弟（售出）,拼多多 (Reading/Platform/%E6%8B%BC%E5%A4%9A%E5%A4%9A%20db19793d87f549c3ba08ccdb17b42c9e.md),陀思妥耶夫斯基 (Reading/Author/%E9%99%80%E6%80%9D%E5%A6%A5%E8%80%B6%E5%A4%AB%E6%96%AF%E5%9F%BA%20cccbf1ca36f64ef0bbe6eda7c91537b8.md),长篇 (Reading/Category/%E9%95%BF%E7%AF%87%206b4e322679ec4c5e98aaa5526375f168.md),"January 17, 2025 10:13 AM",9787108065698,0,"August 30, 2025 2:57 PM",-65.46,-1,,生活·读书·新知三联书店 (Reading/Publisher/%E7%94%9F%E6%B4%BB%C2%B7%E8%AF%BB%E4%B9%A6%C2%B7%E6%96%B0%E7%9F%A5%E4%B8%89%E8%81%94%E4%B9%A6%E5%BA%97%20bff057dbdeb44d178d8b7071482927c2.md)
白夜,拼多多 (Reading/Platform/%E6%8B%BC%E5%A4%9A%E5%A4%9A%20db19793d87f549c3ba08ccdb17b42c9e.md),陀思妥耶夫斯基 (Reading/Author/%E9%99%80%E6%80%9D%E5%A6%A5%E8%80%B6%E5%A4%AB%E6%96%AF%E5%9F%BA%20cccbf1ca36f64ef0bbe6eda7c91537b8.md),短篇 (Reading/Category/%E7%9F%AD%E7%AF%87%207cecd2c07ba6415e84f853878c8539bf.md),"January 17, 2025 10:22 AM",9787540794156,1,"January 17, 2025 10:27 AM",10.92,,,漓江出版社 (Reading/Publisher/%E6%BC%93%E6%B1%9F%E5%87%BA%E7%89%88%E7%A4%BE%205ceaba55a24d495a85bb9fd2cf54d786.md)
博世,赠送 (Reading/Platform/%E8%B5%A0%E9%80%81%20455e7d509df3444ebf2c9c50269c654b.md),其它 (Reading/Author/%E5%85%B6%E5%AE%83%20562b510967874f97ae9a82328b0fd99a.md),传记 (Reading/Category/%E4%BC%A0%E8%AE%B0%20d20abb37fd72446d93c2f8215c227319.md),"January 17, 2025 10:28 AM",9787100243230,1,"January 17, 2025 10:33 AM",0,,,生活·读书·新知三联书店 (Reading/Publisher/%E7%94%9F%E6%B4%BB%C2%B7%E8%AF%BB%E4%B9%A6%C2%B7%E6%96%B0%E7%9F%A5%E4%B8%89%E8%81%94%E4%B9%A6%E5%BA%97%20bff057dbdeb44d178d8b7071482927c2.md)
罪与罚（售出）,孔夫子 (Reading/Platform/%E5%AD%94%E5%A4%AB%E5%AD%90%20e9c2ade3c3594415ab366417a820055f.md),陀思妥耶夫斯基 (Reading/Author/%E9%99%80%E6%80%9D%E5%A6%A5%E8%80%B6%E5%A4%AB%E6%96%AF%E5%9F%BA%20cccbf1ca36f64ef0bbe6eda7c91537b8.md),长篇 (Reading/Category/%E9%95%BF%E7%AF%87%206b4e322679ec4c5e98aaa5526375f168.md),"January 19, 2025 9:25 PM",9787536681460,0,"April 6, 2025 5:12 PM",-4.1,-1,,重庆出版社 (Reading/Publisher/%E9%87%8D%E5%BA%86%E5%87%BA%E7%89%88%E7%A4%BE%207c1434d0d4a64b189b6d25bb6a8682f9.md)
白痴,孔夫子 (Reading/Platform/%E5%AD%94%E5%A4%AB%E5%AD%90%20e9c2ade3c3594415ab366417a820055f.md),陀思妥耶夫斯基 (Reading/Author/%E9%99%80%E6%80%9D%E5%A6%A5%E8%80%B6%E5%A4%AB%E6%96%AF%E5%9F%BA%20cccbf1ca36f64ef0bbe6eda7c91537b8.md),长篇 (Reading/Category/%E9%95%BF%E7%AF%87%206b4e322679ec4c5e98aaa5526375f168.md),"January 19, 2025 9:25 PM",9787536690363,0.5,"January 23, 2025 4:26 PM",13,,,重庆出版社 (Reading/Publisher/%E9%87%8D%E5%BA%86%E5%87%BA%E7%89%88%E7%A4%BE%207c1434d0d4a64b189b6d25bb6a8682f9.md)
复活,孔夫子 (Reading/Platform/%E5%AD%94%E5%A4%AB%E5%AD%90%20e9c2ade3c3594415ab366417a820055f.md),托尔斯泰 (Reading/Author/%E6%89%98%E5%B0%94%E6%96%AF%E6%B3%B0%208fcf6a9b30274838bcaecb66923b71db.md),长篇 (Reading/Category/%E9%95%BF%E7%AF%87%206b4e322679ec4c5e98aaa5526375f168.md),"January 19, 2025 9:25 PM",9787536691841,0.5,"January 23, 2025 4:23 PM",8,,,重庆出版社 (Reading/Publisher/%E9%87%8D%E5%BA%86%E5%87%BA%E7%89%88%E7%A4%BE%207c1434d0d4a64b189b6d25bb6a8682f9.md)
南国之冬,拼多多 (Reading/Platform/%E6%8B%BC%E5%A4%9A%E5%A4%9A%20db19793d87f549c3ba08ccdb17b42c9e.md),张大春 (Reading/Author/%E5%BC%A0%E5%A4%A7%E6%98%A5%2018477dd3d7838072aba6d5728365e6d4.md),"历史 (Reading/Category/%E5%8E%86%E5%8F%B2%201a0d5f76b6ef49c08c573167fa6554dc.md), 社科 (Reading/Category/%E7%A4%BE%E7%A7%91%208329bdf601ac465ca4e46a05103e22c7.md)","January 23, 2025 4:30 PM",9787510889615,1,"January 23, 2025 4:41 PM",2.89,,,"九州出版社 (Reading/Publisher/%E4%B9%9D%E5%B7%9E%E5%87%BA%E7%89%88%E7%A4%BE%2018477dd3d783801096a5fe653aea40d4.md), 华文天下 (Reading/Publisher/%E5%8D%8E%E6%96%87%E5%A4%A9%E4%B8%8B%2018477dd3d78380c4a266e9bdea8c3b63.md)"
福尔摩斯探案大全集,实体店 (Reading/Platform/%E5%AE%9E%E4%BD%93%E5%BA%97%205868c9fad9164dabbe7be33e9dce6f0f.md),柯南·道尔 (Reading/Author/%E6%9F%AF%E5%8D%97%C2%B7%E9%81%93%E5%B0%94%2019877dd3d78380d1a9d0c2dcd215b907.md),短篇 (Reading/Category/%E7%9F%AD%E7%AF%87%207cecd2c07ba6415e84f853878c8539bf.md),"February 7, 2025 9:32 PM",9787801739643,1,"February 15, 2025 3:09 PM",,,,国际文化出版公司 (Reading/Publisher/%E5%9B%BD%E9%99%85%E6%96%87%E5%8C%96%E5%87%BA%E7%89%88%E5%85%AC%E5%8F%B8%2019877dd3d783808ca2c8c4fac584d56c.md)
白痴,京东 (Reading/Platform/%E4%BA%AC%E4%B8%9C%20991081d220754871a65ea5285ec56e3b.md),陀思妥耶夫斯基 (Reading/Author/%E9%99%80%E6%80%9D%E5%A6%A5%E8%80%B6%E5%A4%AB%E6%96%AF%E5%9F%BA%20cccbf1ca36f64ef0bbe6eda7c91537b8.md),长篇 (Reading/Category/%E9%95%BF%E7%AF%87%206b4e322679ec4c5e98aaa5526375f168.md),"February 9, 2025 12:40 PM",9787108065261,1,"February 15, 2025 3:12 PM",46.12,,,生活·读书·新知三联书店 (Reading/Publisher/%E7%94%9F%E6%B4%BB%C2%B7%E8%AF%BB%E4%B9%A6%C2%B7%E6%96%B0%E7%9F%A5%E4%B8%89%E8%81%94%E4%B9%A6%E5%BA%97%20bff057dbdeb44d178d8b7071482927c2.md)
一叶秋（售出）,拼多多 (Reading/Platform/%E6%8B%BC%E5%A4%9A%E5%A4%9A%20db19793d87f549c3ba08ccdb17b42c9e.md),张大春 (Reading/Author/%E5%BC%A0%E5%A4%A7%E6%98%A5%2018477dd3d7838072aba6d5728365e6d4.md),"历史 (Reading/Category/%E5%8E%86%E5%8F%B2%201a0d5f76b6ef49c08c573167fa6554dc.md), 社科 (Reading/Category/%E7%A4%BE%E7%A7%91%208329bdf601ac465ca4e46a05103e22c7.md)","February 18, 2025 7:15 PM",9787510870163,0.2,"October 13, 2025 3:28 PM",-0.4,-1,65,"九州出版社 (Reading/Publisher/%E4%B9%9D%E5%B7%9E%E5%87%BA%E7%89%88%E7%A4%BE%2018477dd3d783801096a5fe653aea40d4.md), 华文天下 (Reading/Publisher/%E5%8D%8E%E6%96%87%E5%A4%A9%E4%B8%8B%2018477dd3d78380c4a266e9bdea8c3b63.md)"
俄亥俄，温斯堡,拼多多 (Reading/Platform/%E6%8B%BC%E5%A4%9A%E5%A4%9A%20db19793d87f549c3ba08ccdb17b42c9e.md),舍伍德·安德森 (Reading/Author/%E8%88%8D%E4%BC%8D%E5%BE%B7%C2%B7%E5%AE%89%E5%BE%B7%E6%A3%AE%204d440690b23a4aba995bad79ba2414a5.md),短篇 (Reading/Category/%E7%9F%AD%E7%AF%87%207cecd2c07ba6415e84f853878c8539bf.md),"February 28, 2025 10:46 AM",9787544258951,1,"August 30, 2025 2:56 PM",11.47,,10,"南海出版公司 (Reading/Publisher/%E5%8D%97%E6%B5%B7%E5%87%BA%E7%89%88%E5%85%AC%E5%8F%B8%204fe082fe5df3417b86f2e33661900dde.md), 新经典 (Reading/Publisher/%E6%96%B0%E7%BB%8F%E5%85%B8%20248fc2414a2b41a8bc70dd326b9ca023.md)"
边城,拼多多 (Reading/Platform/%E6%8B%BC%E5%A4%9A%E5%A4%9A%20db19793d87f549c3ba08ccdb17b42c9e.md),"沈从文 (Reading/Author/%E6%B2%88%E4%BB%8E%E6%96%87%20a9cde6afa8f2419bb0083fea9957b38a.md), 卓雅 (Reading/Author/%E5%8D%93%E9%9B%85%201b077dd3d783808fb371c9bbbab3c883.md)",长篇 (Reading/Category/%E9%95%BF%E7%AF%87%206b4e322679ec4c5e98aaa5526375f168.md),"March 1, 2025 3:57 PM",9787807613312,1,"March 8, 2025 6:07 PM",10.01,,,岳麓书社 (Reading/Publisher/%E5%B2%B3%E9%BA%93%E4%B9%A6%E7%A4%BE%200a195e97f55340e9b8b899a1618886ac.md)
长河,拼多多 (Reading/Platform/%E6%8B%BC%E5%A4%9A%E5%A4%9A%20db19793d87f549c3ba08ccdb17b42c9e.md),"沈从文 (Reading/Author/%E6%B2%88%E4%BB%8E%E6%96%87%20a9cde6afa8f2419bb0083fea9957b38a.md), 卓雅 (Reading/Author/%E5%8D%93%E9%9B%85%201b077dd3d783808fb371c9bbbab3c883.md)",长篇 (Reading/Category/%E9%95%BF%E7%AF%87%206b4e322679ec4c5e98aaa5526375f168.md),"March 1, 2025 3:58 PM",9787807613305,1,"March 8, 2025 6:07 PM",12.81,,,岳麓书社 (Reading/Publisher/%E5%B2%B3%E9%BA%93%E4%B9%A6%E7%A4%BE%200a195e97f55340e9b8b899a1618886ac.md)
萧萧,拼多多 (Reading/Platform/%E6%8B%BC%E5%A4%9A%E5%A4%9A%20db19793d87f549c3ba08ccdb17b42c9e.md),"沈从文 (Reading/Author/%E6%B2%88%E4%BB%8E%E6%96%87%20a9cde6afa8f2419bb0083fea9957b38a.md), 卓雅 (Reading/Author/%E5%8D%93%E9%9B%85%201b077dd3d783808fb371c9bbbab3c883.md)",,"March 1, 2025 3:58 PM",9787807619840,1,"March 8, 2025 6:07 PM",12.49,,,岳麓书社 (Reading/Publisher/%E5%B2%B3%E9%BA%93%E4%B9%A6%E7%A4%BE%200a195e97f55340e9b8b899a1618886ac.md)
新与旧,拼多多 (Reading/Platform/%E6%8B%BC%E5%A4%9A%E5%A4%9A%20db19793d87f549c3ba08ccdb17b42c9e.md),"沈从文 (Reading/Author/%E6%B2%88%E4%BB%8E%E6%96%87%20a9cde6afa8f2419bb0083fea9957b38a.md), 卓雅 (Reading/Author/%E5%8D%93%E9%9B%85%201b077dd3d783808fb371c9bbbab3c883.md)",,"March 1, 2025 3:59 PM",9787807613916,1,"March 8, 2025 6:07 PM",11.36,,,岳麓书社 (Reading/Publisher/%E5%B2%B3%E9%BA%93%E4%B9%A6%E7%A4%BE%200a195e97f55340e9b8b899a1618886ac.md)
卒伍,拼多多 (Reading/Platform/%E6%8B%BC%E5%A4%9A%E5%A4%9A%20db19793d87f549c3ba08ccdb17b42c9e.md),"沈从文 (Reading/Author/%E6%B2%88%E4%BB%8E%E6%96%87%20a9cde6afa8f2419bb0083fea9957b38a.md), 卓雅 (Reading/Author/%E5%8D%93%E9%9B%85%201b077dd3d783808fb371c9bbbab3c883.md)",散文 (Reading/Category/%E6%95%A3%E6%96%87%20d94c81dc272b4510b64387a9402d125c.md),"March 1, 2025 4:00 PM",9787807616238,1,"March 28, 2025 9:43 AM",11.57,100,10,岳麓书社 (Reading/Publisher/%E5%B2%B3%E9%BA%93%E4%B9%A6%E7%A4%BE%200a195e97f55340e9b8b899a1618886ac.md)
押寨夫人（送出）,拼多多 (Reading/Platform/%E6%8B%BC%E5%A4%9A%E5%A4%9A%20db19793d87f549c3ba08ccdb17b42c9e.md),"沈从文 (Reading/Author/%E6%B2%88%E4%BB%8E%E6%96%87%20a9cde6afa8f2419bb0083fea9957b38a.md), 卓雅 (Reading/Author/%E5%8D%93%E9%9B%85%201b077dd3d783808fb371c9bbbab3c883.md)",短篇 (Reading/Category/%E7%9F%AD%E7%AF%87%207cecd2c07ba6415e84f853878c8539bf.md),"March 1, 2025 4:02 PM",9787807619710,0,"August 23, 2025 11:55 AM",11.57,-1,10,岳麓书社 (Reading/Publisher/%E5%B2%B3%E9%BA%93%E4%B9%A6%E7%A4%BE%200a195e97f55340e9b8b899a1618886ac.md)
月下小景,拼多多 (Reading/Platform/%E6%8B%BC%E5%A4%9A%E5%A4%9A%20db19793d87f549c3ba08ccdb17b42c9e.md),"沈从文 (Reading/Author/%E6%B2%88%E4%BB%8E%E6%96%87%20a9cde6afa8f2419bb0083fea9957b38a.md), 卓雅 (Reading/Author/%E5%8D%93%E9%9B%85%201b077dd3d783808fb371c9bbbab3c883.md)",,"March 1, 2025 4:02 PM",9787807619680,1,"March 8, 2025 6:07 PM",14.16,,,岳麓书社 (Reading/Publisher/%E5%B2%B3%E9%BA%93%E4%B9%A6%E7%A4%BE%200a195e97f55340e9b8b899a1618886ac.md)
往事,拼多多 (Reading/Platform/%E6%8B%BC%E5%A4%9A%E5%A4%9A%20db19793d87f549c3ba08ccdb17b42c9e.md),"沈从文 (Reading/Author/%E6%B2%88%E4%BB%8E%E6%96%87%20a9cde6afa8f2419bb0083fea9957b38a.md), 卓雅 (Reading/Author/%E5%8D%93%E9%9B%85%201b077dd3d783808fb371c9bbbab3c883.md)",,"March 1, 2025 4:03 PM",9787807619833,1,"March 8, 2025 6:07 PM",14.87,,,岳麓书社 (Reading/Publisher/%E5%B2%B3%E9%BA%93%E4%B9%A6%E7%A4%BE%200a195e97f55340e9b8b899a1618886ac.md)
湘行散记,拼多多 (Reading/Platform/%E6%8B%BC%E5%A4%9A%E5%A4%9A%20db19793d87f549c3ba08ccdb17b42c9e.md),"沈从文 (Reading/Author/%E6%B2%88%E4%BB%8E%E6%96%87%20a9cde6afa8f2419bb0083fea9957b38a.md), 卓雅 (Reading/Author/%E5%8D%93%E9%9B%85%201b077dd3d783808fb371c9bbbab3c883.md)",散文 (Reading/Category/%E6%95%A3%E6%96%87%20d94c81dc272b4510b64387a9402d125c.md),"March 1, 2025 4:03 PM",9787807619703,1,"March 8, 2025 6:07 PM",14.81,,,岳麓书社 (Reading/Publisher/%E5%B2%B3%E9%BA%93%E4%B9%A6%E7%A4%BE%200a195e97f55340e9b8b899a1618886ac.md)
阿黑小史,拼多多 (Reading/Platform/%E6%8B%BC%E5%A4%9A%E5%A4%9A%20db19793d87f549c3ba08ccdb17b42c9e.md),"沈从文 (Reading/Author/%E6%B2%88%E4%BB%8E%E6%96%87%20a9cde6afa8f2419bb0083fea9957b38a.md), 卓雅 (Reading/Author/%E5%8D%93%E9%9B%85%201b077dd3d783808fb371c9bbbab3c883.md)",,"March 1, 2025 4:04 PM",9787807616085,1,"March 8, 2025 6:07 PM",13.29,,,岳麓书社 (Reading/Publisher/%E5%B2%B3%E9%BA%93%E4%B9%A6%E7%A4%BE%200a195e97f55340e9b8b899a1618886ac.md)
从文自传（售出）,孔夫子 (Reading/Platform/%E5%AD%94%E5%A4%AB%E5%AD%90%20e9c2ade3c3594415ab366417a820055f.md),"沈从文 (Reading/Author/%E6%B2%88%E4%BB%8E%E6%96%87%20a9cde6afa8f2419bb0083fea9957b38a.md), 卓雅 (Reading/Author/%E5%8D%93%E9%9B%85%201b077dd3d783808fb371c9bbbab3c883.md)",散文 (Reading/Category/%E6%95%A3%E6%96%87%20d94c81dc272b4510b64387a9402d125c.md),"March 8, 2025 4:05 PM",9787807611936,0,"June 24, 2025 8:56 PM",3.9,-1,10,岳麓书社 (Reading/Publisher/%E5%B2%B3%E9%BA%93%E4%B9%A6%E7%A4%BE%200a195e97f55340e9b8b899a1618886ac.md)
大波,拼多多 (Reading/Platform/%E6%8B%BC%E5%A4%9A%E5%A4%9A%20db19793d87f549c3ba08ccdb17b42c9e.md),李劼人 (Reading/Author/%E6%9D%8E%E5%8A%BC%E4%BA%BA%207dcfa16505084420b66d71b0be4bd145.md),长篇 (Reading/Category/%E9%95%BF%E7%AF%87%206b4e322679ec4c5e98aaa5526375f168.md),"March 8, 2025 4:08 PM",9787541156601,1,"March 8, 2025 5:47 PM",15.6,,,四川文艺出版社 (Reading/Publisher/%E5%9B%9B%E5%B7%9D%E6%96%87%E8%89%BA%E5%87%BA%E7%89%88%E7%A4%BE%20079c0be96be140c29f8b2a615cf4799c.md)
从文自传,孔夫子 (Reading/Platform/%E5%AD%94%E5%A4%AB%E5%AD%90%20e9c2ade3c3594415ab366417a820055f.md),"沈从文 (Reading/Author/%E6%B2%88%E4%BB%8E%E6%96%87%20a9cde6afa8f2419bb0083fea9957b38a.md), 卓雅 (Reading/Author/%E5%8D%93%E9%9B%85%201b077dd3d783808fb371c9bbbab3c883.md)",散文 (Reading/Category/%E6%95%A3%E6%96%87%20d94c81dc272b4510b64387a9402d125c.md),"March 8, 2025 5:51 PM",9787807611936,1,"March 17, 2025 11:31 AM",17,100,10,岳麓书社 (Reading/Publisher/%E5%B2%B3%E9%BA%93%E4%B9%A6%E7%A4%BE%200a195e97f55340e9b8b899a1618886ac.md)
湘西,孔夫子 (Reading/Platform/%E5%AD%94%E5%A4%AB%E5%AD%90%20e9c2ade3c3594415ab366417a820055f.md),"沈从文 (Reading/Author/%E6%B2%88%E4%BB%8E%E6%96%87%20a9cde6afa8f2419bb0083fea9957b38a.md), 卓雅 (Reading/Author/%E5%8D%93%E9%9B%85%201b077dd3d783808fb371c9bbbab3c883.md)",散文 (Reading/Category/%E6%95%A3%E6%96%87%20d94c81dc272b4510b64387a9402d125c.md),"March 8, 2025 5:52 PM",9787807614562,1,"March 9, 2025 10:24 AM",13.7,,,岳麓书社 (Reading/Publisher/%E5%B2%B3%E9%BA%93%E4%B9%A6%E7%A4%BE%200a195e97f55340e9b8b899a1618886ac.md)
湘行书简,孔夫子 (Reading/Platform/%E5%AD%94%E5%A4%AB%E5%AD%90%20e9c2ade3c3594415ab366417a820055f.md),"沈从文 (Reading/Author/%E6%B2%88%E4%BB%8E%E6%96%87%20a9cde6afa8f2419bb0083fea9957b38a.md), 卓雅 (Reading/Author/%E5%8D%93%E9%9B%85%201b077dd3d783808fb371c9bbbab3c883.md)",书信 (Reading/Category/%E4%B9%A6%E4%BF%A1%201c477dd3d7838002aab2eb3041986dd9.md),"March 8, 2025 5:53 PM",9787807616856,1,"March 28, 2025 2:54 PM",18.6,100,10,岳麓书社 (Reading/Publisher/%E5%B2%B3%E9%BA%93%E4%B9%A6%E7%A4%BE%200a195e97f55340e9b8b899a1618886ac.md)
沈从文和他的湘西,孔夫子 (Reading/Platform/%E5%AD%94%E5%A4%AB%E5%AD%90%20e9c2ade3c3594415ab366417a820055f.md),"卓雅 (Reading/Author/%E5%8D%93%E9%9B%85%201b077dd3d783808fb371c9bbbab3c883.md), 沈从文 (Reading/Author/%E6%B2%88%E4%BB%8E%E6%96%87%20a9cde6afa8f2419bb0083fea9957b38a.md)",摄影 (Reading/Category/%E6%91%84%E5%BD%B1%201b077dd3d78380348edac8d25c458812.md),"March 8, 2025 6:00 PM",9787807619819,1,"March 9, 2025 10:24 AM",10,,,岳麓书社 (Reading/Publisher/%E5%B2%B3%E9%BA%93%E4%B9%A6%E7%A4%BE%200a195e97f55340e9b8b899a1618886ac.md)
幸福之路（售出）,孔夫子 (Reading/Platform/%E5%AD%94%E5%A4%AB%E5%AD%90%20e9c2ade3c3594415ab366417a820055f.md),罗素 (Reading/Author/%E7%BD%97%E7%B4%A0%201b077dd3d783809d8568f0c820981f13.md),社科 (Reading/Category/%E7%A4%BE%E7%A7%91%208329bdf601ac465ca4e46a05103e22c7.md),"March 8, 2025 6:01 PM",9787201168821,0.1,"March 28, 2025 9:40 AM",0,-1,7,"天津人民出版社 (Reading/Publisher/%E5%A4%A9%E6%B4%A5%E4%BA%BA%E6%B0%91%E5%87%BA%E7%89%88%E7%A4%BE%2043eaef3726f04adeaecbdeaad42fe66b.md), 果麦 (Reading/Publisher/%E6%9E%9C%E9%BA%A6%20eab69198a3ab4d18839c72f592c9c46b.md)"
举杯向天笑,拼多多 (Reading/Platform/%E6%8B%BC%E5%A4%9A%E5%A4%9A%20db19793d87f549c3ba08ccdb17b42c9e.md),余光中 (Reading/Author/%E4%BD%99%E5%85%89%E4%B8%AD%2041bd9a845298481a8de598f28770f901.md),散文 (Reading/Category/%E6%95%A3%E6%96%87%20d94c81dc272b4510b64387a9402d125c.md),"March 28, 2025 9:47 AM",9787505746831,1,"March 28, 2025 9:58 AM",3.86,,,"中国友谊出版公司 (Reading/Publisher/%E4%B8%AD%E5%9B%BD%E5%8F%8B%E8%B0%8A%E5%87%BA%E7%89%88%E5%85%AC%E5%8F%B8%201c477dd3d783805fb955d68b0709bd82.md), 磨铁 (Reading/Publisher/%E7%A3%A8%E9%93%81%2099d26a5f51864c42832c80424c1f3761.md)"
听听那冷雨,孔夫子 (Reading/Platform/%E5%AD%94%E5%A4%AB%E5%AD%90%20e9c2ade3c3594415ab366417a820055f.md),余光中 (Reading/Author/%E4%BD%99%E5%85%89%E4%B8%AD%2041bd9a845298481a8de598f28770f901.md),散文 (Reading/Category/%E6%95%A3%E6%96%87%20d94c81dc272b4510b64387a9402d125c.md),"March 28, 2025 2:46 PM",9787505745919,1,"March 30, 2025 5:07 PM",6.7,,,"中国友谊出版公司 (Reading/Publisher/%E4%B8%AD%E5%9B%BD%E5%8F%8B%E8%B0%8A%E5%87%BA%E7%89%88%E5%85%AC%E5%8F%B8%201c477dd3d783805fb955d68b0709bd82.md), 磨铁 (Reading/Publisher/%E7%A3%A8%E9%93%81%2099d26a5f51864c42832c80424c1f3761.md)"
汪曾祺书信集,孔夫子 (Reading/Platform/%E5%AD%94%E5%A4%AB%E5%AD%90%20e9c2ade3c3594415ab366417a820055f.md),汪曾祺 (Reading/Author/%E6%B1%AA%E6%9B%BE%E7%A5%BA%209a82d2f336c6445a806033a24612cceb.md),书信 (Reading/Category/%E4%B9%A6%E4%BF%A1%201c477dd3d7838002aab2eb3041986dd9.md),"March 28, 2025 2:49 PM",9787542656445,1,"March 30, 2025 5:07 PM",6,,,上海三联书店 (Reading/Publisher/%E4%B8%8A%E6%B5%B7%E4%B8%89%E8%81%94%E4%B9%A6%E5%BA%97%2010577dd3d78380c08b54e1b7ea895a0b.md)
押寨夫人,拼多多 (Reading/Platform/%E6%8B%BC%E5%A4%9A%E5%A4%9A%20db19793d87f549c3ba08ccdb17b42c9e.md),"沈从文 (Reading/Author/%E6%B2%88%E4%BB%8E%E6%96%87%20a9cde6afa8f2419bb0083fea9957b38a.md), 卓雅 (Reading/Author/%E5%8D%93%E9%9B%85%201b077dd3d783808fb371c9bbbab3c883.md)",短篇 (Reading/Category/%E7%9F%AD%E7%AF%87%207cecd2c07ba6415e84f853878c8539bf.md),"April 23, 2025 8:07 PM",9787807619710,1,"April 23, 2025 8:07 PM",12.8,100,10,岳麓书社 (Reading/Publisher/%E5%B2%B3%E9%BA%93%E4%B9%A6%E7%A4%BE%200a195e97f55340e9b8b899a1618886ac.md)
黄永玉和他的湘西,拼多多 (Reading/Platform/%E6%8B%BC%E5%A4%9A%E5%A4%9A%20db19793d87f549c3ba08ccdb17b42c9e.md),"卓雅 (Reading/Author/%E5%8D%93%E9%9B%85%201b077dd3d783808fb371c9bbbab3c883.md), 黄永玉 (Reading/Author/%E9%BB%84%E6%B0%B8%E7%8E%89%201de77dd3d783803eafbdd0ac8cae0a38.md)",摄影 (Reading/Category/%E6%91%84%E5%BD%B1%201b077dd3d78380348edac8d25c458812.md),"April 23, 2025 8:12 PM",9787807619871,1,"April 23, 2025 8:19 PM",12.8,,,岳麓书社 (Reading/Publisher/%E5%B2%B3%E9%BA%93%E4%B9%A6%E7%A4%BE%200a195e97f55340e9b8b899a1618886ac.md)
青青边愁,淘宝 (Reading/Platform/%E6%B7%98%E5%AE%9D%20c7f52ce2740b41f98aef55e4ce0688de.md),余光中 (Reading/Author/%E4%BD%99%E5%85%89%E4%B8%AD%2041bd9a845298481a8de598f28770f901.md),散文 (Reading/Category/%E6%95%A3%E6%96%87%20d94c81dc272b4510b64387a9402d125c.md),"April 23, 2025 8:19 PM",9787505746763,1,"April 23, 2025 8:25 PM",6,,,"中国友谊出版公司 (Reading/Publisher/%E4%B8%AD%E5%9B%BD%E5%8F%8B%E8%B0%8A%E5%87%BA%E7%89%88%E5%85%AC%E5%8F%B8%201c477dd3d783805fb955d68b0709bd82.md), 磨铁 (Reading/Publisher/%E7%A3%A8%E9%93%81%2099d26a5f51864c42832c80424c1f3761.md)"
湘西,拼多多 (Reading/Platform/%E6%8B%BC%E5%A4%9A%E5%A4%9A%20db19793d87f549c3ba08ccdb17b42c9e.md),沈从文 (Reading/Author/%E6%B2%88%E4%BB%8E%E6%96%87%20a9cde6afa8f2419bb0083fea9957b38a.md),散文 (Reading/Category/%E6%95%A3%E6%96%87%20d94c81dc272b4510b64387a9402d125c.md),"April 23, 2025 8:31 PM",9787545560558,1,"April 23, 2025 8:39 PM",2.59,,,天地出版社 (Reading/Publisher/%E5%A4%A9%E5%9C%B0%E5%87%BA%E7%89%88%E7%A4%BE%20b54972603412494d866717d2143ef41f.md)
湘行散记,拼多多 (Reading/Platform/%E6%8B%BC%E5%A4%9A%E5%A4%9A%20db19793d87f549c3ba08ccdb17b42c9e.md),沈从文 (Reading/Author/%E6%B2%88%E4%BB%8E%E6%96%87%20a9cde6afa8f2419bb0083fea9957b38a.md),散文 (Reading/Category/%E6%95%A3%E6%96%87%20d94c81dc272b4510b64387a9402d125c.md),"April 23, 2025 8:39 PM",9787545559439,1,"April 23, 2025 8:43 PM",2,,,天地出版社 (Reading/Publisher/%E5%A4%A9%E5%9C%B0%E5%87%BA%E7%89%88%E7%A4%BE%20b54972603412494d866717d2143ef41f.md)
从文自传,拼多多 (Reading/Platform/%E6%8B%BC%E5%A4%9A%E5%A4%9A%20db19793d87f549c3ba08ccdb17b42c9e.md),沈从文 (Reading/Author/%E6%B2%88%E4%BB%8E%E6%96%87%20a9cde6afa8f2419bb0083fea9957b38a.md),散文 (Reading/Category/%E6%95%A3%E6%96%87%20d94c81dc272b4510b64387a9402d125c.md),"April 23, 2025 8:43 PM",9787545561630,1,"April 23, 2025 8:45 PM",2,,,天地出版社 (Reading/Publisher/%E5%A4%A9%E5%9C%B0%E5%87%BA%E7%89%88%E7%A4%BE%20b54972603412494d866717d2143ef41f.md)
长河,拼多多 (Reading/Platform/%E6%8B%BC%E5%A4%9A%E5%A4%9A%20db19793d87f549c3ba08ccdb17b42c9e.md),沈从文 (Reading/Author/%E6%B2%88%E4%BB%8E%E6%96%87%20a9cde6afa8f2419bb0083fea9957b38a.md),长篇 (Reading/Category/%E9%95%BF%E7%AF%87%206b4e322679ec4c5e98aaa5526375f168.md),"April 23, 2025 8:46 PM",9787545561425,1,"April 23, 2025 8:48 PM",2,,,天地出版社 (Reading/Publisher/%E5%A4%A9%E5%9C%B0%E5%87%BA%E7%89%88%E7%A4%BE%20b54972603412494d866717d2143ef41f.md)
边城,拼多多 (Reading/Platform/%E6%8B%BC%E5%A4%9A%E5%A4%9A%20db19793d87f549c3ba08ccdb17b42c9e.md),沈从文 (Reading/Author/%E6%B2%88%E4%BB%8E%E6%96%87%20a9cde6afa8f2419bb0083fea9957b38a.md),长篇 (Reading/Category/%E9%95%BF%E7%AF%87%206b4e322679ec4c5e98aaa5526375f168.md),"April 23, 2025 8:49 PM",9787545559309,1,"April 23, 2025 8:51 PM",2,,,天地出版社 (Reading/Publisher/%E5%A4%A9%E5%9C%B0%E5%87%BA%E7%89%88%E7%A4%BE%20b54972603412494d866717d2143ef41f.md)
月下小景,拼多多 (Reading/Platform/%E6%8B%BC%E5%A4%9A%E5%A4%9A%20db19793d87f549c3ba08ccdb17b42c9e.md),沈从文 (Reading/Author/%E6%B2%88%E4%BB%8E%E6%96%87%20a9cde6afa8f2419bb0083fea9957b38a.md),散文 (Reading/Category/%E6%95%A3%E6%96%87%20d94c81dc272b4510b64387a9402d125c.md),"April 23, 2025 8:51 PM",9787545560114,1,"April 23, 2025 8:53 PM",2,,,天地出版社 (Reading/Publisher/%E5%A4%A9%E5%9C%B0%E5%87%BA%E7%89%88%E7%A4%BE%20b54972603412494d866717d2143ef41f.md)
废邮存底,拼多多 (Reading/Platform/%E6%8B%BC%E5%A4%9A%E5%A4%9A%20db19793d87f549c3ba08ccdb17b42c9e.md),沈从文 (Reading/Author/%E6%B2%88%E4%BB%8E%E6%96%87%20a9cde6afa8f2419bb0083fea9957b38a.md),散文 (Reading/Category/%E6%95%A3%E6%96%87%20d94c81dc272b4510b64387a9402d125c.md),"April 23, 2025 8:53 PM",9787545561760,1,"April 23, 2025 8:55 PM",2,,,天地出版社 (Reading/Publisher/%E5%A4%A9%E5%9C%B0%E5%87%BA%E7%89%88%E7%A4%BE%20b54972603412494d866717d2143ef41f.md)
春,拼多多 (Reading/Platform/%E6%8B%BC%E5%A4%9A%E5%A4%9A%20db19793d87f549c3ba08ccdb17b42c9e.md),沈从文 (Reading/Author/%E6%B2%88%E4%BB%8E%E6%96%87%20a9cde6afa8f2419bb0083fea9957b38a.md),散文 (Reading/Category/%E6%95%A3%E6%96%87%20d94c81dc272b4510b64387a9402d125c.md),"April 23, 2025 8:56 PM",9787545560107,1,"April 23, 2025 8:57 PM",2,,,天地出版社 (Reading/Publisher/%E5%A4%A9%E5%9C%B0%E5%87%BA%E7%89%88%E7%A4%BE%20b54972603412494d866717d2143ef41f.md)
黑夜,拼多多 (Reading/Platform/%E6%8B%BC%E5%A4%9A%E5%A4%9A%20db19793d87f549c3ba08ccdb17b42c9e.md),沈从文 (Reading/Author/%E6%B2%88%E4%BB%8E%E6%96%87%20a9cde6afa8f2419bb0083fea9957b38a.md),散文 (Reading/Category/%E6%95%A3%E6%96%87%20d94c81dc272b4510b64387a9402d125c.md),"April 23, 2025 8:57 PM",9787545560862,1,"April 23, 2025 8:59 PM",2,,,天地出版社 (Reading/Publisher/%E5%A4%A9%E5%9C%B0%E5%87%BA%E7%89%88%E7%A4%BE%20b54972603412494d866717d2143ef41f.md)
神巫之爱,拼多多 (Reading/Platform/%E6%8B%BC%E5%A4%9A%E5%A4%9A%20db19793d87f549c3ba08ccdb17b42c9e.md),沈从文 (Reading/Author/%E6%B2%88%E4%BB%8E%E6%96%87%20a9cde6afa8f2419bb0083fea9957b38a.md),散文 (Reading/Category/%E6%95%A3%E6%96%87%20d94c81dc272b4510b64387a9402d125c.md),"April 23, 2025 8:59 PM",9787545560121,1,"April 23, 2025 9:01 PM",2,,,天地出版社 (Reading/Publisher/%E5%A4%A9%E5%9C%B0%E5%87%BA%E7%89%88%E7%A4%BE%20b54972603412494d866717d2143ef41f.md)
黑凤集,拼多多 (Reading/Platform/%E6%8B%BC%E5%A4%9A%E5%A4%9A%20db19793d87f549c3ba08ccdb17b42c9e.md),沈从文 (Reading/Author/%E6%B2%88%E4%BB%8E%E6%96%87%20a9cde6afa8f2419bb0083fea9957b38a.md),散文 (Reading/Category/%E6%95%A3%E6%96%87%20d94c81dc272b4510b64387a9402d125c.md),"April 23, 2025 9:01 PM",9787545560091,1,"April 23, 2025 9:03 PM",2,,,天地出版社 (Reading/Publisher/%E5%A4%A9%E5%9C%B0%E5%87%BA%E7%89%88%E7%A4%BE%20b54972603412494d866717d2143ef41f.md)
阿金,拼多多 (Reading/Platform/%E6%8B%BC%E5%A4%9A%E5%A4%9A%20db19793d87f549c3ba08ccdb17b42c9e.md),沈从文 (Reading/Author/%E6%B2%88%E4%BB%8E%E6%96%87%20a9cde6afa8f2419bb0083fea9957b38a.md),散文 (Reading/Category/%E6%95%A3%E6%96%87%20d94c81dc272b4510b64387a9402d125c.md),"April 23, 2025 9:03 PM",9787545559293,1,"April 23, 2025 9:05 PM",2,,,天地出版社 (Reading/Publisher/%E5%A4%A9%E5%9C%B0%E5%87%BA%E7%89%88%E7%A4%BE%20b54972603412494d866717d2143ef41f.md)
春灯集,拼多多 (Reading/Platform/%E6%8B%BC%E5%A4%9A%E5%A4%9A%20db19793d87f549c3ba08ccdb17b42c9e.md),沈从文 (Reading/Author/%E6%B2%88%E4%BB%8E%E6%96%87%20a9cde6afa8f2419bb0083fea9957b38a.md),散文 (Reading/Category/%E6%95%A3%E6%96%87%20d94c81dc272b4510b64387a9402d125c.md),"April 23, 2025 9:05 PM",9787545560138,1,"April 23, 2025 9:07 PM",2,,,天地出版社 (Reading/Publisher/%E5%A4%A9%E5%9C%B0%E5%87%BA%E7%89%88%E7%A4%BE%20b54972603412494d866717d2143ef41f.md)
连城诀（盗版）,孔夫子 (Reading/Platform/%E5%AD%94%E5%A4%AB%E5%AD%90%20e9c2ade3c3594415ab366417a820055f.md),金庸 (Reading/Author/%E9%87%91%E5%BA%B8%20bf89c58dc10849209fda2413dcbf544c.md),长篇 (Reading/Category/%E9%95%BF%E7%AF%87%206b4e322679ec4c5e98aaa5526375f168.md),"April 23, 2025 9:08 PM",9787546206141,0.9,"April 23, 2025 9:15 PM",5.4,100,10,广州出版社 (Reading/Publisher/%E5%B9%BF%E5%B7%9E%E5%87%BA%E7%89%88%E7%A4%BE%201de77dd3d78380ba8946eb1f5f59db5c.md)
雪山飞狐（盗版）,孔夫子 (Reading/Platform/%E5%AD%94%E5%A4%AB%E5%AD%90%20e9c2ade3c3594415ab366417a820055f.md),金庸 (Reading/Author/%E9%87%91%E5%BA%B8%20bf89c58dc10849209fda2413dcbf544c.md),短篇 (Reading/Category/%E7%9F%AD%E7%AF%87%207cecd2c07ba6415e84f853878c8539bf.md),"April 23, 2025 9:15 PM",9787546206196,0.9,"April 23, 2025 9:19 PM",5.4,100,9,广州出版社 (Reading/Publisher/%E5%B9%BF%E5%B7%9E%E5%87%BA%E7%89%88%E7%A4%BE%201de77dd3d78380ba8946eb1f5f59db5c.md)
地下室手记,京东 (Reading/Platform/%E4%BA%AC%E4%B8%9C%20991081d220754871a65ea5285ec56e3b.md),陀思妥耶夫斯基 (Reading/Author/%E9%99%80%E6%80%9D%E5%A6%A5%E8%80%B6%E5%A4%AB%E6%96%AF%E5%9F%BA%20cccbf1ca36f64ef0bbe6eda7c91537b8.md),短篇 (Reading/Category/%E7%9F%AD%E7%AF%87%207cecd2c07ba6415e84f853878c8539bf.md),"April 23, 2025 9:22 PM",9787544788090,1,"April 26, 2025 2:53 PM",19.99,,,译林出版社 (Reading/Publisher/%E8%AF%91%E6%9E%97%E5%87%BA%E7%89%88%E7%A4%BE%209928c83dbb0947949034efce236fe3b8.md)
被侮辱与被损害的人,京东 (Reading/Platform/%E4%BA%AC%E4%B8%9C%20991081d220754871a65ea5285ec56e3b.md),陀思妥耶夫斯基 (Reading/Author/%E9%99%80%E6%80%9D%E5%A6%A5%E8%80%B6%E5%A4%AB%E6%96%AF%E5%9F%BA%20cccbf1ca36f64ef0bbe6eda7c91537b8.md),长篇 (Reading/Category/%E9%95%BF%E7%AF%87%206b4e322679ec4c5e98aaa5526375f168.md),"April 23, 2025 9:23 PM",9787544786188,1,"April 25, 2025 8:25 PM",20.42,,,译林出版社 (Reading/Publisher/%E8%AF%91%E6%9E%97%E5%87%BA%E7%89%88%E7%A4%BE%209928c83dbb0947949034efce236fe3b8.md)
群魔,京东 (Reading/Platform/%E4%BA%AC%E4%B8%9C%20991081d220754871a65ea5285ec56e3b.md),陀思妥耶夫斯基 (Reading/Author/%E9%99%80%E6%80%9D%E5%A6%A5%E8%80%B6%E5%A4%AB%E6%96%AF%E5%9F%BA%20cccbf1ca36f64ef0bbe6eda7c91537b8.md),长篇 (Reading/Category/%E9%95%BF%E7%AF%87%206b4e322679ec4c5e98aaa5526375f168.md),"April 23, 2025 9:24 PM",9787575303385,1,"April 25, 2025 8:24 PM",26.72,,,译林出版社 (Reading/Publisher/%E8%AF%91%E6%9E%97%E5%87%BA%E7%89%88%E7%A4%BE%209928c83dbb0947949034efce236fe3b8.md)
初刻拍案惊奇,京东 (Reading/Platform/%E4%BA%AC%E4%B8%9C%20991081d220754871a65ea5285ec56e3b.md),凌濛初 (Reading/Author/%E5%87%8C%E6%BF%9B%E5%88%9D%207b2b9f0c64a24ca5ab1122cd152734c8.md),"短篇 (Reading/Category/%E7%9F%AD%E7%AF%87%207cecd2c07ba6415e84f853878c8539bf.md), 国学 (Reading/Category/%E5%9B%BD%E5%AD%A6%201a4e5ee48605434199b479f4204a0599.md)","April 23, 2025 9:25 PM",9787101104493,1,"April 25, 2025 8:23 PM",11.7,,,中华书局 (Reading/Publisher/%E4%B8%AD%E5%8D%8E%E4%B9%A6%E5%B1%80%20bcb15c0dc1c74b3fb97715d80213363f.md)
二刻拍案惊奇,京东 (Reading/Platform/%E4%BA%AC%E4%B8%9C%20991081d220754871a65ea5285ec56e3b.md),凌濛初 (Reading/Author/%E5%87%8C%E6%BF%9B%E5%88%9D%207b2b9f0c64a24ca5ab1122cd152734c8.md),"短篇 (Reading/Category/%E7%9F%AD%E7%AF%87%207cecd2c07ba6415e84f853878c8539bf.md), 国学 (Reading/Category/%E5%9B%BD%E5%AD%A6%201a4e5ee48605434199b479f4204a0599.md)","April 23, 2025 9:27 PM",9787101104516,1,"May 8, 2025 9:23 PM",12.91,100,10,中华书局 (Reading/Publisher/%E4%B8%AD%E5%8D%8E%E4%B9%A6%E5%B1%80%20bcb15c0dc1c74b3fb97715d80213363f.md)
喻世明言,京东 (Reading/Platform/%E4%BA%AC%E4%B8%9C%20991081d220754871a65ea5285ec56e3b.md),冯梦龙 (Reading/Author/%E5%86%AF%E6%A2%A6%E9%BE%99%20f570a28de715412f9148af1a39de3142.md),"短篇 (Reading/Category/%E7%9F%AD%E7%AF%87%207cecd2c07ba6415e84f853878c8539bf.md), 国学 (Reading/Category/%E5%9B%BD%E5%AD%A6%201a4e5ee48605434199b479f4204a0599.md)","April 23, 2025 9:28 PM",9787101104554,1,"April 24, 2025 9:25 PM",10.85,,,中华书局 (Reading/Publisher/%E4%B8%AD%E5%8D%8E%E4%B9%A6%E5%B1%80%20bcb15c0dc1c74b3fb97715d80213363f.md)
警世通言,京东 (Reading/Platform/%E4%BA%AC%E4%B8%9C%20991081d220754871a65ea5285ec56e3b.md),冯梦龙 (Reading/Author/%E5%86%AF%E6%A2%A6%E9%BE%99%20f570a28de715412f9148af1a39de3142.md),"短篇 (Reading/Category/%E7%9F%AD%E7%AF%87%207cecd2c07ba6415e84f853878c8539bf.md), 国学 (Reading/Category/%E5%9B%BD%E5%AD%A6%201a4e5ee48605434199b479f4204a0599.md)","April 23, 2025 9:29 PM",9787101104530,1,"April 24, 2025 9:23 PM",8.5,,,中华书局 (Reading/Publisher/%E4%B8%AD%E5%8D%8E%E4%B9%A6%E5%B1%80%20bcb15c0dc1c74b3fb97715d80213363f.md)
醒世恒言,京东 (Reading/Platform/%E4%BA%AC%E4%B8%9C%20991081d220754871a65ea5285ec56e3b.md),冯梦龙 (Reading/Author/%E5%86%AF%E6%A2%A6%E9%BE%99%20f570a28de715412f9148af1a39de3142.md),"短篇 (Reading/Category/%E7%9F%AD%E7%AF%87%207cecd2c07ba6415e84f853878c8539bf.md), 国学 (Reading/Category/%E5%9B%BD%E5%AD%A6%201a4e5ee48605434199b479f4204a0599.md)","April 23, 2025 9:30 PM",9787101104547,1,"April 25, 2025 8:21 PM",15.9,,,中华书局 (Reading/Publisher/%E4%B8%AD%E5%8D%8E%E4%B9%A6%E5%B1%80%20bcb15c0dc1c74b3fb97715d80213363f.md)
红楼梦,京东 (Reading/Platform/%E4%BA%AC%E4%B8%9C%20991081d220754871a65ea5285ec56e3b.md),,"长篇 (Reading/Category/%E9%95%BF%E7%AF%87%206b4e322679ec4c5e98aaa5526375f168.md), 国学 (Reading/Category/%E5%9B%BD%E5%AD%A6%201a4e5ee48605434199b479f4204a0599.md)","April 23, 2025 9:31 PM",9787101105339,1,"February 27, 2026 2:10 PM",29.4,,,中华书局 (Reading/Publisher/%E4%B8%AD%E5%8D%8E%E4%B9%A6%E5%B1%80%20bcb15c0dc1c74b3fb97715d80213363f.md)
唐诗杂论,拼多多 (Reading/Platform/%E6%8B%BC%E5%A4%9A%E5%A4%9A%20db19793d87f549c3ba08ccdb17b42c9e.md),闻一多 (Reading/Author/%E9%97%BB%E4%B8%80%E5%A4%9A%201e577dd3d78380a680c8ff29c27aac8d.md),国学 (Reading/Category/%E5%9B%BD%E5%AD%A6%201a4e5ee48605434199b479f4204a0599.md),"April 30, 2025 3:29 PM",9787567617384,1,"May 1, 2025 10:11 PM",1.59,100,7,安徽师范大学出版社 (Reading/Publisher/%E5%AE%89%E5%BE%BD%E5%B8%88%E8%8C%83%E5%A4%A7%E5%AD%A6%E5%87%BA%E7%89%88%E7%A4%BE%201e577dd3d78380a6bf08ea3c5286deb6.md)
京都古书店风景,赠送 (Reading/Platform/%E8%B5%A0%E9%80%81%20455e7d509df3444ebf2c9c50269c654b.md),苏枕书 (Reading/Author/%E8%8B%8F%E6%9E%95%E4%B9%A6%201e677dd3d7838007bbe1edfa69785de0.md),散文 (Reading/Category/%E6%95%A3%E6%96%87%20d94c81dc272b4510b64387a9402d125c.md),"May 1, 2025 10:13 PM",9787101111507,1,"May 1, 2025 10:18 PM",,100,7,中华书局 (Reading/Publisher/%E4%B8%AD%E5%8D%8E%E4%B9%A6%E5%B1%80%20bcb15c0dc1c74b3fb97715d80213363f.md)
王国维文学论著三种（售出）,孔夫子 (Reading/Platform/%E5%AD%94%E5%A4%AB%E5%AD%90%20e9c2ade3c3594415ab366417a820055f.md),王国维 (Reading/Author/%E7%8E%8B%E5%9B%BD%E7%BB%B4%2017d079848b2a43dbb82b3b0e89a66002.md),国学 (Reading/Category/%E5%9B%BD%E5%AD%A6%201a4e5ee48605434199b479f4204a0599.md),"May 2, 2025 4:02 PM",9787567617070,0.6,"November 21, 2025 7:49 PM",3.55,-1,10,安徽师范大学出版社 (Reading/Publisher/%E5%AE%89%E5%BE%BD%E5%B8%88%E8%8C%83%E5%A4%A7%E5%AD%A6%E5%87%BA%E7%89%88%E7%A4%BE%201e577dd3d78380a6bf08ea3c5286deb6.md)
十二楼 连城璧,拼多多 (Reading/Platform/%E6%8B%BC%E5%A4%9A%E5%A4%9A%20db19793d87f549c3ba08ccdb17b42c9e.md),李渔 (Reading/Author/%E6%9D%8E%E6%B8%94%201f477dd3d7838032abd6e88e74b98d3b.md),"短篇 (Reading/Category/%E7%9F%AD%E7%AF%87%207cecd2c07ba6415e84f853878c8539bf.md), 国学 (Reading/Category/%E5%9B%BD%E5%AD%A6%201a4e5ee48605434199b479f4204a0599.md)","May 15, 2025 7:37 PM",9787508084572,1,"May 15, 2025 8:38 PM",6.49,,,华夏出版社 (Reading/Publisher/%E5%8D%8E%E5%A4%8F%E5%87%BA%E7%89%88%E7%A4%BE%202bb2b6637048483fbbc3bd7e61ed3443.md)
鲁滨孙历险记,淘宝 (Reading/Platform/%E6%B7%98%E5%AE%9D%20c7f52ce2740b41f98aef55e4ce0688de.md),笛福 (Reading/Author/%E7%AC%9B%E7%A6%8F%20d1e9cdc276e7457cbd0f891085ffbcd8.md),长篇 (Reading/Category/%E9%95%BF%E7%AF%87%206b4e322679ec4c5e98aaa5526375f168.md),"May 17, 2025 9:23 AM",9787532778263,1,"October 15, 2025 6:34 PM",1.93,100,8,上海译文出版社 (Reading/Publisher/%E4%B8%8A%E6%B5%B7%E8%AF%91%E6%96%87%E5%87%BA%E7%89%88%E7%A4%BE%202678101fd9c841e58f199d01b6c00513.md)
欢喜冤家,淘宝 (Reading/Platform/%E6%B7%98%E5%AE%9D%20c7f52ce2740b41f98aef55e4ce0688de.md),西湖渔隐主人 (Reading/Author/%E8%A5%BF%E6%B9%96%E6%B8%94%E9%9A%90%E4%B8%BB%E4%BA%BA%201f977dd3d78380568fcde6ef6ee00e47.md),"短篇 (Reading/Category/%E7%9F%AD%E7%AF%87%207cecd2c07ba6415e84f853878c8539bf.md), 国学 (Reading/Category/%E5%9B%BD%E5%AD%A6%201a4e5ee48605434199b479f4204a0599.md)","May 20, 2025 4:27 PM",9787508084664,1,"August 22, 2025 1:21 PM",3.75,100,7,华夏出版社 (Reading/Publisher/%E5%8D%8E%E5%A4%8F%E5%87%BA%E7%89%88%E7%A4%BE%202bb2b6637048483fbbc3bd7e61ed3443.md)
海上花列传,淘宝 (Reading/Platform/%E6%B7%98%E5%AE%9D%20c7f52ce2740b41f98aef55e4ce0688de.md),韩邦庆 (Reading/Author/%E9%9F%A9%E9%82%A6%E5%BA%86%201fb77dd3d7838040b490efb650dc7ef5.md),"长篇 (Reading/Category/%E9%95%BF%E7%AF%87%206b4e322679ec4c5e98aaa5526375f168.md), 国学 (Reading/Category/%E5%9B%BD%E5%AD%A6%201a4e5ee48605434199b479f4204a0599.md)","May 22, 2025 1:49 PM",9787508086217,1,"May 22, 2025 1:57 PM",1.03,,,华夏出版社 (Reading/Publisher/%E5%8D%8E%E5%A4%8F%E5%87%BA%E7%89%88%E7%A4%BE%202bb2b6637048483fbbc3bd7e61ed3443.md)
三刻拍案惊奇·型世言,淘宝 (Reading/Platform/%E6%B7%98%E5%AE%9D%20c7f52ce2740b41f98aef55e4ce0688de.md),"陆人龙 (Reading/Author/%E9%99%86%E4%BA%BA%E9%BE%99%201ff77dd3d7838078b3f4e44de312a743.md), 陆云龙 (Reading/Author/%E9%99%86%E4%BA%91%E9%BE%99%201ff77dd3d7838036a244cad0bfa04a0e.md)","短篇 (Reading/Category/%E7%9F%AD%E7%AF%87%207cecd2c07ba6415e84f853878c8539bf.md), 国学 (Reading/Category/%E5%9B%BD%E5%AD%A6%201a4e5ee48605434199b479f4204a0599.md)","May 26, 2025 8:39 PM",9787508077246,1,"July 8, 2025 2:08 PM",3.29,,,华夏出版社 (Reading/Publisher/%E5%8D%8E%E5%A4%8F%E5%87%BA%E7%89%88%E7%A4%BE%202bb2b6637048483fbbc3bd7e61ed3443.md)
黑话水浒,kindle (Reading/Platform/kindle%200ebd267828e046898cd199a4d0bf6b93.md),无斋主人 (Reading/Author/%E6%97%A0%E6%96%8B%E4%B8%BB%E4%BA%BA%2020377dd3d78380418594c56d1889a5a6.md),流行 (Reading/Category/%E6%B5%81%E8%A1%8C%2006e2b73e68014533ace3c0eac10aeec7.md),"May 30, 2025 10:31 AM",9787508704203,0.1,"August 13, 2025 9:53 PM",0,100,7,中国社会出版社 (Reading/Publisher/%E4%B8%AD%E5%9B%BD%E7%A4%BE%E4%BC%9A%E5%87%BA%E7%89%88%E7%A4%BE%2020377dd3d78380508c87f3b92514901b.md)
封神演义,淘宝 (Reading/Platform/%E6%B7%98%E5%AE%9D%20c7f52ce2740b41f98aef55e4ce0688de.md),许仲琳 (Reading/Author/%E8%AE%B8%E4%BB%B2%E7%90%B3%20786e866724bb481fbce1b3699019baeb.md),"长篇 (Reading/Category/%E9%95%BF%E7%AF%87%206b4e322679ec4c5e98aaa5526375f168.md), 国学 (Reading/Category/%E5%9B%BD%E5%AD%A6%201a4e5ee48605434199b479f4204a0599.md)","June 1, 2025 12:41 PM",9787508074986,1,"June 1, 2025 12:53 PM",3,,,华夏出版社 (Reading/Publisher/%E5%8D%8E%E5%A4%8F%E5%87%BA%E7%89%88%E7%A4%BE%202bb2b6637048483fbbc3bd7e61ed3443.md)
红楼十二层,孔夫子 (Reading/Platform/%E5%AD%94%E5%A4%AB%E5%AD%90%20e9c2ade3c3594415ab366417a820055f.md),周汝昌 (Reading/Author/%E5%91%A8%E6%B1%9D%E6%98%8C%20cbe42a0e882042aa8b4a736f381307cc.md),国学 (Reading/Category/%E5%9B%BD%E5%AD%A6%201a4e5ee48605434199b479f4204a0599.md),"June 25, 2025 7:03 PM",9787805506050,1,"July 8, 2025 1:53 PM",8.5,100,10,书海出版社 (Reading/Publisher/%E4%B9%A6%E6%B5%B7%E5%87%BA%E7%89%88%E7%A4%BE%2021d77dd3d783802994fffed7721d7fa0.md)
红楼梦诗词曲赋鉴赏,孔夫子 (Reading/Platform/%E5%AD%94%E5%A4%AB%E5%AD%90%20e9c2ade3c3594415ab366417a820055f.md),蔡义江 (Reading/Author/%E8%94%A1%E4%B9%89%E6%B1%9F%2022277dd3d78380a79847f3e5cb7331f1.md),"诗歌 (Reading/Category/%E8%AF%97%E6%AD%8C%206d14d7489136407a8593422aa182b379.md), 国学 (Reading/Category/%E5%9B%BD%E5%AD%A6%201a4e5ee48605434199b479f4204a0599.md)","June 30, 2025 6:02 PM",9787101028584,1,"February 27, 2026 2:24 PM",14,,,中华书局 (Reading/Publisher/%E4%B8%AD%E5%8D%8E%E4%B9%A6%E5%B1%80%20bcb15c0dc1c74b3fb97715d80213363f.md)
红楼夺目红,孔夫子 (Reading/Platform/%E5%AD%94%E5%A4%AB%E5%AD%90%20e9c2ade3c3594415ab366417a820055f.md),周汝昌 (Reading/Author/%E5%91%A8%E6%B1%9D%E6%98%8C%20cbe42a0e882042aa8b4a736f381307cc.md),国学 (Reading/Category/%E5%9B%BD%E5%AD%A6%201a4e5ee48605434199b479f4204a0599.md),"June 30, 2025 6:06 PM",9787506327084,1,"June 30, 2025 6:09 PM",5.5,,,作家出版社 (Reading/Publisher/%E4%BD%9C%E5%AE%B6%E5%87%BA%E7%89%88%E7%A4%BE%20f7a0e637f1214e3f924512bbe55247b8.md)
脂砚斋评石头记·刷边版,拼多多 (Reading/Platform/%E6%8B%BC%E5%A4%9A%E5%A4%9A%20db19793d87f549c3ba08ccdb17b42c9e.md),"曹雪芹 (Reading/Author/%E6%9B%B9%E9%9B%AA%E8%8A%B9%20cd24cc8fc6ef4739b0249386e9a4b2a7.md), 脂砚斋 (Reading/Author/%E8%84%82%E7%A0%9A%E6%96%8B%2022a77dd3d7838052bf90c10bdaca8b14.md)","长篇 (Reading/Category/%E9%95%BF%E7%AF%87%206b4e322679ec4c5e98aaa5526375f168.md), 国学 (Reading/Category/%E5%9B%BD%E5%AD%A6%201a4e5ee48605434199b479f4204a0599.md)","July 8, 2025 7:33 AM",9787542633767,1,"July 8, 2025 2:12 PM",31.28,,,"上海三联书店 (Reading/Publisher/%E4%B8%8A%E6%B5%B7%E4%B8%89%E8%81%94%E4%B9%A6%E5%BA%97%2010577dd3d78380c08b54e1b7ea895a0b.md), 凤凰壹力 (Reading/Publisher/%E5%87%A4%E5%87%B0%E5%A3%B9%E5%8A%9B%2022a77dd3d7838096b0bed75f1af21e24.md)"
钱钟书文集,淘宝 (Reading/Platform/%E6%B7%98%E5%AE%9D%20c7f52ce2740b41f98aef55e4ce0688de.md),钱钟书 (Reading/Author/%E9%92%B1%E9%92%9F%E4%B9%A6%20c944b0b06de54a66ae2b69dc35134407.md),"长篇 (Reading/Category/%E9%95%BF%E7%AF%87%206b4e322679ec4c5e98aaa5526375f168.md), 短篇 (Reading/Category/%E7%9F%AD%E7%AF%87%207cecd2c07ba6415e84f853878c8539bf.md), 散文 (Reading/Category/%E6%95%A3%E6%96%87%20d94c81dc272b4510b64387a9402d125c.md)","July 10, 2025 7:56 PM",7805062175,0.8,"July 30, 2025 10:01 PM",2,,,内蒙古人民出版社 (Reading/Publisher/%E5%86%85%E8%92%99%E5%8F%A4%E4%BA%BA%E6%B0%91%E5%87%BA%E7%89%88%E7%A4%BE%2022d77dd3d783804fb168e10bcfff3df9.md)
红楼望月,孔夫子 (Reading/Platform/%E5%AD%94%E5%A4%AB%E5%AD%90%20e9c2ade3c3594415ab366417a820055f.md),刘心武 (Reading/Author/%E5%88%98%E5%BF%83%E6%AD%A6%2022d77dd3d78380649348dac01f34e308.md),国学 (Reading/Category/%E5%9B%BD%E5%AD%A6%201a4e5ee48605434199b479f4204a0599.md),"July 10, 2025 7:57 PM",9787805506760,1,"July 11, 2025 9:03 AM",4.56,,,书海出版社 (Reading/Publisher/%E4%B9%A6%E6%B5%B7%E5%87%BA%E7%89%88%E7%A4%BE%2021d77dd3d783802994fffed7721d7fa0.md)
鲁迅经典全集,拼多多 (Reading/Platform/%E6%8B%BC%E5%A4%9A%E5%A4%9A%20db19793d87f549c3ba08ccdb17b42c9e.md),鲁迅 (Reading/Author/%E9%B2%81%E8%BF%85%2019809c6ab49642a3a6a9786dd0e2b846.md),"短篇 (Reading/Category/%E7%9F%AD%E7%AF%87%207cecd2c07ba6415e84f853878c8539bf.md), 散文 (Reading/Category/%E6%95%A3%E6%96%87%20d94c81dc272b4510b64387a9402d125c.md)","July 21, 2025 9:40 PM",9787518085583,1,"July 21, 2025 9:45 PM",11.89,,,中国纺织出版社 (Reading/Publisher/%E4%B8%AD%E5%9B%BD%E7%BA%BA%E7%BB%87%E5%87%BA%E7%89%88%E7%A4%BE%2023777dd3d783800ba0acc10bee8ad275.md)
醒世姻缘传,拼多多 (Reading/Platform/%E6%8B%BC%E5%A4%9A%E5%A4%9A%20db19793d87f549c3ba08ccdb17b42c9e.md),西周生 (Reading/Author/%E8%A5%BF%E5%91%A8%E7%94%9F%2025677dd3d78380e78e0ed585f27be777.md),"国学 (Reading/Category/%E5%9B%BD%E5%AD%A6%201a4e5ee48605434199b479f4204a0599.md), 长篇 (Reading/Category/%E9%95%BF%E7%AF%87%206b4e322679ec4c5e98aaa5526375f168.md)","August 21, 2025 10:06 PM",9787508063980,1,"August 24, 2025 2:26 PM",9,,,华夏出版社 (Reading/Publisher/%E5%8D%8E%E5%A4%8F%E5%87%BA%E7%89%88%E7%A4%BE%202bb2b6637048483fbbc3bd7e61ed3443.md)
父与子,实体店 (Reading/Platform/%E5%AE%9E%E4%BD%93%E5%BA%97%205868c9fad9164dabbe7be33e9dce6f0f.md),屠格涅夫 (Reading/Author/%E5%B1%A0%E6%A0%BC%E6%B6%85%E5%A4%AB%20d55de7c9158f4d8283bd17fc1fed0c6e.md),长篇 (Reading/Category/%E9%95%BF%E7%AF%87%206b4e322679ec4c5e98aaa5526375f168.md),"September 13, 2025 2:30 PM",9787535419354,1,"September 13, 2025 2:37 PM",,100,8,长江文艺出版社 (Reading/Publisher/%E9%95%BF%E6%B1%9F%E6%96%87%E8%89%BA%E5%87%BA%E7%89%88%E7%A4%BE%20ca2ef9610a174457ba2236fed05e023a.md)
小王子,赠送 (Reading/Platform/%E8%B5%A0%E9%80%81%20455e7d509df3444ebf2c9c50269c654b.md),埃克苏佩里 (Reading/Author/%E5%9F%83%E5%85%8B%E8%8B%8F%E4%BD%A9%E9%87%8C%20a750df4f717d4b1bb59945fcd650deb6.md),长篇 (Reading/Category/%E9%95%BF%E7%AF%87%206b4e322679ec4c5e98aaa5526375f168.md),"October 13, 2025 9:19 PM",9787201077642,1,"October 18, 2025 1:57 PM",,100,10,"天津人民出版社 (Reading/Publisher/%E5%A4%A9%E6%B4%A5%E4%BA%BA%E6%B0%91%E5%87%BA%E7%89%88%E7%A4%BE%2043eaef3726f04adeaecbdeaad42fe66b.md), 果麦 (Reading/Publisher/%E6%9E%9C%E9%BA%A6%20eab69198a3ab4d18839c72f592c9c46b.md)"
少年维特的烦恼 亲合力,实体店 (Reading/Platform/%E5%AE%9E%E4%BD%93%E5%BA%97%205868c9fad9164dabbe7be33e9dce6f0f.md),歌德 (Reading/Author/%E6%AD%8C%E5%BE%B7%20e7d65d4b675d4d86947357b71ea52671.md),长篇 (Reading/Category/%E9%95%BF%E7%AF%87%206b4e322679ec4c5e98aaa5526375f168.md),"October 13, 2025 9:26 PM",9787532719242,1,"October 18, 2025 1:45 PM",,50,6,上海译文出版社 (Reading/Publisher/%E4%B8%8A%E6%B5%B7%E8%AF%91%E6%96%87%E5%87%BA%E7%89%88%E7%A4%BE%202678101fd9c841e58f199d01b6c00513.md)
癸酉本石头记,拼多多 (Reading/Platform/%E6%8B%BC%E5%A4%9A%E5%A4%9A%20db19793d87f549c3ba08ccdb17b42c9e.md),,"长篇 (Reading/Category/%E9%95%BF%E7%AF%87%206b4e322679ec4c5e98aaa5526375f168.md), 经典 (Reading/Category/%E7%BB%8F%E5%85%B8%20e210ce3838764a44bf39c141b13e0070.md)","February 27, 2026 9:23 AM",9787509012086,1,"February 27, 2026 2:24 PM",14.4,,,当代世界出版社 (Reading/Publisher/%E5%BD%93%E4%BB%A3%E4%B8%96%E7%95%8C%E5%87%BA%E7%89%88%E7%A4%BE%2031477dd3d78380a08a62f1f1b91c98c2.md)
泰伯文化研究（辛丑集）,赠送 (Reading/Platform/%E8%B5%A0%E9%80%81%20455e7d509df3444ebf2c9c50269c654b.md),,历史 (Reading/Category/%E5%8E%86%E5%8F%B2%201a0d5f76b6ef49c08c573167fa6554dc.md),"March 15, 2026 5:33 PM",9787554617656,0,"September 5, 2026 11:39 AM",-4.95,-1,,古吴轩出版社 (Reading/Publisher/%E5%8F%A4%E5%90%B4%E8%BD%A9%E5%87%BA%E7%89%88%E7%A4%BE%2073aded6269c149eda87297ff69af2570.md)