Name,Price,Author,🏢 Publisher," Platform",ISBN,Category,Importance,Progress,Rating,Created,Last
泰伯文化研究（辛丑集）,-4.95,,古吴轩出版社 (Reading/Publisher/%E5%8F%A4%E5%90%B4%E8%BD%A9%E5%87%BA%E7%89%88%E7%A4%BE%2073aded6269c149eda87297ff69af2570.md),赠送 (Reading/Platform/%E8%B5%A0%E9%80%81%20455e7d509df3444ebf2c9c50269c654b.md),9787554617656,历史 (Reading/Category/%E5%8E%86%E5%8F%B2%201a0d5f76b6ef49c08c573167fa6554dc.md),0,-1,,"March 15, 2026 5:33 PM","September 5, 2026 11:39 AM"
红楼梦诗词曲赋鉴赏,14,蔡义江 (Reading/Author/%E8%94%A1%E4%B9%89%E6%B1%9F%2022277dd3d78380a79847f3e5cb7331f1.md),中华书局 (Reading/Publisher/%E4%B8%AD%E5%8D%8E%E4%B9%A6%E5%B1%80%20bcb15c0dc1c74b3fb97715d80213363f.md),孔夫子 (Reading/Platform/%E5%AD%94%E5%A4%AB%E5%AD%90%20e9c2ade3c3594415ab366417a820055f.md),9787101028584,"诗歌 (Reading/Category/%E8%AF%97%E6%AD%8C%206d14d7489136407a8593422aa182b379.md), 国学 (Reading/Category/%E5%9B%BD%E5%AD%A6%201a4e5ee48605434199b479f4204a0599.md)",1,,,"June 30, 2025 6:02 PM","February 27, 2026 2:24 PM"
癸酉本石头记,14.4,,当代世界出版社 (Reading/Publisher/%E5%BD%93%E4%BB%A3%E4%B8%96%E7%95%8C%E5%87%BA%E7%89%88%E7%A4%BE%2031477dd3d78380a08a62f1f1b91c98c2.md),拼多多 (Reading/Platform/%E6%8B%BC%E5%A4%9A%E5%A4%9A%20db19793d87f549c3ba08ccdb17b42c9e.md),9787509012086,"长篇 (Reading/Category/%E9%95%BF%E7%AF%87%206b4e322679ec4c5e98aaa5526375f168.md), 经典 (Reading/Category/%E7%BB%8F%E5%85%B8%20e210ce3838764a44bf39c141b13e0070.md)",1,,,"February 27, 2026 9:23 AM","February 27, 2026 2:24 PM"
红楼梦,29.4,,中华书局 (Reading/Publisher/%E4%B8%AD%E5%8D%8E%E4%B9%A6%E5%B1%80%20bcb15c0dc1c74b3fb97715d80213363f.md),京东 (Reading/Platform/%E4%BA%AC%E4%B8%9C%20991081d220754871a65ea5285ec56e3b.md),9787101105339,"长篇 (Reading/Category/%E9%95%BF%E7%AF%87%206b4e322679ec4c5e98aaa5526375f168.md), 国学 (Reading/Category/%E5%9B%BD%E5%AD%A6%201a4e5ee48605434199b479f4204a0599.md)",1,,,"April 23, 2025 9:31 PM","February 27, 2026 2:10 PM"
红楼梦,14.58,,人民文学出版社 (Reading/Publisher/%E4%BA%BA%E6%B0%91%E6%96%87%E5%AD%A6%E5%87%BA%E7%89%88%E7%A4%BE%208f33d507688c4765a90194e25a9bf0b7.md),京东 (Reading/Platform/%E4%BA%AC%E4%B8%9C%20991081d220754871a65ea5285ec56e3b.md),9787020002207,"长篇 (Reading/Category/%E9%95%BF%E7%AF%87%206b4e322679ec4c5e98aaa5526375f168.md), 经典 (Reading/Category/%E7%BB%8F%E5%85%B8%20e210ce3838764a44bf39c141b13e0070.md)",1,99,10,"April 27, 2024 11:44 AM","February 27, 2026 2:10 PM"
红楼梦·脂砚斋批评本,32,脂砚斋 (Reading/Author/%E8%84%82%E7%A0%9A%E6%96%8B%2022a77dd3d7838052bf90c10bdaca8b14.md),岳麓书社 (Reading/Publisher/%E5%B2%B3%E9%BA%93%E4%B9%A6%E7%A4%BE%200a195e97f55340e9b8b899a1618886ac.md),淘宝 (Reading/Platform/%E6%B7%98%E5%AE%9D%20c7f52ce2740b41f98aef55e4ce0688de.md),9787553803647,"长篇 (Reading/Category/%E9%95%BF%E7%AF%87%206b4e322679ec4c5e98aaa5526375f168.md), 经典 (Reading/Category/%E7%BB%8F%E5%85%B8%20e210ce3838764a44bf39c141b13e0070.md)",1,10,10,"September 27, 2023 8:56 PM","February 27, 2026 2:10 PM"
王国维文学论著三种（售出）,3.55,王国维 (Reading/Author/%E7%8E%8B%E5%9B%BD%E7%BB%B4%2017d079848b2a43dbb82b3b0e89a66002.md),安徽师范大学出版社 (Reading/Publisher/%E5%AE%89%E5%BE%BD%E5%B8%88%E8%8C%83%E5%A4%A7%E5%AD%A6%E5%87%BA%E7%89%88%E7%A4%BE%201e577dd3d78380a6bf08ea3c5286deb6.md),孔夫子 (Reading/Platform/%E5%AD%94%E5%A4%AB%E5%AD%90%20e9c2ade3c3594415ab366417a820055f.md),9787567617070,国学 (Reading/Category/%E5%9B%BD%E5%AD%A6%201a4e5ee48605434199b479f4204a0599.md),0.6,-1,10,"May 2, 2025 4:02 PM","November 21, 2025 7:49 PM"
罪与罚（售出）,0.81,陀思妥耶夫斯基 (Reading/Author/%E9%99%80%E6%80%9D%E5%A6%A5%E8%80%B6%E5%A4%AB%E6%96%AF%E5%9F%BA%20cccbf1ca36f64ef0bbe6eda7c91537b8.md),"浙江文艺出版社 (Reading/Publisher/%E6%B5%99%E6%B1%9F%E6%96%87%E8%89%BA%E5%87%BA%E7%89%88%E7%A4%BE%20a1a3ebbcdfff41aba54adb589a51adf2.md), 果麦 (Reading/Publisher/%E6%9E%9C%E9%BA%A6%20eab69198a3ab4d18839c72f592c9c46b.md)",拼多多 (Reading/Platform/%E6%8B%BC%E5%A4%9A%E5%A4%9A%20db19793d87f549c3ba08ccdb17b42c9e.md),9787533955168,长篇 (Reading/Category/%E9%95%BF%E7%AF%87%206b4e322679ec4c5e98aaa5526375f168.md),0.9,-1,10,"October 12, 2023 2:16 PM","October 26, 2025 3:29 PM"
小王子,,埃克苏佩里 (Reading/Author/%E5%9F%83%E5%85%8B%E8%8B%8F%E4%BD%A9%E9%87%8C%20a750df4f717d4b1bb59945fcd650deb6.md),"天津人民出版社 (Reading/Publisher/%E5%A4%A9%E6%B4%A5%E4%BA%BA%E6%B0%91%E5%87%BA%E7%89%88%E7%A4%BE%2043eaef3726f04adeaecbdeaad42fe66b.md), 果麦 (Reading/Publisher/%E6%9E%9C%E9%BA%A6%20eab69198a3ab4d18839c72f592c9c46b.md)",赠送 (Reading/Platform/%E8%B5%A0%E9%80%81%20455e7d509df3444ebf2c9c50269c654b.md),9787201077642,长篇 (Reading/Category/%E9%95%BF%E7%AF%87%206b4e322679ec4c5e98aaa5526375f168.md),1,100,10,"October 13, 2025 9:19 PM","October 18, 2025 1:57 PM"
局外人,3.6,加缪 (Reading/Author/%E5%8A%A0%E7%BC%AA%201a27669a7f7242aa9aa9338b45e172d3.md),上海译文出版社 (Reading/Publisher/%E4%B8%8A%E6%B5%B7%E8%AF%91%E6%96%87%E5%87%BA%E7%89%88%E7%A4%BE%202678101fd9c841e58f199d01b6c00513.md),番茄 (Reading/Platform/%E7%95%AA%E8%8C%84%20bb113666fc9f49d1ad34f06fead7f835.md),9787532778072,长篇 (Reading/Category/%E9%95%BF%E7%AF%87%206b4e322679ec4c5e98aaa5526375f168.md),1,100,7,"November 29, 2023 11:29 AM","October 18, 2025 1:55 PM"
局外人,0.01,加缪 (Reading/Author/%E5%8A%A0%E7%BC%AA%201a27669a7f7242aa9aa9338b45e172d3.md),中国画报出版社 (Reading/Publisher/%E4%B8%AD%E5%9B%BD%E7%94%BB%E6%8A%A5%E5%87%BA%E7%89%88%E7%A4%BE%20985a8380c4e24e459be879ed339b6f3e.md),番茄 (Reading/Platform/%E7%95%AA%E8%8C%84%20bb113666fc9f49d1ad34f06fead7f835.md),9787514613506,长篇 (Reading/Category/%E9%95%BF%E7%AF%87%206b4e322679ec4c5e98aaa5526375f168.md),0,,,"December 5, 2023 4:58 PM","October 18, 2025 1:50 PM"
少年维特的烦恼 亲合力,,歌德 (Reading/Author/%E6%AD%8C%E5%BE%B7%20e7d65d4b675d4d86947357b71ea52671.md),上海译文出版社 (Reading/Publisher/%E4%B8%8A%E6%B5%B7%E8%AF%91%E6%96%87%E5%87%BA%E7%89%88%E7%A4%BE%202678101fd9c841e58f199d01b6c00513.md),实体店 (Reading/Platform/%E5%AE%9E%E4%BD%93%E5%BA%97%205868c9fad9164dabbe7be33e9dce6f0f.md),9787532719242,长篇 (Reading/Category/%E9%95%BF%E7%AF%87%206b4e322679ec4c5e98aaa5526375f168.md),1,50,6,"October 13, 2025 9:26 PM","October 18, 2025 1:45 PM"
鲁滨孙历险记,1.93,笛福 (Reading/Author/%E7%AC%9B%E7%A6%8F%20d1e9cdc276e7457cbd0f891085ffbcd8.md),上海译文出版社 (Reading/Publisher/%E4%B8%8A%E6%B5%B7%E8%AF%91%E6%96%87%E5%87%BA%E7%89%88%E7%A4%BE%202678101fd9c841e58f199d01b6c00513.md),淘宝 (Reading/Platform/%E6%B7%98%E5%AE%9D%20c7f52ce2740b41f98aef55e4ce0688de.md),9787532778263,长篇 (Reading/Category/%E9%95%BF%E7%AF%87%206b4e322679ec4c5e98aaa5526375f168.md),1,100,8,"May 17, 2025 9:23 AM","October 15, 2025 6:34 PM"
我的精神家园（售出）,2.9,王小波 (Reading/Author/%E7%8E%8B%E5%B0%8F%E6%B3%A2%20b6d979c4b8e54897b4507ff82fd06dfc.md),"北京十月文艺出版社 (Reading/Publisher/%E5%8C%97%E4%BA%AC%E5%8D%81%E6%9C%88%E6%96%87%E8%89%BA%E5%87%BA%E7%89%88%E7%A4%BE%203a0dcd86170d49d9ba43e6f8c991c984.md), 新经典 (Reading/Publisher/%E6%96%B0%E7%BB%8F%E5%85%B8%20248fc2414a2b41a8bc70dd326b9ca023.md)",孔夫子 (Reading/Platform/%E5%AD%94%E5%A4%AB%E5%AD%90%20e9c2ade3c3594415ab366417a820055f.md),9787530217467,散文 (Reading/Category/%E6%95%A3%E6%96%87%20d94c81dc272b4510b64387a9402d125c.md),0.5,-1,10,"July 13, 2024 9:12 PM","October 13, 2025 3:28 PM"
绿毛水怪（售出）,-1.4,王小波 (Reading/Author/%E7%8E%8B%E5%B0%8F%E6%B3%A2%20b6d979c4b8e54897b4507ff82fd06dfc.md),"北京十月文艺出版社 (Reading/Publisher/%E5%8C%97%E4%BA%AC%E5%8D%81%E6%9C%88%E6%96%87%E8%89%BA%E5%87%BA%E7%89%88%E7%A4%BE%203a0dcd86170d49d9ba43e6f8c991c984.md), 新经典 (Reading/Publisher/%E6%96%B0%E7%BB%8F%E5%85%B8%20248fc2414a2b41a8bc70dd326b9ca023.md)",孔夫子 (Reading/Platform/%E5%AD%94%E5%A4%AB%E5%AD%90%20e9c2ade3c3594415ab366417a820055f.md),9787530217948,短篇 (Reading/Category/%E7%9F%AD%E7%AF%87%207cecd2c07ba6415e84f853878c8539bf.md),0.5,-1,10,"August 6, 2024 10:33 AM","October 13, 2025 3:28 PM"
一叶秋（售出）,-0.4,张大春 (Reading/Author/%E5%BC%A0%E5%A4%A7%E6%98%A5%2018477dd3d7838072aba6d5728365e6d4.md),"九州出版社 (Reading/Publisher/%E4%B9%9D%E5%B7%9E%E5%87%BA%E7%89%88%E7%A4%BE%2018477dd3d783801096a5fe653aea40d4.md), 华文天下 (Reading/Publisher/%E5%8D%8E%E6%96%87%E5%A4%A9%E4%B8%8B%2018477dd3d78380c4a266e9bdea8c3b63.md)",拼多多 (Reading/Platform/%E6%8B%BC%E5%A4%9A%E5%A4%9A%20db19793d87f549c3ba08ccdb17b42c9e.md),9787510870163,"历史 (Reading/Category/%E5%8E%86%E5%8F%B2%201a0d5f76b6ef49c08c573167fa6554dc.md), 社科 (Reading/Category/%E7%A4%BE%E7%A7%91%208329bdf601ac465ca4e46a05103e22c7.md)",0.2,-1,65,"February 18, 2025 7:15 PM","October 13, 2025 3:28 PM"
呼兰河传（售出）,1.83,萧红 (Reading/Author/%E8%90%A7%E7%BA%A2%20a765fc21cc7a4c10a6c1afd8b15e175c.md),中国文联出版社 (Reading/Publisher/%E4%B8%AD%E5%9B%BD%E6%96%87%E8%81%94%E5%87%BA%E7%89%88%E7%A4%BE%20733311d93c8a47daa5115bac2c978824.md),淘宝 (Reading/Platform/%E6%B7%98%E5%AE%9D%20c7f52ce2740b41f98aef55e4ce0688de.md),9787519013226,长篇 (Reading/Category/%E9%95%BF%E7%AF%87%206b4e322679ec4c5e98aaa5526375f168.md),0.5,-1,10,"October 15, 2023 9:23 PM","October 13, 2025 3:27 PM"
生死场（售出）,-0.4,萧红 (Reading/Author/%E8%90%A7%E7%BA%A2%20a765fc21cc7a4c10a6c1afd8b15e175c.md),中国文联出版社 (Reading/Publisher/%E4%B8%AD%E5%9B%BD%E6%96%87%E8%81%94%E5%87%BA%E7%89%88%E7%A4%BE%20733311d93c8a47daa5115bac2c978824.md),番茄 (Reading/Platform/%E7%95%AA%E8%8C%84%20bb113666fc9f49d1ad34f06fead7f835.md),9787519026110,长篇 (Reading/Category/%E9%95%BF%E7%AF%87%206b4e322679ec4c5e98aaa5526375f168.md),0.5,-1,8,"December 3, 2023 6:15 PM","October 13, 2025 3:27 PM"
悉达多,0.01,黑塞 (Reading/Author/%E9%BB%91%E5%A1%9E%208c8570d151ef455f9d6b9be0804ce1c0.md),"天津人民出版社 (Reading/Publisher/%E5%A4%A9%E6%B4%A5%E4%BA%BA%E6%B0%91%E5%87%BA%E7%89%88%E7%A4%BE%2043eaef3726f04adeaecbdeaad42fe66b.md), 果麦 (Reading/Publisher/%E6%9E%9C%E9%BA%A6%20eab69198a3ab4d18839c72f592c9c46b.md)",番茄 (Reading/Platform/%E7%95%AA%E8%8C%84%20bb113666fc9f49d1ad34f06fead7f835.md),9787201112695,长篇 (Reading/Category/%E9%95%BF%E7%AF%87%206b4e322679ec4c5e98aaa5526375f168.md),1,100,7,"December 1, 2023 11:44 AM","September 27, 2025 3:48 PM"
元赵孟頫书妙严寺记（售出）,-9.08,赵孟頫 (Reading/Author/%E8%B5%B5%E5%AD%9F%E9%A0%AB%20fc594ef097ab4a45a30e235a4fe67a90.md),文物出版社 (Reading/Publisher/%E6%96%87%E7%89%A9%E5%87%BA%E7%89%88%E7%A4%BE%20ddeb9059b8dc4613bd0febc3c2e5a109.md),番茄 (Reading/Platform/%E7%95%AA%E8%8C%84%20bb113666fc9f49d1ad34f06fead7f835.md),9787501007103,书帖 (Reading/Category/%E4%B9%A6%E5%B8%96%2034c3d5939f7a413aae1ef49a2c09d725.md),0,-1,,"December 23, 2023 2:38 PM","September 27, 2025 3:40 PM"
乡土中国（售出）,-5.49,费孝通 (Reading/Author/%E8%B4%B9%E5%AD%9D%E9%80%9A%207832c7d9ecbc4b94b9f7d3d57f4b7e64.md),天地出版社 (Reading/Publisher/%E5%A4%A9%E5%9C%B0%E5%87%BA%E7%89%88%E7%A4%BE%20b54972603412494d866717d2143ef41f.md),淘宝 (Reading/Platform/%E6%B7%98%E5%AE%9D%20c7f52ce2740b41f98aef55e4ce0688de.md),9787545552904,社科 (Reading/Category/%E7%A4%BE%E7%A7%91%208329bdf601ac465ca4e46a05103e22c7.md),0.1,-1,10,"November 19, 2023 4:17 PM","September 20, 2025 6:29 PM"
变形记,2,卡夫卡 (Reading/Author/%E5%8D%A1%E5%A4%AB%E5%8D%A1%20e23e0f36b6ca4315987d65077ea8e288.md),中央编译出版社 (Reading/Publisher/%E4%B8%AD%E5%A4%AE%E7%BC%96%E8%AF%91%E5%87%BA%E7%89%88%E7%A4%BE%201652895c29a14119a795cb013332cd08.md),番茄 (Reading/Platform/%E7%95%AA%E8%8C%84%20bb113666fc9f49d1ad34f06fead7f835.md),9787511735461,短篇 (Reading/Category/%E7%9F%AD%E7%AF%87%207cecd2c07ba6415e84f853878c8539bf.md),1,,,"December 23, 2023 2:25 PM","September 20, 2025 1:13 PM"
父与子,,屠格涅夫 (Reading/Author/%E5%B1%A0%E6%A0%BC%E6%B6%85%E5%A4%AB%20d55de7c9158f4d8283bd17fc1fed0c6e.md),长江文艺出版社 (Reading/Publisher/%E9%95%BF%E6%B1%9F%E6%96%87%E8%89%BA%E5%87%BA%E7%89%88%E7%A4%BE%20ca2ef9610a174457ba2236fed05e023a.md),实体店 (Reading/Platform/%E5%AE%9E%E4%BD%93%E5%BA%97%205868c9fad9164dabbe7be33e9dce6f0f.md),9787535419354,长篇 (Reading/Category/%E9%95%BF%E7%AF%87%206b4e322679ec4c5e98aaa5526375f168.md),1,100,8,"September 13, 2025 2:30 PM","September 13, 2025 2:37 PM"
契诃夫小说选,18.8,契诃夫 (Reading/Author/%E5%A5%91%E8%AF%83%E5%A4%AB%208181815d2fe04baa840fe6e9f36aaf1d.md),人民文学出版社 (Reading/Publisher/%E4%BA%BA%E6%B0%91%E6%96%87%E5%AD%A6%E5%87%BA%E7%89%88%E7%A4%BE%208f33d507688c4765a90194e25a9bf0b7.md),京东 (Reading/Platform/%E4%BA%AC%E4%B8%9C%20991081d220754871a65ea5285ec56e3b.md),9787020158508,短篇 (Reading/Category/%E7%9F%AD%E7%AF%87%207cecd2c07ba6415e84f853878c8539bf.md),1,100,10,"November 2, 2023 5:14 PM","September 3, 2025 9:42 PM"
卡拉马佐夫兄弟（售出）,-65.46,陀思妥耶夫斯基 (Reading/Author/%E9%99%80%E6%80%9D%E5%A6%A5%E8%80%B6%E5%A4%AB%E6%96%AF%E5%9F%BA%20cccbf1ca36f64ef0bbe6eda7c91537b8.md),生活·读书·新知三联书店 (Reading/Publisher/%E7%94%9F%E6%B4%BB%C2%B7%E8%AF%BB%E4%B9%A6%C2%B7%E6%96%B0%E7%9F%A5%E4%B8%89%E8%81%94%E4%B9%A6%E5%BA%97%20bff057dbdeb44d178d8b7071482927c2.md),拼多多 (Reading/Platform/%E6%8B%BC%E5%A4%9A%E5%A4%9A%20db19793d87f549c3ba08ccdb17b42c9e.md),9787108065698,长篇 (Reading/Category/%E9%95%BF%E7%AF%87%206b4e322679ec4c5e98aaa5526375f168.md),0,-1,,"January 17, 2025 10:13 AM","August 30, 2025 2:57 PM"
俄亥俄，温斯堡,11.47,舍伍德·安德森 (Reading/Author/%E8%88%8D%E4%BC%8D%E5%BE%B7%C2%B7%E5%AE%89%E5%BE%B7%E6%A3%AE%204d440690b23a4aba995bad79ba2414a5.md),"南海出版公司 (Reading/Publisher/%E5%8D%97%E6%B5%B7%E5%87%BA%E7%89%88%E5%85%AC%E5%8F%B8%204fe082fe5df3417b86f2e33661900dde.md), 新经典 (Reading/Publisher/%E6%96%B0%E7%BB%8F%E5%85%B8%20248fc2414a2b41a8bc70dd326b9ca023.md)",拼多多 (Reading/Platform/%E6%8B%BC%E5%A4%9A%E5%A4%9A%20db19793d87f549c3ba08ccdb17b42c9e.md),9787544258951,短篇 (Reading/Category/%E7%9F%AD%E7%AF%87%207cecd2c07ba6415e84f853878c8539bf.md),1,,10,"February 28, 2025 10:46 AM","August 30, 2025 2:56 PM"
醒世姻缘传,9,西周生 (Reading/Author/%E8%A5%BF%E5%91%A8%E7%94%9F%2025677dd3d78380e78e0ed585f27be777.md),华夏出版社 (Reading/Publisher/%E5%8D%8E%E5%A4%8F%E5%87%BA%E7%89%88%E7%A4%BE%202bb2b6637048483fbbc3bd7e61ed3443.md),拼多多 (Reading/Platform/%E6%8B%BC%E5%A4%9A%E5%A4%9A%20db19793d87f549c3ba08ccdb17b42c9e.md),9787508063980,"国学 (Reading/Category/%E5%9B%BD%E5%AD%A6%201a4e5ee48605434199b479f4204a0599.md), 长篇 (Reading/Category/%E9%95%BF%E7%AF%87%206b4e322679ec4c5e98aaa5526375f168.md)",1,,,"August 21, 2025 10:06 PM","August 24, 2025 2:26 PM"
夜深朗读者（送出）,0.01,其它 (Reading/Author/%E5%85%B6%E5%AE%83%20562b510967874f97ae9a82328b0fd99a.md),北京联合出版公司 (Reading/Publisher/%E5%8C%97%E4%BA%AC%E8%81%94%E5%90%88%E5%87%BA%E7%89%88%E5%85%AC%E5%8F%B8%20371c06c64a4f48e3932001ab121d7992.md),番茄 (Reading/Platform/%E7%95%AA%E8%8C%84%20bb113666fc9f49d1ad34f06fead7f835.md),9787559623409,散文 (Reading/Category/%E6%95%A3%E6%96%87%20d94c81dc272b4510b64387a9402d125c.md),0,-1,,"January 8, 2024 1:07 PM","August 23, 2025 11:56 AM"
押寨夫人（送出）,11.57,"沈从文 (Reading/Author/%E6%B2%88%E4%BB%8E%E6%96%87%20a9cde6afa8f2419bb0083fea9957b38a.md), 卓雅 (Reading/Author/%E5%8D%93%E9%9B%85%201b077dd3d783808fb371c9bbbab3c883.md)",岳麓书社 (Reading/Publisher/%E5%B2%B3%E9%BA%93%E4%B9%A6%E7%A4%BE%200a195e97f55340e9b8b899a1618886ac.md),拼多多 (Reading/Platform/%E6%8B%BC%E5%A4%9A%E5%A4%9A%20db19793d87f549c3ba08ccdb17b42c9e.md),9787807619710,短篇 (Reading/Category/%E7%9F%AD%E7%AF%87%207cecd2c07ba6415e84f853878c8539bf.md),0,-1,10,"March 1, 2025 4:02 PM","August 23, 2025 11:55 AM"
欢喜冤家,3.75,西湖渔隐主人 (Reading/Author/%E8%A5%BF%E6%B9%96%E6%B8%94%E9%9A%90%E4%B8%BB%E4%BA%BA%201f977dd3d78380568fcde6ef6ee00e47.md),华夏出版社 (Reading/Publisher/%E5%8D%8E%E5%A4%8F%E5%87%BA%E7%89%88%E7%A4%BE%202bb2b6637048483fbbc3bd7e61ed3443.md),淘宝 (Reading/Platform/%E6%B7%98%E5%AE%9D%20c7f52ce2740b41f98aef55e4ce0688de.md),9787508084664,"短篇 (Reading/Category/%E7%9F%AD%E7%AF%87%207cecd2c07ba6415e84f853878c8539bf.md), 国学 (Reading/Category/%E5%9B%BD%E5%AD%A6%201a4e5ee48605434199b479f4204a0599.md)",1,100,7,"May 20, 2025 4:27 PM","August 22, 2025 1:21 PM"
东方快车谋杀案,0,阿加莎·克里斯蒂 (Reading/Author/%E9%98%BF%E5%8A%A0%E8%8E%8E%C2%B7%E5%85%8B%E9%87%8C%E6%96%AF%E8%92%82%2010577dd3d783809aa9fcf0b77a533bef.md),新星出版社 (Reading/Publisher/%E6%96%B0%E6%98%9F%E5%87%BA%E7%89%88%E7%A4%BE%2010577dd3d78380a282c6e2ebdf814b92.md),kindle (Reading/Platform/kindle%200ebd267828e046898cd199a4d0bf6b93.md),9787513311632,长篇 (Reading/Category/%E9%95%BF%E7%AF%87%206b4e322679ec4c5e98aaa5526375f168.md),0.1,100,7,"September 18, 2024 2:38 PM","August 13, 2025 9:56 PM"
尼罗河上的惨案,0,阿加莎·克里斯蒂 (Reading/Author/%E9%98%BF%E5%8A%A0%E8%8E%8E%C2%B7%E5%85%8B%E9%87%8C%E6%96%AF%E8%92%82%2010577dd3d783809aa9fcf0b77a533bef.md),新星出版社 (Reading/Publisher/%E6%96%B0%E6%98%9F%E5%87%BA%E7%89%88%E7%A4%BE%2010577dd3d78380a282c6e2ebdf814b92.md),kindle (Reading/Platform/kindle%200ebd267828e046898cd199a4d0bf6b93.md),9787513313421,长篇 (Reading/Category/%E9%95%BF%E7%AF%87%206b4e322679ec4c5e98aaa5526375f168.md),0.1,100,9,"September 18, 2024 2:47 PM","August 13, 2025 9:56 PM"
巨匠与杰作,0,毛姆 (Reading/Author/%E6%AF%9B%E5%A7%86%20d23eff18683e4a048b17589cacd0c44f.md),上海译文出版社 (Reading/Publisher/%E4%B8%8A%E6%B5%B7%E8%AF%91%E6%96%87%E5%87%BA%E7%89%88%E7%A4%BE%202678101fd9c841e58f199d01b6c00513.md),kindle (Reading/Platform/kindle%200ebd267828e046898cd199a4d0bf6b93.md),9787532762040,散文 (Reading/Category/%E6%95%A3%E6%96%87%20d94c81dc272b4510b64387a9402d125c.md),0.1,100,8,"April 7, 2024 3:16 PM","August 13, 2025 9:56 PM"
一句顶一万句,0,刘震云 (Reading/Author/%E5%88%98%E9%9C%87%E4%BA%91%2027f60b5800f34303bf6388b76d335cb0.md),长江文艺出版社 (Reading/Publisher/%E9%95%BF%E6%B1%9F%E6%96%87%E8%89%BA%E5%87%BA%E7%89%88%E7%A4%BE%20ca2ef9610a174457ba2236fed05e023a.md),kindle (Reading/Platform/kindle%200ebd267828e046898cd199a4d0bf6b93.md),9787535439765,长篇 (Reading/Category/%E9%95%BF%E7%AF%87%206b4e322679ec4c5e98aaa5526375f168.md),0.1,100,10,"September 11, 2024 9:54 AM","August 13, 2025 9:56 PM"
一地鸡毛,0,刘震云 (Reading/Author/%E5%88%98%E9%9C%87%E4%BA%91%2027f60b5800f34303bf6388b76d335cb0.md),长江文艺出版社 (Reading/Publisher/%E9%95%BF%E6%B1%9F%E6%96%87%E8%89%BA%E5%87%BA%E7%89%88%E7%A4%BE%20ca2ef9610a174457ba2236fed05e023a.md),kindle (Reading/Platform/kindle%200ebd267828e046898cd199a4d0bf6b93.md),9787535452795,短篇 (Reading/Category/%E7%9F%AD%E7%AF%87%207cecd2c07ba6415e84f853878c8539bf.md),0.1,100,10,"October 7, 2024 3:34 PM","August 13, 2025 9:56 PM"
手机,0,刘震云 (Reading/Author/%E5%88%98%E9%9C%87%E4%BA%91%2027f60b5800f34303bf6388b76d335cb0.md),长江文艺出版社 (Reading/Publisher/%E9%95%BF%E6%B1%9F%E6%96%87%E8%89%BA%E5%87%BA%E7%89%88%E7%A4%BE%20ca2ef9610a174457ba2236fed05e023a.md),kindle (Reading/Platform/kindle%200ebd267828e046898cd199a4d0bf6b93.md),9787535426536,长篇 (Reading/Category/%E9%95%BF%E7%AF%87%206b4e322679ec4c5e98aaa5526375f168.md),0.1,100,10,"November 18, 2024 2:53 PM","August 13, 2025 9:56 PM"
我不是潘金莲,0,刘震云 (Reading/Author/%E5%88%98%E9%9C%87%E4%BA%91%2027f60b5800f34303bf6388b76d335cb0.md),长江文艺出版社 (Reading/Publisher/%E9%95%BF%E6%B1%9F%E6%96%87%E8%89%BA%E5%87%BA%E7%89%88%E7%A4%BE%20ca2ef9610a174457ba2236fed05e023a.md),kindle (Reading/Platform/kindle%200ebd267828e046898cd199a4d0bf6b93.md),9787535449481,长篇 (Reading/Category/%E9%95%BF%E7%AF%87%206b4e322679ec4c5e98aaa5526375f168.md),0.1,100,9,"November 21, 2024 10:19 PM","August 13, 2025 9:56 PM"
小说机杼,0,詹姆斯·伍德 (Reading/Author/%E8%A9%B9%E5%A7%86%E6%96%AF%C2%B7%E4%BC%8D%E5%BE%B7%2015b77dd3d78380b68e96f35966dad99d.md),"河南大学出版社 (Reading/Publisher/%E6%B2%B3%E5%8D%97%E5%A4%A7%E5%AD%A6%E5%87%BA%E7%89%88%E7%A4%BE%2015b77dd3d7838062881dd19179da66da.md), 上河卓远 (Reading/Publisher/%E4%B8%8A%E6%B2%B3%E5%8D%93%E8%BF%9C%2015b77dd3d7838039bfa8d2bd7c8aa959.md)",kindle (Reading/Platform/kindle%200ebd267828e046898cd199a4d0bf6b93.md),9787564919771,艺术 (Reading/Category/%E8%89%BA%E6%9C%AF%206783edfd7c2c40ca896345da888efd8c.md),0.1,,,"December 11, 2024 11:08 AM","August 13, 2025 9:53 PM"
黑话水浒,0,无斋主人 (Reading/Author/%E6%97%A0%E6%96%8B%E4%B8%BB%E4%BA%BA%2020377dd3d78380418594c56d1889a5a6.md),中国社会出版社 (Reading/Publisher/%E4%B8%AD%E5%9B%BD%E7%A4%BE%E4%BC%9A%E5%87%BA%E7%89%88%E7%A4%BE%2020377dd3d78380508c87f3b92514901b.md),kindle (Reading/Platform/kindle%200ebd267828e046898cd199a4d0bf6b93.md),9787508704203,流行 (Reading/Category/%E6%B5%81%E8%A1%8C%2006e2b73e68014533ace3c0eac10aeec7.md),0.1,100,7,"May 30, 2025 10:31 AM","August 13, 2025 9:53 PM"
钱钟书文集,2,钱钟书 (Reading/Author/%E9%92%B1%E9%92%9F%E4%B9%A6%20c944b0b06de54a66ae2b69dc35134407.md),内蒙古人民出版社 (Reading/Publisher/%E5%86%85%E8%92%99%E5%8F%A4%E4%BA%BA%E6%B0%91%E5%87%BA%E7%89%88%E7%A4%BE%2022d77dd3d783804fb168e10bcfff3df9.md),淘宝 (Reading/Platform/%E6%B7%98%E5%AE%9D%20c7f52ce2740b41f98aef55e4ce0688de.md),7805062175,"长篇 (Reading/Category/%E9%95%BF%E7%AF%87%206b4e322679ec4c5e98aaa5526375f168.md), 短篇 (Reading/Category/%E7%9F%AD%E7%AF%87%207cecd2c07ba6415e84f853878c8539bf.md), 散文 (Reading/Category/%E6%95%A3%E6%96%87%20d94c81dc272b4510b64387a9402d125c.md)",0.8,,,"July 10, 2025 7:56 PM","July 30, 2025 10:01 PM"
寄小读者·小橘灯（售出）,-4.09,冰心 (Reading/Author/%E5%86%B0%E5%BF%83%2021b086f5099249a39ddff06c8cee9121.md),北京师范大学出版社 (Reading/Publisher/%E5%8C%97%E4%BA%AC%E5%B8%88%E8%8C%83%E5%A4%A7%E5%AD%A6%E5%87%BA%E7%89%88%E7%A4%BE%20551490f5d1f64e6a965eae99a161ced8.md),番茄 (Reading/Platform/%E7%95%AA%E8%8C%84%20bb113666fc9f49d1ad34f06fead7f835.md),9787303175277,散文 (Reading/Category/%E6%95%A3%E6%96%87%20d94c81dc272b4510b64387a9402d125c.md),0,-1,,"January 15, 2024 2:05 PM","July 30, 2025 9:59 PM"
鲁迅经典全集,11.89,鲁迅 (Reading/Author/%E9%B2%81%E8%BF%85%2019809c6ab49642a3a6a9786dd0e2b846.md),中国纺织出版社 (Reading/Publisher/%E4%B8%AD%E5%9B%BD%E7%BA%BA%E7%BB%87%E5%87%BA%E7%89%88%E7%A4%BE%2023777dd3d783800ba0acc10bee8ad275.md),拼多多 (Reading/Platform/%E6%8B%BC%E5%A4%9A%E5%A4%9A%20db19793d87f549c3ba08ccdb17b42c9e.md),9787518085583,"短篇 (Reading/Category/%E7%9F%AD%E7%AF%87%207cecd2c07ba6415e84f853878c8539bf.md), 散文 (Reading/Category/%E6%95%A3%E6%96%87%20d94c81dc272b4510b64387a9402d125c.md)",1,,,"July 21, 2025 9:40 PM","July 21, 2025 9:45 PM"
红楼望月,4.56,刘心武 (Reading/Author/%E5%88%98%E5%BF%83%E6%AD%A6%2022d77dd3d78380649348dac01f34e308.md),书海出版社 (Reading/Publisher/%E4%B9%A6%E6%B5%B7%E5%87%BA%E7%89%88%E7%A4%BE%2021d77dd3d783802994fffed7721d7fa0.md),孔夫子 (Reading/Platform/%E5%AD%94%E5%A4%AB%E5%AD%90%20e9c2ade3c3594415ab366417a820055f.md),9787805506760,国学 (Reading/Category/%E5%9B%BD%E5%AD%A6%201a4e5ee48605434199b479f4204a0599.md),1,,,"July 10, 2025 7:57 PM","July 11, 2025 9:03 AM"
安娜·卡列尼娜,1.83,托尔斯泰 (Reading/Author/%E6%89%98%E5%B0%94%E6%96%AF%E6%B3%B0%208fcf6a9b30274838bcaecb66923b71db.md),"上海文艺出版社 (Reading/Publisher/%E4%B8%8A%E6%B5%B7%E6%96%87%E8%89%BA%E5%87%BA%E7%89%88%E7%A4%BE%20bd4fac4bc10942118ef6a8c56b2a301f.md), 凤凰壹力 (Reading/Publisher/%E5%87%A4%E5%87%B0%E5%A3%B9%E5%8A%9B%2022a77dd3d7838096b0bed75f1af21e24.md)",京东 (Reading/Platform/%E4%BA%AC%E4%B8%9C%20991081d220754871a65ea5285ec56e3b.md),9787532132256,长篇 (Reading/Category/%E9%95%BF%E7%AF%87%206b4e322679ec4c5e98aaa5526375f168.md),1,100,10,"April 27, 2024 11:32 AM","July 8, 2025 2:18 PM"
战争与和平,3.36,托尔斯泰 (Reading/Author/%E6%89%98%E5%B0%94%E6%96%AF%E6%B3%B0%208fcf6a9b30274838bcaecb66923b71db.md),"上海文艺出版社 (Reading/Publisher/%E4%B8%8A%E6%B5%B7%E6%96%87%E8%89%BA%E5%87%BA%E7%89%88%E7%A4%BE%20bd4fac4bc10942118ef6a8c56b2a301f.md), 凤凰壹力 (Reading/Publisher/%E5%87%A4%E5%87%B0%E5%A3%B9%E5%8A%9B%2022a77dd3d7838096b0bed75f1af21e24.md)",京东 (Reading/Platform/%E4%BA%AC%E4%B8%9C%20991081d220754871a65ea5285ec56e3b.md),9787532132263,长篇 (Reading/Category/%E9%95%BF%E7%AF%87%206b4e322679ec4c5e98aaa5526375f168.md),1,,,"April 27, 2024 11:29 AM","July 8, 2025 2:18 PM"
脂砚斋评石头记·刷边版,31.28,"曹雪芹 (Reading/Author/%E6%9B%B9%E9%9B%AA%E8%8A%B9%20cd24cc8fc6ef4739b0249386e9a4b2a7.md), 脂砚斋 (Reading/Author/%E8%84%82%E7%A0%9A%E6%96%8B%2022a77dd3d7838052bf90c10bdaca8b14.md)","上海三联书店 (Reading/Publisher/%E4%B8%8A%E6%B5%B7%E4%B8%89%E8%81%94%E4%B9%A6%E5%BA%97%2010577dd3d78380c08b54e1b7ea895a0b.md), 凤凰壹力 (Reading/Publisher/%E5%87%A4%E5%87%B0%E5%A3%B9%E5%8A%9B%2022a77dd3d7838096b0bed75f1af21e24.md)",拼多多 (Reading/Platform/%E6%8B%BC%E5%A4%9A%E5%A4%9A%20db19793d87f549c3ba08ccdb17b42c9e.md),9787542633767,"长篇 (Reading/Category/%E9%95%BF%E7%AF%87%206b4e322679ec4c5e98aaa5526375f168.md), 国学 (Reading/Category/%E5%9B%BD%E5%AD%A6%201a4e5ee48605434199b479f4204a0599.md)",1,,,"July 8, 2025 7:33 AM","July 8, 2025 2:12 PM"
三刻拍案惊奇·型世言,3.29,"陆人龙 (Reading/Author/%E9%99%86%E4%BA%BA%E9%BE%99%201ff77dd3d7838078b3f4e44de312a743.md), 陆云龙 (Reading/Author/%E9%99%86%E4%BA%91%E9%BE%99%201ff77dd3d7838036a244cad0bfa04a0e.md)",华夏出版社 (Reading/Publisher/%E5%8D%8E%E5%A4%8F%E5%87%BA%E7%89%88%E7%A4%BE%202bb2b6637048483fbbc3bd7e61ed3443.md),淘宝 (Reading/Platform/%E6%B7%98%E5%AE%9D%20c7f52ce2740b41f98aef55e4ce0688de.md),9787508077246,"短篇 (Reading/Category/%E7%9F%AD%E7%AF%87%207cecd2c07ba6415e84f853878c8539bf.md), 国学 (Reading/Category/%E5%9B%BD%E5%AD%A6%201a4e5ee48605434199b479f4204a0599.md)",1,,,"May 26, 2025 8:39 PM","July 8, 2025 2:08 PM"
红楼十二层,8.5,周汝昌 (Reading/Author/%E5%91%A8%E6%B1%9D%E6%98%8C%20cbe42a0e882042aa8b4a736f381307cc.md),书海出版社 (Reading/Publisher/%E4%B9%A6%E6%B5%B7%E5%87%BA%E7%89%88%E7%A4%BE%2021d77dd3d783802994fffed7721d7fa0.md),孔夫子 (Reading/Platform/%E5%AD%94%E5%A4%AB%E5%AD%90%20e9c2ade3c3594415ab366417a820055f.md),9787805506050,国学 (Reading/Category/%E5%9B%BD%E5%AD%A6%201a4e5ee48605434199b479f4204a0599.md),1,100,10,"June 25, 2025 7:03 PM","July 8, 2025 1:53 PM"
红楼夺目红,5.5,周汝昌 (Reading/Author/%E5%91%A8%E6%B1%9D%E6%98%8C%20cbe42a0e882042aa8b4a736f381307cc.md),作家出版社 (Reading/Publisher/%E4%BD%9C%E5%AE%B6%E5%87%BA%E7%89%88%E7%A4%BE%20f7a0e637f1214e3f924512bbe55247b8.md),孔夫子 (Reading/Platform/%E5%AD%94%E5%A4%AB%E5%AD%90%20e9c2ade3c3594415ab366417a820055f.md),9787506327084,国学 (Reading/Category/%E5%9B%BD%E5%AD%A6%201a4e5ee48605434199b479f4204a0599.md),1,,,"June 30, 2025 6:06 PM","June 30, 2025 6:09 PM"
从文自传（售出）,3.9,"沈从文 (Reading/Author/%E6%B2%88%E4%BB%8E%E6%96%87%20a9cde6afa8f2419bb0083fea9957b38a.md), 卓雅 (Reading/Author/%E5%8D%93%E9%9B%85%201b077dd3d783808fb371c9bbbab3c883.md)",岳麓书社 (Reading/Publisher/%E5%B2%B3%E9%BA%93%E4%B9%A6%E7%A4%BE%200a195e97f55340e9b8b899a1618886ac.md),孔夫子 (Reading/Platform/%E5%AD%94%E5%A4%AB%E5%AD%90%20e9c2ade3c3594415ab366417a820055f.md),9787807611936,散文 (Reading/Category/%E6%95%A3%E6%96%87%20d94c81dc272b4510b64387a9402d125c.md),0,-1,10,"March 8, 2025 4:05 PM","June 24, 2025 8:56 PM"
水浒传,10,"施耐庵 (Reading/Author/%E6%96%BD%E8%80%90%E5%BA%B5%2081dcbea63b594cb58e6c35192661e5f5.md), 罗贯中 (Reading/Author/%E7%BD%97%E8%B4%AF%E4%B8%AD%20418423543d1d4f9aaa2ff25767f30a2b.md)",人民文学出版社 (Reading/Publisher/%E4%BA%BA%E6%B0%91%E6%96%87%E5%AD%A6%E5%87%BA%E7%89%88%E7%A4%BE%208f33d507688c4765a90194e25a9bf0b7.md),京东 (Reading/Platform/%E4%BA%AC%E4%B8%9C%20991081d220754871a65ea5285ec56e3b.md),9787020008742,"长篇 (Reading/Category/%E9%95%BF%E7%AF%87%206b4e322679ec4c5e98aaa5526375f168.md), 经典 (Reading/Category/%E7%BB%8F%E5%85%B8%20e210ce3838764a44bf39c141b13e0070.md)",1,100,10,"April 27, 2024 11:47 AM","June 16, 2025 11:03 PM"
西游记,10,吴承恩 (Reading/Author/%E5%90%B4%E6%89%BF%E6%81%A9%208165217335394ea0b88edae8b302003d.md),人民文学出版社 (Reading/Publisher/%E4%BA%BA%E6%B0%91%E6%96%87%E5%AD%A6%E5%87%BA%E7%89%88%E7%A4%BE%208f33d507688c4765a90194e25a9bf0b7.md),京东 (Reading/Platform/%E4%BA%AC%E4%B8%9C%20991081d220754871a65ea5285ec56e3b.md),9787020008735,"长篇 (Reading/Category/%E9%95%BF%E7%AF%87%206b4e322679ec4c5e98aaa5526375f168.md), 经典 (Reading/Category/%E7%BB%8F%E5%85%B8%20e210ce3838764a44bf39c141b13e0070.md)",1,,,"April 27, 2024 11:48 AM","June 16, 2025 11:02 PM"
三国演义,10,罗贯中 (Reading/Author/%E7%BD%97%E8%B4%AF%E4%B8%AD%20418423543d1d4f9aaa2ff25767f30a2b.md),人民文学出版社 (Reading/Publisher/%E4%BA%BA%E6%B0%91%E6%96%87%E5%AD%A6%E5%87%BA%E7%89%88%E7%A4%BE%208f33d507688c4765a90194e25a9bf0b7.md),京东 (Reading/Platform/%E4%BA%AC%E4%B8%9C%20991081d220754871a65ea5285ec56e3b.md),9787020008728,"长篇 (Reading/Category/%E9%95%BF%E7%AF%87%206b4e322679ec4c5e98aaa5526375f168.md), 经典 (Reading/Category/%E7%BB%8F%E5%85%B8%20e210ce3838764a44bf39c141b13e0070.md)",1,,,"April 27, 2024 11:50 AM","June 16, 2025 11:02 PM"
封神演义,3,许仲琳 (Reading/Author/%E8%AE%B8%E4%BB%B2%E7%90%B3%20786e866724bb481fbce1b3699019baeb.md),华夏出版社 (Reading/Publisher/%E5%8D%8E%E5%A4%8F%E5%87%BA%E7%89%88%E7%A4%BE%202bb2b6637048483fbbc3bd7e61ed3443.md),淘宝 (Reading/Platform/%E6%B7%98%E5%AE%9D%20c7f52ce2740b41f98aef55e4ce0688de.md),9787508074986,"长篇 (Reading/Category/%E9%95%BF%E7%AF%87%206b4e322679ec4c5e98aaa5526375f168.md), 国学 (Reading/Category/%E5%9B%BD%E5%AD%A6%201a4e5ee48605434199b479f4204a0599.md)",1,,,"June 1, 2025 12:41 PM","June 1, 2025 12:53 PM"
海上花列传,1.03,韩邦庆 (Reading/Author/%E9%9F%A9%E9%82%A6%E5%BA%86%201fb77dd3d7838040b490efb650dc7ef5.md),华夏出版社 (Reading/Publisher/%E5%8D%8E%E5%A4%8F%E5%87%BA%E7%89%88%E7%A4%BE%202bb2b6637048483fbbc3bd7e61ed3443.md),淘宝 (Reading/Platform/%E6%B7%98%E5%AE%9D%20c7f52ce2740b41f98aef55e4ce0688de.md),9787508086217,"长篇 (Reading/Category/%E9%95%BF%E7%AF%87%206b4e322679ec4c5e98aaa5526375f168.md), 国学 (Reading/Category/%E5%9B%BD%E5%AD%A6%201a4e5ee48605434199b479f4204a0599.md)",1,,,"May 22, 2025 1:49 PM","May 22, 2025 1:57 PM"
十二楼 连城璧,6.49,李渔 (Reading/Author/%E6%9D%8E%E6%B8%94%201f477dd3d7838032abd6e88e74b98d3b.md),华夏出版社 (Reading/Publisher/%E5%8D%8E%E5%A4%8F%E5%87%BA%E7%89%88%E7%A4%BE%202bb2b6637048483fbbc3bd7e61ed3443.md),拼多多 (Reading/Platform/%E6%8B%BC%E5%A4%9A%E5%A4%9A%20db19793d87f549c3ba08ccdb17b42c9e.md),9787508084572,"短篇 (Reading/Category/%E7%9F%AD%E7%AF%87%207cecd2c07ba6415e84f853878c8539bf.md), 国学 (Reading/Category/%E5%9B%BD%E5%AD%A6%201a4e5ee48605434199b479f4204a0599.md)",1,,,"May 15, 2025 7:37 PM","May 15, 2025 8:38 PM"
二刻拍案惊奇,12.91,凌濛初 (Reading/Author/%E5%87%8C%E6%BF%9B%E5%88%9D%207b2b9f0c64a24ca5ab1122cd152734c8.md),中华书局 (Reading/Publisher/%E4%B8%AD%E5%8D%8E%E4%B9%A6%E5%B1%80%20bcb15c0dc1c74b3fb97715d80213363f.md),京东 (Reading/Platform/%E4%BA%AC%E4%B8%9C%20991081d220754871a65ea5285ec56e3b.md),9787101104516,"短篇 (Reading/Category/%E7%9F%AD%E7%AF%87%207cecd2c07ba6415e84f853878c8539bf.md), 国学 (Reading/Category/%E5%9B%BD%E5%AD%A6%201a4e5ee48605434199b479f4204a0599.md)",1,100,10,"April 23, 2025 9:27 PM","May 8, 2025 9:23 PM"
京都古书店风景,,苏枕书 (Reading/Author/%E8%8B%8F%E6%9E%95%E4%B9%A6%201e677dd3d7838007bbe1edfa69785de0.md),中华书局 (Reading/Publisher/%E4%B8%AD%E5%8D%8E%E4%B9%A6%E5%B1%80%20bcb15c0dc1c74b3fb97715d80213363f.md),赠送 (Reading/Platform/%E8%B5%A0%E9%80%81%20455e7d509df3444ebf2c9c50269c654b.md),9787101111507,散文 (Reading/Category/%E6%95%A3%E6%96%87%20d94c81dc272b4510b64387a9402d125c.md),1,100,7,"May 1, 2025 10:13 PM","May 1, 2025 10:18 PM"
唐诗杂论,1.59,闻一多 (Reading/Author/%E9%97%BB%E4%B8%80%E5%A4%9A%201e577dd3d78380a680c8ff29c27aac8d.md),安徽师范大学出版社 (Reading/Publisher/%E5%AE%89%E5%BE%BD%E5%B8%88%E8%8C%83%E5%A4%A7%E5%AD%A6%E5%87%BA%E7%89%88%E7%A4%BE%201e577dd3d78380a6bf08ea3c5286deb6.md),拼多多 (Reading/Platform/%E6%8B%BC%E5%A4%9A%E5%A4%9A%20db19793d87f549c3ba08ccdb17b42c9e.md),9787567617384,国学 (Reading/Category/%E5%9B%BD%E5%AD%A6%201a4e5ee48605434199b479f4204a0599.md),1,100,7,"April 30, 2025 3:29 PM","May 1, 2025 10:11 PM"
地下室手记,19.99,陀思妥耶夫斯基 (Reading/Author/%E9%99%80%E6%80%9D%E5%A6%A5%E8%80%B6%E5%A4%AB%E6%96%AF%E5%9F%BA%20cccbf1ca36f64ef0bbe6eda7c91537b8.md),译林出版社 (Reading/Publisher/%E8%AF%91%E6%9E%97%E5%87%BA%E7%89%88%E7%A4%BE%209928c83dbb0947949034efce236fe3b8.md),京东 (Reading/Platform/%E4%BA%AC%E4%B8%9C%20991081d220754871a65ea5285ec56e3b.md),9787544788090,短篇 (Reading/Category/%E7%9F%AD%E7%AF%87%207cecd2c07ba6415e84f853878c8539bf.md),1,,,"April 23, 2025 9:22 PM","April 26, 2025 2:53 PM"
居里夫人自传（送出）,0.01,玛丽·居里 (Reading/Author/%E7%8E%9B%E4%B8%BD%C2%B7%E5%B1%85%E9%87%8C%20e49c58dbdd324647b58e576618f90edf.md),中国文联出版社 (Reading/Publisher/%E4%B8%AD%E5%9B%BD%E6%96%87%E8%81%94%E5%87%BA%E7%89%88%E7%A4%BE%20733311d93c8a47daa5115bac2c978824.md),番茄 (Reading/Platform/%E7%95%AA%E8%8C%84%20bb113666fc9f49d1ad34f06fead7f835.md),9787505988309,传记 (Reading/Category/%E4%BC%A0%E8%AE%B0%20d20abb37fd72446d93c2f8215c227319.md),0,-1,,"January 18, 2024 3:02 PM","April 25, 2025 9:01 PM"
汤姆索亚历险记（送出）,0.01,马克·吐温 (Reading/Author/%E9%A9%AC%E5%85%8B%C2%B7%E5%90%90%E6%B8%A9%207a2b878727b14caa87821adafa584a37.md),中国文联出版社 (Reading/Publisher/%E4%B8%AD%E5%9B%BD%E6%96%87%E8%81%94%E5%87%BA%E7%89%88%E7%A4%BE%20733311d93c8a47daa5115bac2c978824.md),番茄 (Reading/Platform/%E7%95%AA%E8%8C%84%20bb113666fc9f49d1ad34f06fead7f835.md),9787505988484,长篇 (Reading/Category/%E9%95%BF%E7%AF%87%206b4e322679ec4c5e98aaa5526375f168.md),0,-1,,"January 18, 2024 2:56 PM","April 25, 2025 9:00 PM"
格列佛游记（送出）,0.01,乔纳森·斯威夫特 (Reading/Author/%E4%B9%94%E7%BA%B3%E6%A3%AE%C2%B7%E6%96%AF%E5%A8%81%E5%A4%AB%E7%89%B9%2013a1565540c644fba3d345e708a9631f.md),中国文联出版社 (Reading/Publisher/%E4%B8%AD%E5%9B%BD%E6%96%87%E8%81%94%E5%87%BA%E7%89%88%E7%A4%BE%20733311d93c8a47daa5115bac2c978824.md),番茄 (Reading/Platform/%E7%95%AA%E8%8C%84%20bb113666fc9f49d1ad34f06fead7f835.md),9787505988392,长篇 (Reading/Category/%E9%95%BF%E7%AF%87%206b4e322679ec4c5e98aaa5526375f168.md),0,-1,,"January 20, 2024 5:30 PM","April 25, 2025 9:00 PM"
热爱生命（送出）,0.01,杰克·伦敦 (Reading/Author/%E6%9D%B0%E5%85%8B%C2%B7%E4%BC%A6%E6%95%A6%200e9caf89eed44c58a0b8b23f570e0364.md),中国文联出版社 (Reading/Publisher/%E4%B8%AD%E5%9B%BD%E6%96%87%E8%81%94%E5%87%BA%E7%89%88%E7%A4%BE%20733311d93c8a47daa5115bac2c978824.md),番茄 (Reading/Platform/%E7%95%AA%E8%8C%84%20bb113666fc9f49d1ad34f06fead7f835.md),9787519009250,短篇 (Reading/Category/%E7%9F%AD%E7%AF%87%207cecd2c07ba6415e84f853878c8539bf.md),0,-1,,"January 19, 2024 3:17 PM","April 25, 2025 8:59 PM"
呼啸山庄（送出）,0.01,艾米莉·勃朗特 (Reading/Author/%E8%89%BE%E7%B1%B3%E8%8E%89%C2%B7%E5%8B%83%E6%9C%97%E7%89%B9%20ed46675a1e1c49bcbb4789e093568a6d.md),中国文联出版社 (Reading/Publisher/%E4%B8%AD%E5%9B%BD%E6%96%87%E8%81%94%E5%87%BA%E7%89%88%E7%A4%BE%20733311d93c8a47daa5115bac2c978824.md),番茄 (Reading/Platform/%E7%95%AA%E8%8C%84%20bb113666fc9f49d1ad34f06fead7f835.md),9787519004705,长篇 (Reading/Category/%E9%95%BF%E7%AF%87%206b4e322679ec4c5e98aaa5526375f168.md),0,-1,,"January 18, 2024 3:03 PM","April 25, 2025 8:58 PM"
母亲（送出）,0.73,高尔基 (Reading/Author/%E9%AB%98%E5%B0%94%E5%9F%BA%20c9f53fe2defa45c89e6d62db1d43ac22.md),中国文联出版社 (Reading/Publisher/%E4%B8%AD%E5%9B%BD%E6%96%87%E8%81%94%E5%87%BA%E7%89%88%E7%A4%BE%20733311d93c8a47daa5115bac2c978824.md),番茄 (Reading/Platform/%E7%95%AA%E8%8C%84%20bb113666fc9f49d1ad34f06fead7f835.md),9787505988194,长篇 (Reading/Category/%E9%95%BF%E7%AF%87%206b4e322679ec4c5e98aaa5526375f168.md),0,-1,6,"February 1, 2024 2:09 PM","April 25, 2025 8:58 PM"
被侮辱与被损害的人,20.42,陀思妥耶夫斯基 (Reading/Author/%E9%99%80%E6%80%9D%E5%A6%A5%E8%80%B6%E5%A4%AB%E6%96%AF%E5%9F%BA%20cccbf1ca36f64ef0bbe6eda7c91537b8.md),译林出版社 (Reading/Publisher/%E8%AF%91%E6%9E%97%E5%87%BA%E7%89%88%E7%A4%BE%209928c83dbb0947949034efce236fe3b8.md),京东 (Reading/Platform/%E4%BA%AC%E4%B8%9C%20991081d220754871a65ea5285ec56e3b.md),9787544786188,长篇 (Reading/Category/%E9%95%BF%E7%AF%87%206b4e322679ec4c5e98aaa5526375f168.md),1,,,"April 23, 2025 9:23 PM","April 25, 2025 8:25 PM"
群魔,26.72,陀思妥耶夫斯基 (Reading/Author/%E9%99%80%E6%80%9D%E5%A6%A5%E8%80%B6%E5%A4%AB%E6%96%AF%E5%9F%BA%20cccbf1ca36f64ef0bbe6eda7c91537b8.md),译林出版社 (Reading/Publisher/%E8%AF%91%E6%9E%97%E5%87%BA%E7%89%88%E7%A4%BE%209928c83dbb0947949034efce236fe3b8.md),京东 (Reading/Platform/%E4%BA%AC%E4%B8%9C%20991081d220754871a65ea5285ec56e3b.md),9787575303385,长篇 (Reading/Category/%E9%95%BF%E7%AF%87%206b4e322679ec4c5e98aaa5526375f168.md),1,,,"April 23, 2025 9:24 PM","April 25, 2025 8:24 PM"
初刻拍案惊奇,11.7,凌濛初 (Reading/Author/%E5%87%8C%E6%BF%9B%E5%88%9D%207b2b9f0c64a24ca5ab1122cd152734c8.md),中华书局 (Reading/Publisher/%E4%B8%AD%E5%8D%8E%E4%B9%A6%E5%B1%80%20bcb15c0dc1c74b3fb97715d80213363f.md),京东 (Reading/Platform/%E4%BA%AC%E4%B8%9C%20991081d220754871a65ea5285ec56e3b.md),9787101104493,"短篇 (Reading/Category/%E7%9F%AD%E7%AF%87%207cecd2c07ba6415e84f853878c8539bf.md), 国学 (Reading/Category/%E5%9B%BD%E5%AD%A6%201a4e5ee48605434199b479f4204a0599.md)",1,,,"April 23, 2025 9:25 PM","April 25, 2025 8:23 PM"
醒世恒言,15.9,冯梦龙 (Reading/Author/%E5%86%AF%E6%A2%A6%E9%BE%99%20f570a28de715412f9148af1a39de3142.md),中华书局 (Reading/Publisher/%E4%B8%AD%E5%8D%8E%E4%B9%A6%E5%B1%80%20bcb15c0dc1c74b3fb97715d80213363f.md),京东 (Reading/Platform/%E4%BA%AC%E4%B8%9C%20991081d220754871a65ea5285ec56e3b.md),9787101104547,"短篇 (Reading/Category/%E7%9F%AD%E7%AF%87%207cecd2c07ba6415e84f853878c8539bf.md), 国学 (Reading/Category/%E5%9B%BD%E5%AD%A6%201a4e5ee48605434199b479f4204a0599.md)",1,,,"April 23, 2025 9:30 PM","April 25, 2025 8:21 PM"
喻世明言,10.85,冯梦龙 (Reading/Author/%E5%86%AF%E6%A2%A6%E9%BE%99%20f570a28de715412f9148af1a39de3142.md),中华书局 (Reading/Publisher/%E4%B8%AD%E5%8D%8E%E4%B9%A6%E5%B1%80%20bcb15c0dc1c74b3fb97715d80213363f.md),京东 (Reading/Platform/%E4%BA%AC%E4%B8%9C%20991081d220754871a65ea5285ec56e3b.md),9787101104554,"短篇 (Reading/Category/%E7%9F%AD%E7%AF%87%207cecd2c07ba6415e84f853878c8539bf.md), 国学 (Reading/Category/%E5%9B%BD%E5%AD%A6%201a4e5ee48605434199b479f4204a0599.md)",1,,,"April 23, 2025 9:28 PM","April 24, 2025 9:25 PM"
警世通言,8.5,冯梦龙 (Reading/Author/%E5%86%AF%E6%A2%A6%E9%BE%99%20f570a28de715412f9148af1a39de3142.md),中华书局 (Reading/Publisher/%E4%B8%AD%E5%8D%8E%E4%B9%A6%E5%B1%80%20bcb15c0dc1c74b3fb97715d80213363f.md),京东 (Reading/Platform/%E4%BA%AC%E4%B8%9C%20991081d220754871a65ea5285ec56e3b.md),9787101104530,"短篇 (Reading/Category/%E7%9F%AD%E7%AF%87%207cecd2c07ba6415e84f853878c8539bf.md), 国学 (Reading/Category/%E5%9B%BD%E5%AD%A6%201a4e5ee48605434199b479f4204a0599.md)",1,,,"April 23, 2025 9:29 PM","April 24, 2025 9:23 PM"
雪山飞狐（盗版）,5.4,金庸 (Reading/Author/%E9%87%91%E5%BA%B8%20bf89c58dc10849209fda2413dcbf544c.md),广州出版社 (Reading/Publisher/%E5%B9%BF%E5%B7%9E%E5%87%BA%E7%89%88%E7%A4%BE%201de77dd3d78380ba8946eb1f5f59db5c.md),孔夫子 (Reading/Platform/%E5%AD%94%E5%A4%AB%E5%AD%90%20e9c2ade3c3594415ab366417a820055f.md),9787546206196,短篇 (Reading/Category/%E7%9F%AD%E7%AF%87%207cecd2c07ba6415e84f853878c8539bf.md),0.9,100,9,"April 23, 2025 9:15 PM","April 23, 2025 9:19 PM"
连城诀（盗版）,5.4,金庸 (Reading/Author/%E9%87%91%E5%BA%B8%20bf89c58dc10849209fda2413dcbf544c.md),广州出版社 (Reading/Publisher/%E5%B9%BF%E5%B7%9E%E5%87%BA%E7%89%88%E7%A4%BE%201de77dd3d78380ba8946eb1f5f59db5c.md),孔夫子 (Reading/Platform/%E5%AD%94%E5%A4%AB%E5%AD%90%20e9c2ade3c3594415ab366417a820055f.md),9787546206141,长篇 (Reading/Category/%E9%95%BF%E7%AF%87%206b4e322679ec4c5e98aaa5526375f168.md),0.9,100,10,"April 23, 2025 9:08 PM","April 23, 2025 9:15 PM"
春灯集,2,沈从文 (Reading/Author/%E6%B2%88%E4%BB%8E%E6%96%87%20a9cde6afa8f2419bb0083fea9957b38a.md),天地出版社 (Reading/Publisher/%E5%A4%A9%E5%9C%B0%E5%87%BA%E7%89%88%E7%A4%BE%20b54972603412494d866717d2143ef41f.md),拼多多 (Reading/Platform/%E6%8B%BC%E5%A4%9A%E5%A4%9A%20db19793d87f549c3ba08ccdb17b42c9e.md),9787545560138,散文 (Reading/Category/%E6%95%A3%E6%96%87%20d94c81dc272b4510b64387a9402d125c.md),1,,,"April 23, 2025 9:05 PM","April 23, 2025 9:07 PM"
阿金,2,沈从文 (Reading/Author/%E6%B2%88%E4%BB%8E%E6%96%87%20a9cde6afa8f2419bb0083fea9957b38a.md),天地出版社 (Reading/Publisher/%E5%A4%A9%E5%9C%B0%E5%87%BA%E7%89%88%E7%A4%BE%20b54972603412494d866717d2143ef41f.md),拼多多 (Reading/Platform/%E6%8B%BC%E5%A4%9A%E5%A4%9A%20db19793d87f549c3ba08ccdb17b42c9e.md),9787545559293,散文 (Reading/Category/%E6%95%A3%E6%96%87%20d94c81dc272b4510b64387a9402d125c.md),1,,,"April 23, 2025 9:03 PM","April 23, 2025 9:05 PM"
黑凤集,2,沈从文 (Reading/Author/%E6%B2%88%E4%BB%8E%E6%96%87%20a9cde6afa8f2419bb0083fea9957b38a.md),天地出版社 (Reading/Publisher/%E5%A4%A9%E5%9C%B0%E5%87%BA%E7%89%88%E7%A4%BE%20b54972603412494d866717d2143ef41f.md),拼多多 (Reading/Platform/%E6%8B%BC%E5%A4%9A%E5%A4%9A%20db19793d87f549c3ba08ccdb17b42c9e.md),9787545560091,散文 (Reading/Category/%E6%95%A3%E6%96%87%20d94c81dc272b4510b64387a9402d125c.md),1,,,"April 23, 2025 9:01 PM","April 23, 2025 9:03 PM"
神巫之爱,2,沈从文 (Reading/Author/%E6%B2%88%E4%BB%8E%E6%96%87%20a9cde6afa8f2419bb0083fea9957b38a.md),天地出版社 (Reading/Publisher/%E5%A4%A9%E5%9C%B0%E5%87%BA%E7%89%88%E7%A4%BE%20b54972603412494d866717d2143ef41f.md),拼多多 (Reading/Platform/%E6%8B%BC%E5%A4%9A%E5%A4%9A%20db19793d87f549c3ba08ccdb17b42c9e.md),9787545560121,散文 (Reading/Category/%E6%95%A3%E6%96%87%20d94c81dc272b4510b64387a9402d125c.md),1,,,"April 23, 2025 8:59 PM","April 23, 2025 9:01 PM"
黑夜,2,沈从文 (Reading/Author/%E6%B2%88%E4%BB%8E%E6%96%87%20a9cde6afa8f2419bb0083fea9957b38a.md),天地出版社 (Reading/Publisher/%E5%A4%A9%E5%9C%B0%E5%87%BA%E7%89%88%E7%A4%BE%20b54972603412494d866717d2143ef41f.md),拼多多 (Reading/Platform/%E6%8B%BC%E5%A4%9A%E5%A4%9A%20db19793d87f549c3ba08ccdb17b42c9e.md),9787545560862,散文 (Reading/Category/%E6%95%A3%E6%96%87%20d94c81dc272b4510b64387a9402d125c.md),1,,,"April 23, 2025 8:57 PM","April 23, 2025 8:59 PM"
春,2,沈从文 (Reading/Author/%E6%B2%88%E4%BB%8E%E6%96%87%20a9cde6afa8f2419bb0083fea9957b38a.md),天地出版社 (Reading/Publisher/%E5%A4%A9%E5%9C%B0%E5%87%BA%E7%89%88%E7%A4%BE%20b54972603412494d866717d2143ef41f.md),拼多多 (Reading/Platform/%E6%8B%BC%E5%A4%9A%E5%A4%9A%20db19793d87f549c3ba08ccdb17b42c9e.md),9787545560107,散文 (Reading/Category/%E6%95%A3%E6%96%87%20d94c81dc272b4510b64387a9402d125c.md),1,,,"April 23, 2025 8:56 PM","April 23, 2025 8:57 PM"
废邮存底,2,沈从文 (Reading/Author/%E6%B2%88%E4%BB%8E%E6%96%87%20a9cde6afa8f2419bb0083fea9957b38a.md),天地出版社 (Reading/Publisher/%E5%A4%A9%E5%9C%B0%E5%87%BA%E7%89%88%E7%A4%BE%20b54972603412494d866717d2143ef41f.md),拼多多 (Reading/Platform/%E6%8B%BC%E5%A4%9A%E5%A4%9A%20db19793d87f549c3ba08ccdb17b42c9e.md),9787545561760,散文 (Reading/Category/%E6%95%A3%E6%96%87%20d94c81dc272b4510b64387a9402d125c.md),1,,,"April 23, 2025 8:53 PM","April 23, 2025 8:55 PM"
月下小景,2,沈从文 (Reading/Author/%E6%B2%88%E4%BB%8E%E6%96%87%20a9cde6afa8f2419bb0083fea9957b38a.md),天地出版社 (Reading/Publisher/%E5%A4%A9%E5%9C%B0%E5%87%BA%E7%89%88%E7%A4%BE%20b54972603412494d866717d2143ef41f.md),拼多多 (Reading/Platform/%E6%8B%BC%E5%A4%9A%E5%A4%9A%20db19793d87f549c3ba08ccdb17b42c9e.md),9787545560114,散文 (Reading/Category/%E6%95%A3%E6%96%87%20d94c81dc272b4510b64387a9402d125c.md),1,,,"April 23, 2025 8:51 PM","April 23, 2025 8:53 PM"
边城,2,沈从文 (Reading/Author/%E6%B2%88%E4%BB%8E%E6%96%87%20a9cde6afa8f2419bb0083fea9957b38a.md),天地出版社 (Reading/Publisher/%E5%A4%A9%E5%9C%B0%E5%87%BA%E7%89%88%E7%A4%BE%20b54972603412494d866717d2143ef41f.md),拼多多 (Reading/Platform/%E6%8B%BC%E5%A4%9A%E5%A4%9A%20db19793d87f549c3ba08ccdb17b42c9e.md),9787545559309,长篇 (Reading/Category/%E9%95%BF%E7%AF%87%206b4e322679ec4c5e98aaa5526375f168.md),1,,,"April 23, 2025 8:49 PM","April 23, 2025 8:51 PM"
长河,2,沈从文 (Reading/Author/%E6%B2%88%E4%BB%8E%E6%96%87%20a9cde6afa8f2419bb0083fea9957b38a.md),天地出版社 (Reading/Publisher/%E5%A4%A9%E5%9C%B0%E5%87%BA%E7%89%88%E7%A4%BE%20b54972603412494d866717d2143ef41f.md),拼多多 (Reading/Platform/%E6%8B%BC%E5%A4%9A%E5%A4%9A%20db19793d87f549c3ba08ccdb17b42c9e.md),9787545561425,长篇 (Reading/Category/%E9%95%BF%E7%AF%87%206b4e322679ec4c5e98aaa5526375f168.md),1,,,"April 23, 2025 8:46 PM","April 23, 2025 8:48 PM"
从文自传,2,沈从文 (Reading/Author/%E6%B2%88%E4%BB%8E%E6%96%87%20a9cde6afa8f2419bb0083fea9957b38a.md),天地出版社 (Reading/Publisher/%E5%A4%A9%E5%9C%B0%E5%87%BA%E7%89%88%E7%A4%BE%20b54972603412494d866717d2143ef41f.md),拼多多 (Reading/Platform/%E6%8B%BC%E5%A4%9A%E5%A4%9A%20db19793d87f549c3ba08ccdb17b42c9e.md),9787545561630,散文 (Reading/Category/%E6%95%A3%E6%96%87%20d94c81dc272b4510b64387a9402d125c.md),1,,,"April 23, 2025 8:43 PM","April 23, 2025 8:45 PM"
湘行散记,2,沈从文 (Reading/Author/%E6%B2%88%E4%BB%8E%E6%96%87%20a9cde6afa8f2419bb0083fea9957b38a.md),天地出版社 (Reading/Publisher/%E5%A4%A9%E5%9C%B0%E5%87%BA%E7%89%88%E7%A4%BE%20b54972603412494d866717d2143ef41f.md),拼多多 (Reading/Platform/%E6%8B%BC%E5%A4%9A%E5%A4%9A%20db19793d87f549c3ba08ccdb17b42c9e.md),9787545559439,散文 (Reading/Category/%E6%95%A3%E6%96%87%20d94c81dc272b4510b64387a9402d125c.md),1,,,"April 23, 2025 8:39 PM","April 23, 2025 8:43 PM"
湘西,2.59,沈从文 (Reading/Author/%E6%B2%88%E4%BB%8E%E6%96%87%20a9cde6afa8f2419bb0083fea9957b38a.md),天地出版社 (Reading/Publisher/%E5%A4%A9%E5%9C%B0%E5%87%BA%E7%89%88%E7%A4%BE%20b54972603412494d866717d2143ef41f.md),拼多多 (Reading/Platform/%E6%8B%BC%E5%A4%9A%E5%A4%9A%20db19793d87f549c3ba08ccdb17b42c9e.md),9787545560558,散文 (Reading/Category/%E6%95%A3%E6%96%87%20d94c81dc272b4510b64387a9402d125c.md),1,,,"April 23, 2025 8:31 PM","April 23, 2025 8:39 PM"
天一言,20,程抱一 (Reading/Author/%E7%A8%8B%E6%8A%B1%E4%B8%80%207a79ed8746ed4abea48c885a71a4c035.md),人民文学出版社 (Reading/Publisher/%E4%BA%BA%E6%B0%91%E6%96%87%E5%AD%A6%E5%87%BA%E7%89%88%E7%A4%BE%208f33d507688c4765a90194e25a9bf0b7.md),淘宝 (Reading/Platform/%E6%B7%98%E5%AE%9D%20c7f52ce2740b41f98aef55e4ce0688de.md),9787020070015,长篇 (Reading/Category/%E9%95%BF%E7%AF%87%206b4e322679ec4c5e98aaa5526375f168.md),1,100,10,"September 27, 2023 9:01 PM","April 23, 2025 8:29 PM"
青青边愁,6,余光中 (Reading/Author/%E4%BD%99%E5%85%89%E4%B8%AD%2041bd9a845298481a8de598f28770f901.md),"中国友谊出版公司 (Reading/Publisher/%E4%B8%AD%E5%9B%BD%E5%8F%8B%E8%B0%8A%E5%87%BA%E7%89%88%E5%85%AC%E5%8F%B8%201c477dd3d783805fb955d68b0709bd82.md), 磨铁 (Reading/Publisher/%E7%A3%A8%E9%93%81%2099d26a5f51864c42832c80424c1f3761.md)",淘宝 (Reading/Platform/%E6%B7%98%E5%AE%9D%20c7f52ce2740b41f98aef55e4ce0688de.md),9787505746763,散文 (Reading/Category/%E6%95%A3%E6%96%87%20d94c81dc272b4510b64387a9402d125c.md),1,,,"April 23, 2025 8:19 PM","April 23, 2025 8:25 PM"
黄永玉和他的湘西,12.8,"卓雅 (Reading/Author/%E5%8D%93%E9%9B%85%201b077dd3d783808fb371c9bbbab3c883.md), 黄永玉 (Reading/Author/%E9%BB%84%E6%B0%B8%E7%8E%89%201de77dd3d783803eafbdd0ac8cae0a38.md)",岳麓书社 (Reading/Publisher/%E5%B2%B3%E9%BA%93%E4%B9%A6%E7%A4%BE%200a195e97f55340e9b8b899a1618886ac.md),拼多多 (Reading/Platform/%E6%8B%BC%E5%A4%9A%E5%A4%9A%20db19793d87f549c3ba08ccdb17b42c9e.md),9787807619871,摄影 (Reading/Category/%E6%91%84%E5%BD%B1%201b077dd3d78380348edac8d25c458812.md),1,,,"April 23, 2025 8:12 PM","April 23, 2025 8:19 PM"
押寨夫人,12.8,"沈从文 (Reading/Author/%E6%B2%88%E4%BB%8E%E6%96%87%20a9cde6afa8f2419bb0083fea9957b38a.md), 卓雅 (Reading/Author/%E5%8D%93%E9%9B%85%201b077dd3d783808fb371c9bbbab3c883.md)",岳麓书社 (Reading/Publisher/%E5%B2%B3%E9%BA%93%E4%B9%A6%E7%A4%BE%200a195e97f55340e9b8b899a1618886ac.md),拼多多 (Reading/Platform/%E6%8B%BC%E5%A4%9A%E5%A4%9A%20db19793d87f549c3ba08ccdb17b42c9e.md),9787807619710,短篇 (Reading/Category/%E7%9F%AD%E7%AF%87%207cecd2c07ba6415e84f853878c8539bf.md),1,100,10,"April 23, 2025 8:07 PM","April 23, 2025 8:07 PM"
罪与罚（售出）,-4.1,陀思妥耶夫斯基 (Reading/Author/%E9%99%80%E6%80%9D%E5%A6%A5%E8%80%B6%E5%A4%AB%E6%96%AF%E5%9F%BA%20cccbf1ca36f64ef0bbe6eda7c91537b8.md),重庆出版社 (Reading/Publisher/%E9%87%8D%E5%BA%86%E5%87%BA%E7%89%88%E7%A4%BE%207c1434d0d4a64b189b6d25bb6a8682f9.md),孔夫子 (Reading/Platform/%E5%AD%94%E5%A4%AB%E5%AD%90%20e9c2ade3c3594415ab366417a820055f.md),9787536681460,长篇 (Reading/Category/%E9%95%BF%E7%AF%87%206b4e322679ec4c5e98aaa5526375f168.md),0,-1,,"January 19, 2025 9:25 PM","April 6, 2025 5:12 PM"
汪曾祺书信集,6,汪曾祺 (Reading/Author/%E6%B1%AA%E6%9B%BE%E7%A5%BA%209a82d2f336c6445a806033a24612cceb.md),上海三联书店 (Reading/Publisher/%E4%B8%8A%E6%B5%B7%E4%B8%89%E8%81%94%E4%B9%A6%E5%BA%97%2010577dd3d78380c08b54e1b7ea895a0b.md),孔夫子 (Reading/Platform/%E5%AD%94%E5%A4%AB%E5%AD%90%20e9c2ade3c3594415ab366417a820055f.md),9787542656445,书信 (Reading/Category/%E4%B9%A6%E4%BF%A1%201c477dd3d7838002aab2eb3041986dd9.md),1,,,"March 28, 2025 2:49 PM","March 30, 2025 5:07 PM"
听听那冷雨,6.7,余光中 (Reading/Author/%E4%BD%99%E5%85%89%E4%B8%AD%2041bd9a845298481a8de598f28770f901.md),"中国友谊出版公司 (Reading/Publisher/%E4%B8%AD%E5%9B%BD%E5%8F%8B%E8%B0%8A%E5%87%BA%E7%89%88%E5%85%AC%E5%8F%B8%201c477dd3d783805fb955d68b0709bd82.md), 磨铁 (Reading/Publisher/%E7%A3%A8%E9%93%81%2099d26a5f51864c42832c80424c1f3761.md)",孔夫子 (Reading/Platform/%E5%AD%94%E5%A4%AB%E5%AD%90%20e9c2ade3c3594415ab366417a820055f.md),9787505745919,散文 (Reading/Category/%E6%95%A3%E6%96%87%20d94c81dc272b4510b64387a9402d125c.md),1,,,"March 28, 2025 2:46 PM","March 30, 2025 5:07 PM"
爱你就像爱生命,8,王小波 (Reading/Author/%E7%8E%8B%E5%B0%8F%E6%B3%A2%20b6d979c4b8e54897b4507ff82fd06dfc.md),"北京十月文艺出版社 (Reading/Publisher/%E5%8C%97%E4%BA%AC%E5%8D%81%E6%9C%88%E6%96%87%E8%89%BA%E5%87%BA%E7%89%88%E7%A4%BE%203a0dcd86170d49d9ba43e6f8c991c984.md), 新经典 (Reading/Publisher/%E6%96%B0%E7%BB%8F%E5%85%B8%20248fc2414a2b41a8bc70dd326b9ca023.md)",孔夫子 (Reading/Platform/%E5%AD%94%E5%A4%AB%E5%AD%90%20e9c2ade3c3594415ab366417a820055f.md),9787530217252,书信 (Reading/Category/%E4%B9%A6%E4%BF%A1%201c477dd3d7838002aab2eb3041986dd9.md),1,100,10,"July 13, 2024 9:11 PM","March 28, 2025 2:55 PM"
契诃夫书信集,14.4,契诃夫 (Reading/Author/%E5%A5%91%E8%AF%83%E5%A4%AB%208181815d2fe04baa840fe6e9f36aaf1d.md),上海译文出版社 (Reading/Publisher/%E4%B8%8A%E6%B5%B7%E8%AF%91%E6%96%87%E5%87%BA%E7%89%88%E7%A4%BE%202678101fd9c841e58f199d01b6c00513.md),京东 (Reading/Platform/%E4%BA%AC%E4%B8%9C%20991081d220754871a65ea5285ec56e3b.md),9787532777358,书信 (Reading/Category/%E4%B9%A6%E4%BF%A1%201c477dd3d7838002aab2eb3041986dd9.md),1,,,"November 2, 2023 5:21 PM","March 28, 2025 2:55 PM"
人不单靠面包活着,13.8,陀思妥耶夫斯基 (Reading/Author/%E9%99%80%E6%80%9D%E5%A6%A5%E8%80%B6%E5%A4%AB%E6%96%AF%E5%9F%BA%20cccbf1ca36f64ef0bbe6eda7c91537b8.md),上海译文出版社 (Reading/Publisher/%E4%B8%8A%E6%B5%B7%E8%AF%91%E6%96%87%E5%87%BA%E7%89%88%E7%A4%BE%202678101fd9c841e58f199d01b6c00513.md),抖音 (Reading/Platform/%E6%8A%96%E9%9F%B3%20bda2aad8d7a64269931fcf174a026721.md),9787532761036,书信 (Reading/Category/%E4%B9%A6%E4%BF%A1%201c477dd3d7838002aab2eb3041986dd9.md),1,,,"July 24, 2024 8:07 PM","March 28, 2025 2:54 PM"
湘行书简,18.6,"沈从文 (Reading/Author/%E6%B2%88%E4%BB%8E%E6%96%87%20a9cde6afa8f2419bb0083fea9957b38a.md), 卓雅 (Reading/Author/%E5%8D%93%E9%9B%85%201b077dd3d783808fb371c9bbbab3c883.md)",岳麓书社 (Reading/Publisher/%E5%B2%B3%E9%BA%93%E4%B9%A6%E7%A4%BE%200a195e97f55340e9b8b899a1618886ac.md),孔夫子 (Reading/Platform/%E5%AD%94%E5%A4%AB%E5%AD%90%20e9c2ade3c3594415ab366417a820055f.md),9787807616856,书信 (Reading/Category/%E4%B9%A6%E4%BF%A1%201c477dd3d7838002aab2eb3041986dd9.md),1,100,10,"March 8, 2025 5:53 PM","March 28, 2025 2:54 PM"
举杯向天笑,3.86,余光中 (Reading/Author/%E4%BD%99%E5%85%89%E4%B8%AD%2041bd9a845298481a8de598f28770f901.md),"中国友谊出版公司 (Reading/Publisher/%E4%B8%AD%E5%9B%BD%E5%8F%8B%E8%B0%8A%E5%87%BA%E7%89%88%E5%85%AC%E5%8F%B8%201c477dd3d783805fb955d68b0709bd82.md), 磨铁 (Reading/Publisher/%E7%A3%A8%E9%93%81%2099d26a5f51864c42832c80424c1f3761.md)",拼多多 (Reading/Platform/%E6%8B%BC%E5%A4%9A%E5%A4%9A%20db19793d87f549c3ba08ccdb17b42c9e.md),9787505746831,散文 (Reading/Category/%E6%95%A3%E6%96%87%20d94c81dc272b4510b64387a9402d125c.md),1,,,"March 28, 2025 9:47 AM","March 28, 2025 9:58 AM"
卒伍,11.57,"沈从文 (Reading/Author/%E6%B2%88%E4%BB%8E%E6%96%87%20a9cde6afa8f2419bb0083fea9957b38a.md), 卓雅 (Reading/Author/%E5%8D%93%E9%9B%85%201b077dd3d783808fb371c9bbbab3c883.md)",岳麓书社 (Reading/Publisher/%E5%B2%B3%E9%BA%93%E4%B9%A6%E7%A4%BE%200a195e97f55340e9b8b899a1618886ac.md),拼多多 (Reading/Platform/%E6%8B%BC%E5%A4%9A%E5%A4%9A%20db19793d87f549c3ba08ccdb17b42c9e.md),9787807616238,散文 (Reading/Category/%E6%95%A3%E6%96%87%20d94c81dc272b4510b64387a9402d125c.md),1,100,10,"March 1, 2025 4:00 PM","March 28, 2025 9:43 AM"
新月集•飞鸟集（售出）,0.01,泰戈尔 (Reading/Author/%E6%B3%B0%E6%88%88%E5%B0%94%20063a09746adc4051913684dc8eb9f377.md),北京联合出版公司 (Reading/Publisher/%E5%8C%97%E4%BA%AC%E8%81%94%E5%90%88%E5%87%BA%E7%89%88%E5%85%AC%E5%8F%B8%20371c06c64a4f48e3932001ab121d7992.md),番茄 (Reading/Platform/%E7%95%AA%E8%8C%84%20bb113666fc9f49d1ad34f06fead7f835.md),9787550265936,诗歌 (Reading/Category/%E8%AF%97%E6%AD%8C%206d14d7489136407a8593422aa182b379.md),0,-1,,"January 2, 2024 9:12 PM","March 28, 2025 9:41 AM"
幸福之路（售出）,0,罗素 (Reading/Author/%E7%BD%97%E7%B4%A0%201b077dd3d783809d8568f0c820981f13.md),"天津人民出版社 (Reading/Publisher/%E5%A4%A9%E6%B4%A5%E4%BA%BA%E6%B0%91%E5%87%BA%E7%89%88%E7%A4%BE%2043eaef3726f04adeaecbdeaad42fe66b.md), 果麦 (Reading/Publisher/%E6%9E%9C%E9%BA%A6%20eab69198a3ab4d18839c72f592c9c46b.md)",孔夫子 (Reading/Platform/%E5%AD%94%E5%A4%AB%E5%AD%90%20e9c2ade3c3594415ab366417a820055f.md),9787201168821,社科 (Reading/Category/%E7%A4%BE%E7%A7%91%208329bdf601ac465ca4e46a05103e22c7.md),0.1,-1,7,"March 8, 2025 6:01 PM","March 28, 2025 9:40 AM"
伤心咖啡馆之歌（售出）,0.94,卡森·麦卡勒斯 (Reading/Author/%E5%8D%A1%E6%A3%AE%C2%B7%E9%BA%A6%E5%8D%A1%E5%8B%92%E6%96%AF%20759a2350de5b4ae58a56a7dad5d11320.md),"北京燕山出版社 (Reading/Publisher/%E5%8C%97%E4%BA%AC%E7%87%95%E5%B1%B1%E5%87%BA%E7%89%88%E7%A4%BE%20c4af9675fc2740d6a4e5f62e410e95a0.md), 天下智慧 (Reading/Publisher/%E5%A4%A9%E4%B8%8B%E6%99%BA%E6%85%A7%202daea614235d449898278cd6a5bd5424.md)",番茄 (Reading/Platform/%E7%95%AA%E8%8C%84%20bb113666fc9f49d1ad34f06fead7f835.md),9787540247652,长篇 (Reading/Category/%E9%95%BF%E7%AF%87%206b4e322679ec4c5e98aaa5526375f168.md),0.1,-1,5,"December 3, 2023 6:16 PM","March 28, 2025 9:37 AM"
故事新编,6.9,鲁迅 (Reading/Author/%E9%B2%81%E8%BF%85%2019809c6ab49642a3a6a9786dd0e2b846.md),"天津人民出版社 (Reading/Publisher/%E5%A4%A9%E6%B4%A5%E4%BA%BA%E6%B0%91%E5%87%BA%E7%89%88%E7%A4%BE%2043eaef3726f04adeaecbdeaad42fe66b.md), 果麦 (Reading/Publisher/%E6%9E%9C%E9%BA%A6%20eab69198a3ab4d18839c72f592c9c46b.md)",抖音 (Reading/Platform/%E6%8A%96%E9%9F%B3%20bda2aad8d7a64269931fcf174a026721.md),9787201089560,短篇 (Reading/Category/%E7%9F%AD%E7%AF%87%207cecd2c07ba6415e84f853878c8539bf.md),1,,,"November 2, 2023 5:20 PM","March 25, 2025 9:16 PM"
八月之光（售出）,0.01,福克纳 (Reading/Author/%E7%A6%8F%E5%85%8B%E7%BA%B3%20c0293ecc669348bd95d39e1358e2986b.md),北方文艺出版社 (Reading/Publisher/%E5%8C%97%E6%96%B9%E6%96%87%E8%89%BA%E5%87%BA%E7%89%88%E7%A4%BE%2093a5305f9f1f4263b0cad211bc19720f.md),番茄 (Reading/Platform/%E7%95%AA%E8%8C%84%20bb113666fc9f49d1ad34f06fead7f835.md),9787531736950,长篇 (Reading/Category/%E9%95%BF%E7%AF%87%206b4e322679ec4c5e98aaa5526375f168.md),0,-1,,"December 5, 2023 5:00 PM","March 22, 2025 10:33 AM"
十日谈（售出）,0.23,薄伽丘 (Reading/Author/%E8%96%84%E4%BC%BD%E4%B8%98%2051525ad01d7b430e9c5b9162eef241be.md),北方文艺出版社 (Reading/Publisher/%E5%8C%97%E6%96%B9%E6%96%87%E8%89%BA%E5%87%BA%E7%89%88%E7%A4%BE%2093a5305f9f1f4263b0cad211bc19720f.md),抖音 (Reading/Platform/%E6%8A%96%E9%9F%B3%20bda2aad8d7a64269931fcf174a026721.md),9787531727750,短篇 (Reading/Category/%E7%9F%AD%E7%AF%87%207cecd2c07ba6415e84f853878c8539bf.md),0,-1,,"March 16, 2024 6:44 PM","March 22, 2025 10:32 AM"
我这一辈子（售出）,0.99,老舍 (Reading/Author/%E8%80%81%E8%88%8D%20bddbf030fe444ed7bfa585aae1b19b29.md),中国华侨出版社 (Reading/Publisher/%E4%B8%AD%E5%9B%BD%E5%8D%8E%E4%BE%A8%E5%87%BA%E7%89%88%E7%A4%BE%202fe0dbdda44f43f78910cc6ad3efdc38.md),番茄 (Reading/Platform/%E7%95%AA%E8%8C%84%20bb113666fc9f49d1ad34f06fead7f835.md),9787511378989,短篇 (Reading/Category/%E7%9F%AD%E7%AF%87%207cecd2c07ba6415e84f853878c8539bf.md),0.3,-1,10,"December 3, 2023 6:16 PM","March 22, 2025 10:32 AM"
人生非若春日蔷薇（售出）,-2.29,郁达夫 (Reading/Author/%E9%83%81%E8%BE%BE%E5%A4%AB%209c67bc1dff4f4885bab6e98d75382d5f.md),北京联合出版公司 (Reading/Publisher/%E5%8C%97%E4%BA%AC%E8%81%94%E5%90%88%E5%87%BA%E7%89%88%E5%85%AC%E5%8F%B8%20371c06c64a4f48e3932001ab121d7992.md),番茄 (Reading/Platform/%E7%95%AA%E8%8C%84%20bb113666fc9f49d1ad34f06fead7f835.md),9787559610041,散文 (Reading/Category/%E6%95%A3%E6%96%87%20d94c81dc272b4510b64387a9402d125c.md),0,-1,,"January 8, 2024 1:06 PM","March 19, 2025 12:24 PM"
给贤南哥的信（售出）,-1.39,赵南柱 (Reading/Author/%E8%B5%B5%E5%8D%97%E6%9F%B1%207b9ba322acc1428d98bb7171a03584b6.md),"花城出版社 (Reading/Publisher/%E8%8A%B1%E5%9F%8E%E5%87%BA%E7%89%88%E7%A4%BE%20dbfca13dd57c4f7f9dd97b72eed6c8aa.md), 磨铁 (Reading/Publisher/%E7%A3%A8%E9%93%81%2099d26a5f51864c42832c80424c1f3761.md)",番茄 (Reading/Platform/%E7%95%AA%E8%8C%84%20bb113666fc9f49d1ad34f06fead7f835.md),9787536093317,短篇 (Reading/Category/%E7%9F%AD%E7%AF%87%207cecd2c07ba6415e84f853878c8539bf.md),0.3,-1,5,"January 10, 2024 9:56 PM","March 19, 2025 12:23 PM"
羊脂球（售出）,-3.99,莫泊桑 (Reading/Author/%E8%8E%AB%E6%B3%8A%E6%A1%91%20388d41d770fc4725964364198c9f6a2c.md),"江苏凤凰文艺出版社 (Reading/Publisher/%E6%B1%9F%E8%8B%8F%E5%87%A4%E5%87%B0%E6%96%87%E8%89%BA%E5%87%BA%E7%89%88%E7%A4%BE%20c8d25beea53f4e9cb4dedb1c88e052bb.md), 磨铁 (Reading/Publisher/%E7%A3%A8%E9%93%81%2099d26a5f51864c42832c80424c1f3761.md)",番茄 (Reading/Platform/%E7%95%AA%E8%8C%84%20bb113666fc9f49d1ad34f06fead7f835.md),9787559465221,短篇 (Reading/Category/%E7%9F%AD%E7%AF%87%207cecd2c07ba6415e84f853878c8539bf.md),0.6,-1,8,"December 5, 2023 4:59 PM","March 19, 2025 12:23 PM"
牛虻（售出）,-7.59,伏尼契 (Reading/Author/%E4%BC%8F%E5%B0%BC%E5%A5%91%200038b10e57524309b29330670f070705.md),"浙江人民出版社 (Reading/Publisher/%E6%B5%99%E6%B1%9F%E4%BA%BA%E6%B0%91%E5%87%BA%E7%89%88%E7%A4%BE%207b42c60237334975a9097b786260b4c8.md), 磨铁 (Reading/Publisher/%E7%A3%A8%E9%93%81%2099d26a5f51864c42832c80424c1f3761.md)",番茄 (Reading/Platform/%E7%95%AA%E8%8C%84%20bb113666fc9f49d1ad34f06fead7f835.md),9787213105890,长篇 (Reading/Category/%E9%95%BF%E7%AF%87%206b4e322679ec4c5e98aaa5526375f168.md),0.6,-1,8,"December 4, 2023 2:37 PM","March 19, 2025 12:22 PM"
从文自传,17,"沈从文 (Reading/Author/%E6%B2%88%E4%BB%8E%E6%96%87%20a9cde6afa8f2419bb0083fea9957b38a.md), 卓雅 (Reading/Author/%E5%8D%93%E9%9B%85%201b077dd3d783808fb371c9bbbab3c883.md)",岳麓书社 (Reading/Publisher/%E5%B2%B3%E9%BA%93%E4%B9%A6%E7%A4%BE%200a195e97f55340e9b8b899a1618886ac.md),孔夫子 (Reading/Platform/%E5%AD%94%E5%A4%AB%E5%AD%90%20e9c2ade3c3594415ab366417a820055f.md),9787807611936,散文 (Reading/Category/%E6%95%A3%E6%96%87%20d94c81dc272b4510b64387a9402d125c.md),1,100,10,"March 8, 2025 5:51 PM","March 17, 2025 11:31 AM"
爱眉小札,0.01,徐志摩 (Reading/Author/%E5%BE%90%E5%BF%97%E6%91%A9%206be71f5599804e4ca0137d989fe41be2.md),中国华侨出版社 (Reading/Publisher/%E4%B8%AD%E5%9B%BD%E5%8D%8E%E4%BE%A8%E5%87%BA%E7%89%88%E7%A4%BE%202fe0dbdda44f43f78910cc6ad3efdc38.md),番茄 (Reading/Platform/%E7%95%AA%E8%8C%84%20bb113666fc9f49d1ad34f06fead7f835.md),9787511379269,散文 (Reading/Category/%E6%95%A3%E6%96%87%20d94c81dc272b4510b64387a9402d125c.md),0.9,,,"January 8, 2024 1:07 PM","March 9, 2025 9:19 PM"
志摩的诗,0.01,徐志摩 (Reading/Author/%E5%BE%90%E5%BF%97%E6%91%A9%206be71f5599804e4ca0137d989fe41be2.md),民主与建设出版社 (Reading/Publisher/%E6%B0%91%E4%B8%BB%E4%B8%8E%E5%BB%BA%E8%AE%BE%E5%87%BA%E7%89%88%E7%A4%BE%20dff3b09d8cdd4c5a8ac858e66e8c6685.md),番茄 (Reading/Platform/%E7%95%AA%E8%8C%84%20bb113666fc9f49d1ad34f06fead7f835.md),9787513919661,诗歌 (Reading/Category/%E8%AF%97%E6%AD%8C%206d14d7489136407a8593422aa182b379.md),0.9,,,"December 3, 2023 6:16 PM","March 9, 2025 9:19 PM"
沈从文和他的湘西,10,"卓雅 (Reading/Author/%E5%8D%93%E9%9B%85%201b077dd3d783808fb371c9bbbab3c883.md), 沈从文 (Reading/Author/%E6%B2%88%E4%BB%8E%E6%96%87%20a9cde6afa8f2419bb0083fea9957b38a.md)",岳麓书社 (Reading/Publisher/%E5%B2%B3%E9%BA%93%E4%B9%A6%E7%A4%BE%200a195e97f55340e9b8b899a1618886ac.md),孔夫子 (Reading/Platform/%E5%AD%94%E5%A4%AB%E5%AD%90%20e9c2ade3c3594415ab366417a820055f.md),9787807619819,摄影 (Reading/Category/%E6%91%84%E5%BD%B1%201b077dd3d78380348edac8d25c458812.md),1,,,"March 8, 2025 6:00 PM","March 9, 2025 10:24 AM"
湘西,13.7,"沈从文 (Reading/Author/%E6%B2%88%E4%BB%8E%E6%96%87%20a9cde6afa8f2419bb0083fea9957b38a.md), 卓雅 (Reading/Author/%E5%8D%93%E9%9B%85%201b077dd3d783808fb371c9bbbab3c883.md)",岳麓书社 (Reading/Publisher/%E5%B2%B3%E9%BA%93%E4%B9%A6%E7%A4%BE%200a195e97f55340e9b8b899a1618886ac.md),孔夫子 (Reading/Platform/%E5%AD%94%E5%A4%AB%E5%AD%90%20e9c2ade3c3594415ab366417a820055f.md),9787807614562,散文 (Reading/Category/%E6%95%A3%E6%96%87%20d94c81dc272b4510b64387a9402d125c.md),1,,,"March 8, 2025 5:52 PM","March 9, 2025 10:24 AM"
新与旧,6.5,"沈从文 (Reading/Author/%E6%B2%88%E4%BB%8E%E6%96%87%20a9cde6afa8f2419bb0083fea9957b38a.md), 卓雅 (Reading/Author/%E5%8D%93%E9%9B%85%201b077dd3d783808fb371c9bbbab3c883.md)",岳麓书社 (Reading/Publisher/%E5%B2%B3%E9%BA%93%E4%B9%A6%E7%A4%BE%200a195e97f55340e9b8b899a1618886ac.md),淘宝 (Reading/Platform/%E6%B7%98%E5%AE%9D%20c7f52ce2740b41f98aef55e4ce0688de.md),9787807613923,散文 (Reading/Category/%E6%95%A3%E6%96%87%20d94c81dc272b4510b64387a9402d125c.md),1,,,"September 25, 2023 4:18 PM","March 8, 2025 6:07 PM"
阿黑小史,13.29,"沈从文 (Reading/Author/%E6%B2%88%E4%BB%8E%E6%96%87%20a9cde6afa8f2419bb0083fea9957b38a.md), 卓雅 (Reading/Author/%E5%8D%93%E9%9B%85%201b077dd3d783808fb371c9bbbab3c883.md)",岳麓书社 (Reading/Publisher/%E5%B2%B3%E9%BA%93%E4%B9%A6%E7%A4%BE%200a195e97f55340e9b8b899a1618886ac.md),拼多多 (Reading/Platform/%E6%8B%BC%E5%A4%9A%E5%A4%9A%20db19793d87f549c3ba08ccdb17b42c9e.md),9787807616085,,1,,,"March 1, 2025 4:04 PM","March 8, 2025 6:07 PM"
往事,14.87,"沈从文 (Reading/Author/%E6%B2%88%E4%BB%8E%E6%96%87%20a9cde6afa8f2419bb0083fea9957b38a.md), 卓雅 (Reading/Author/%E5%8D%93%E9%9B%85%201b077dd3d783808fb371c9bbbab3c883.md)",岳麓书社 (Reading/Publisher/%E5%B2%B3%E9%BA%93%E4%B9%A6%E7%A4%BE%200a195e97f55340e9b8b899a1618886ac.md),拼多多 (Reading/Platform/%E6%8B%BC%E5%A4%9A%E5%A4%9A%20db19793d87f549c3ba08ccdb17b42c9e.md),9787807619833,,1,,,"March 1, 2025 4:03 PM","March 8, 2025 6:07 PM"
月下小景,14.16,"沈从文 (Reading/Author/%E6%B2%88%E4%BB%8E%E6%96%87%20a9cde6afa8f2419bb0083fea9957b38a.md), 卓雅 (Reading/Author/%E5%8D%93%E9%9B%85%201b077dd3d783808fb371c9bbbab3c883.md)",岳麓书社 (Reading/Publisher/%E5%B2%B3%E9%BA%93%E4%B9%A6%E7%A4%BE%200a195e97f55340e9b8b899a1618886ac.md),拼多多 (Reading/Platform/%E6%8B%BC%E5%A4%9A%E5%A4%9A%20db19793d87f549c3ba08ccdb17b42c9e.md),9787807619680,,1,,,"March 1, 2025 4:02 PM","March 8, 2025 6:07 PM"
新与旧,11.36,"沈从文 (Reading/Author/%E6%B2%88%E4%BB%8E%E6%96%87%20a9cde6afa8f2419bb0083fea9957b38a.md), 卓雅 (Reading/Author/%E5%8D%93%E9%9B%85%201b077dd3d783808fb371c9bbbab3c883.md)",岳麓书社 (Reading/Publisher/%E5%B2%B3%E9%BA%93%E4%B9%A6%E7%A4%BE%200a195e97f55340e9b8b899a1618886ac.md),拼多多 (Reading/Platform/%E6%8B%BC%E5%A4%9A%E5%A4%9A%20db19793d87f549c3ba08ccdb17b42c9e.md),9787807613916,,1,,,"March 1, 2025 3:59 PM","March 8, 2025 6:07 PM"
边城,10.01,"沈从文 (Reading/Author/%E6%B2%88%E4%BB%8E%E6%96%87%20a9cde6afa8f2419bb0083fea9957b38a.md), 卓雅 (Reading/Author/%E5%8D%93%E9%9B%85%201b077dd3d783808fb371c9bbbab3c883.md)",岳麓书社 (Reading/Publisher/%E5%B2%B3%E9%BA%93%E4%B9%A6%E7%A4%BE%200a195e97f55340e9b8b899a1618886ac.md),拼多多 (Reading/Platform/%E6%8B%BC%E5%A4%9A%E5%A4%9A%20db19793d87f549c3ba08ccdb17b42c9e.md),9787807613312,长篇 (Reading/Category/%E9%95%BF%E7%AF%87%206b4e322679ec4c5e98aaa5526375f168.md),1,,,"March 1, 2025 3:57 PM","March 8, 2025 6:07 PM"
萧萧,12.49,"沈从文 (Reading/Author/%E6%B2%88%E4%BB%8E%E6%96%87%20a9cde6afa8f2419bb0083fea9957b38a.md), 卓雅 (Reading/Author/%E5%8D%93%E9%9B%85%201b077dd3d783808fb371c9bbbab3c883.md)",岳麓书社 (Reading/Publisher/%E5%B2%B3%E9%BA%93%E4%B9%A6%E7%A4%BE%200a195e97f55340e9b8b899a1618886ac.md),拼多多 (Reading/Platform/%E6%8B%BC%E5%A4%9A%E5%A4%9A%20db19793d87f549c3ba08ccdb17b42c9e.md),9787807619840,,1,,,"March 1, 2025 3:58 PM","March 8, 2025 6:07 PM"
湘行散记,14.81,"沈从文 (Reading/Author/%E6%B2%88%E4%BB%8E%E6%96%87%20a9cde6afa8f2419bb0083fea9957b38a.md), 卓雅 (Reading/Author/%E5%8D%93%E9%9B%85%201b077dd3d783808fb371c9bbbab3c883.md)",岳麓书社 (Reading/Publisher/%E5%B2%B3%E9%BA%93%E4%B9%A6%E7%A4%BE%200a195e97f55340e9b8b899a1618886ac.md),拼多多 (Reading/Platform/%E6%8B%BC%E5%A4%9A%E5%A4%9A%20db19793d87f549c3ba08ccdb17b42c9e.md),9787807619703,散文 (Reading/Category/%E6%95%A3%E6%96%87%20d94c81dc272b4510b64387a9402d125c.md),1,,,"March 1, 2025 4:03 PM","March 8, 2025 6:07 PM"
长河,12.81,"沈从文 (Reading/Author/%E6%B2%88%E4%BB%8E%E6%96%87%20a9cde6afa8f2419bb0083fea9957b38a.md), 卓雅 (Reading/Author/%E5%8D%93%E9%9B%85%201b077dd3d783808fb371c9bbbab3c883.md)",岳麓书社 (Reading/Publisher/%E5%B2%B3%E9%BA%93%E4%B9%A6%E7%A4%BE%200a195e97f55340e9b8b899a1618886ac.md),拼多多 (Reading/Platform/%E6%8B%BC%E5%A4%9A%E5%A4%9A%20db19793d87f549c3ba08ccdb17b42c9e.md),9787807613305,长篇 (Reading/Category/%E9%95%BF%E7%AF%87%206b4e322679ec4c5e98aaa5526375f168.md),1,,,"March 1, 2025 3:58 PM","March 8, 2025 6:07 PM"
湘行散记（售出）,3.4,"沈从文 (Reading/Author/%E6%B2%88%E4%BB%8E%E6%96%87%20a9cde6afa8f2419bb0083fea9957b38a.md), 卓雅 (Reading/Author/%E5%8D%93%E9%9B%85%201b077dd3d783808fb371c9bbbab3c883.md)",岳麓书社 (Reading/Publisher/%E5%B2%B3%E9%BA%93%E4%B9%A6%E7%A4%BE%200a195e97f55340e9b8b899a1618886ac.md),京东 (Reading/Platform/%E4%BA%AC%E4%B8%9C%20991081d220754871a65ea5285ec56e3b.md),9787553801551,散文 (Reading/Category/%E6%95%A3%E6%96%87%20d94c81dc272b4510b64387a9402d125c.md),0.1,-1,8,"September 22, 2023 11:54 AM","March 8, 2025 6:07 PM"
长河（售出）,4.4,"沈从文 (Reading/Author/%E6%B2%88%E4%BB%8E%E6%96%87%20a9cde6afa8f2419bb0083fea9957b38a.md), 卓雅 (Reading/Author/%E5%8D%93%E9%9B%85%201b077dd3d783808fb371c9bbbab3c883.md)",岳麓书社 (Reading/Publisher/%E5%B2%B3%E9%BA%93%E4%B9%A6%E7%A4%BE%200a195e97f55340e9b8b899a1618886ac.md),京东 (Reading/Platform/%E4%BA%AC%E4%B8%9C%20991081d220754871a65ea5285ec56e3b.md),9787553801575,长篇 (Reading/Category/%E9%95%BF%E7%AF%87%206b4e322679ec4c5e98aaa5526375f168.md),0,-1,,"September 25, 2023 3:07 PM","March 8, 2025 6:07 PM"
湘行书简（售出）,3.4,"沈从文 (Reading/Author/%E6%B2%88%E4%BB%8E%E6%96%87%20a9cde6afa8f2419bb0083fea9957b38a.md), 卓雅 (Reading/Author/%E5%8D%93%E9%9B%85%201b077dd3d783808fb371c9bbbab3c883.md)",岳麓书社 (Reading/Publisher/%E5%B2%B3%E9%BA%93%E4%B9%A6%E7%A4%BE%200a195e97f55340e9b8b899a1618886ac.md),京东 (Reading/Platform/%E4%BA%AC%E4%B8%9C%20991081d220754871a65ea5285ec56e3b.md),9787553801568,散文 (Reading/Category/%E6%95%A3%E6%96%87%20d94c81dc272b4510b64387a9402d125c.md),0,-1,,"September 25, 2023 2:54 PM","March 8, 2025 6:07 PM"
从文自传（售出）,-1.9,"沈从文 (Reading/Author/%E6%B2%88%E4%BB%8E%E6%96%87%20a9cde6afa8f2419bb0083fea9957b38a.md), 卓雅 (Reading/Author/%E5%8D%93%E9%9B%85%201b077dd3d783808fb371c9bbbab3c883.md)",岳麓书社 (Reading/Publisher/%E5%B2%B3%E9%BA%93%E4%B9%A6%E7%A4%BE%200a195e97f55340e9b8b899a1618886ac.md),京东 (Reading/Platform/%E4%BA%AC%E4%B8%9C%20991081d220754871a65ea5285ec56e3b.md),9787807615286,传记 (Reading/Category/%E4%BC%A0%E8%AE%B0%20d20abb37fd72446d93c2f8215c227319.md),0,-1,,"September 25, 2023 3:08 PM","March 8, 2025 6:06 PM"
边城（售出）,1.2,"沈从文 (Reading/Author/%E6%B2%88%E4%BB%8E%E6%96%87%20a9cde6afa8f2419bb0083fea9957b38a.md), 卓雅 (Reading/Author/%E5%8D%93%E9%9B%85%201b077dd3d783808fb371c9bbbab3c883.md)",岳麓书社 (Reading/Publisher/%E5%B2%B3%E9%BA%93%E4%B9%A6%E7%A4%BE%200a195e97f55340e9b8b899a1618886ac.md),京东 (Reading/Platform/%E4%BA%AC%E4%B8%9C%20991081d220754871a65ea5285ec56e3b.md),9787807615279,长篇 (Reading/Category/%E9%95%BF%E7%AF%87%206b4e322679ec4c5e98aaa5526375f168.md),0.3,-1,10,"September 22, 2023 11:53 AM","March 8, 2025 6:06 PM"
大波,15.6,李劼人 (Reading/Author/%E6%9D%8E%E5%8A%BC%E4%BA%BA%207dcfa16505084420b66d71b0be4bd145.md),四川文艺出版社 (Reading/Publisher/%E5%9B%9B%E5%B7%9D%E6%96%87%E8%89%BA%E5%87%BA%E7%89%88%E7%A4%BE%20079c0be96be140c29f8b2a615cf4799c.md),拼多多 (Reading/Platform/%E6%8B%BC%E5%A4%9A%E5%A4%9A%20db19793d87f549c3ba08ccdb17b42c9e.md),9787541156601,长篇 (Reading/Category/%E9%95%BF%E7%AF%87%206b4e322679ec4c5e98aaa5526375f168.md),1,,,"March 8, 2025 4:08 PM","March 8, 2025 5:47 PM"
群魔,27.24,陀思妥耶夫斯基 (Reading/Author/%E9%99%80%E6%80%9D%E5%A6%A5%E8%80%B6%E5%A4%AB%E6%96%AF%E5%9F%BA%20cccbf1ca36f64ef0bbe6eda7c91537b8.md),四川人民出版社 (Reading/Publisher/%E5%9B%9B%E5%B7%9D%E4%BA%BA%E6%B0%91%E5%87%BA%E7%89%88%E7%A4%BE%2077dff9f73e6645dbbc632f7589f7d2e2.md),拼多多 (Reading/Platform/%E6%8B%BC%E5%A4%9A%E5%A4%9A%20db19793d87f549c3ba08ccdb17b42c9e.md),9787220132476,长篇 (Reading/Category/%E9%95%BF%E7%AF%87%206b4e322679ec4c5e98aaa5526375f168.md),1,,,"May 31, 2024 9:41 AM","March 8, 2025 4:18 PM"
夏倍上校（售出）,1.2,巴尔扎克 (Reading/Author/%E5%B7%B4%E5%B0%94%E6%89%8E%E5%85%8B%20f5dc47731b5a4cbd99f33a2d0fb8e527.md),上海三联书店 (Reading/Publisher/%E4%B8%8A%E6%B5%B7%E4%B8%89%E8%81%94%E4%B9%A6%E5%BA%97%2010577dd3d78380c08b54e1b7ea895a0b.md),抖音 (Reading/Platform/%E6%8A%96%E9%9F%B3%20bda2aad8d7a64269931fcf174a026721.md),9787542652249,长篇 (Reading/Category/%E9%95%BF%E7%AF%87%206b4e322679ec4c5e98aaa5526375f168.md),0,-1,,"September 16, 2024 9:30 PM","March 2, 2025 1:22 PM"
骑马出走的女人（售出）,1.8,D·H·劳伦斯 (Reading/Author/D%C2%B7H%C2%B7%E5%8A%B3%E4%BC%A6%E6%96%AF%2010577dd3d783809cae8fc9d12002192c.md),上海三联书店 (Reading/Publisher/%E4%B8%8A%E6%B5%B7%E4%B8%89%E8%81%94%E4%B9%A6%E5%BA%97%2010577dd3d78380c08b54e1b7ea895a0b.md),抖音 (Reading/Platform/%E6%8A%96%E9%9F%B3%20bda2aad8d7a64269931fcf174a026721.md),9787542648891,短篇 (Reading/Category/%E7%9F%AD%E7%AF%87%207cecd2c07ba6415e84f853878c8539bf.md),0.3,-1,7,"September 16, 2024 9:33 PM","March 2, 2025 1:22 PM"
游击队员（售出）,-11.99,奈保尔 (Reading/Author/%E5%A5%88%E4%BF%9D%E5%B0%94%20a122682600f94bb29ffb070d448e7b0a.md),"南海出版公司 (Reading/Publisher/%E5%8D%97%E6%B5%B7%E5%87%BA%E7%89%88%E5%85%AC%E5%8F%B8%204fe082fe5df3417b86f2e33661900dde.md), 新经典 (Reading/Publisher/%E6%96%B0%E7%BB%8F%E5%85%B8%20248fc2414a2b41a8bc70dd326b9ca023.md)",番茄 (Reading/Platform/%E7%95%AA%E8%8C%84%20bb113666fc9f49d1ad34f06fead7f835.md),9787544264655,长篇 (Reading/Category/%E9%95%BF%E7%AF%87%206b4e322679ec4c5e98aaa5526375f168.md),0,-1,,"December 20, 2023 4:06 PM","March 2, 2025 1:22 PM"
当我谈跑步时，我谈些什么（售出）,-7.7,村上春树 (Reading/Author/%E6%9D%91%E4%B8%8A%E6%98%A5%E6%A0%91%2035640d4238b7469fab5944044b1d92af.md),上海译文出版社 (Reading/Publisher/%E4%B8%8A%E6%B5%B7%E8%AF%91%E6%96%87%E5%87%BA%E7%89%88%E7%A4%BE%202678101fd9c841e58f199d01b6c00513.md),拼多多 (Reading/Platform/%E6%8B%BC%E5%A4%9A%E5%A4%9A%20db19793d87f549c3ba08ccdb17b42c9e.md),9787544278843,散文 (Reading/Category/%E6%95%A3%E6%96%87%20d94c81dc272b4510b64387a9402d125c.md),0.1,-1,7,"October 16, 2023 7:10 PM","March 2, 2025 1:22 PM"
俄亥俄，温斯堡（售出）,-8,舍伍德·安德森 (Reading/Author/%E8%88%8D%E4%BC%8D%E5%BE%B7%C2%B7%E5%AE%89%E5%BE%B7%E6%A3%AE%204d440690b23a4aba995bad79ba2414a5.md),"南海出版公司 (Reading/Publisher/%E5%8D%97%E6%B5%B7%E5%87%BA%E7%89%88%E5%85%AC%E5%8F%B8%204fe082fe5df3417b86f2e33661900dde.md), 新经典 (Reading/Publisher/%E6%96%B0%E7%BB%8F%E5%85%B8%20248fc2414a2b41a8bc70dd326b9ca023.md)",孔夫子 (Reading/Platform/%E5%AD%94%E5%A4%AB%E5%AD%90%20e9c2ade3c3594415ab366417a820055f.md),9787544258951,短篇 (Reading/Category/%E7%9F%AD%E7%AF%87%207cecd2c07ba6415e84f853878c8539bf.md),0.6,-1,10,"July 13, 2024 9:14 PM","March 2, 2025 1:22 PM"
霍乱时代的爱情（售出）,-3.1,马尔克斯 (Reading/Author/%E9%A9%AC%E5%B0%94%E5%85%8B%E6%96%AF%201a9f5070c5ad4997b2ecdf8e38c59ba6.md),"南海出版公司 (Reading/Publisher/%E5%8D%97%E6%B5%B7%E5%87%BA%E7%89%88%E5%85%AC%E5%8F%B8%204fe082fe5df3417b86f2e33661900dde.md), 新经典 (Reading/Publisher/%E6%96%B0%E7%BB%8F%E5%85%B8%20248fc2414a2b41a8bc70dd326b9ca023.md)",淘宝 (Reading/Platform/%E6%B7%98%E5%AE%9D%20c7f52ce2740b41f98aef55e4ce0688de.md),9787544277617,长篇 (Reading/Category/%E9%95%BF%E7%AF%87%206b4e322679ec4c5e98aaa5526375f168.md),0,-1,,"September 25, 2023 3:20 PM","March 2, 2025 1:21 PM"
百年孤独（售出）,-8,马尔克斯 (Reading/Author/%E9%A9%AC%E5%B0%94%E5%85%8B%E6%96%AF%201a9f5070c5ad4997b2ecdf8e38c59ba6.md),"南海出版公司 (Reading/Publisher/%E5%8D%97%E6%B5%B7%E5%87%BA%E7%89%88%E5%85%AC%E5%8F%B8%204fe082fe5df3417b86f2e33661900dde.md), 新经典 (Reading/Publisher/%E6%96%B0%E7%BB%8F%E5%85%B8%20248fc2414a2b41a8bc70dd326b9ca023.md)",孔夫子 (Reading/Platform/%E5%AD%94%E5%A4%AB%E5%AD%90%20e9c2ade3c3594415ab366417a820055f.md),9787544253994,长篇 (Reading/Category/%E9%95%BF%E7%AF%87%206b4e322679ec4c5e98aaa5526375f168.md),0,-1,,"July 13, 2024 9:14 PM","March 2, 2025 1:21 PM"
族长的秋天（售出）,0.7,马尔克斯 (Reading/Author/%E9%A9%AC%E5%B0%94%E5%85%8B%E6%96%AF%201a9f5070c5ad4997b2ecdf8e38c59ba6.md),"南海出版公司 (Reading/Publisher/%E5%8D%97%E6%B5%B7%E5%87%BA%E7%89%88%E5%85%AC%E5%8F%B8%204fe082fe5df3417b86f2e33661900dde.md), 新经典 (Reading/Publisher/%E6%96%B0%E7%BB%8F%E5%85%B8%20248fc2414a2b41a8bc70dd326b9ca023.md)",拼多多 (Reading/Platform/%E6%8B%BC%E5%A4%9A%E5%A4%9A%20db19793d87f549c3ba08ccdb17b42c9e.md),9787544286060,长篇 (Reading/Category/%E9%95%BF%E7%AF%87%206b4e322679ec4c5e98aaa5526375f168.md),0.3,-1,8,"October 11, 2023 10:56 AM","March 2, 2025 1:21 PM"
爱情和其他魔鬼（售出）,-1.1,马尔克斯 (Reading/Author/%E9%A9%AC%E5%B0%94%E5%85%8B%E6%96%AF%201a9f5070c5ad4997b2ecdf8e38c59ba6.md),"南海出版公司 (Reading/Publisher/%E5%8D%97%E6%B5%B7%E5%87%BA%E7%89%88%E5%85%AC%E5%8F%B8%204fe082fe5df3417b86f2e33661900dde.md), 新经典 (Reading/Publisher/%E6%96%B0%E7%BB%8F%E5%85%B8%20248fc2414a2b41a8bc70dd326b9ca023.md)",拼多多 (Reading/Platform/%E6%8B%BC%E5%A4%9A%E5%A4%9A%20db19793d87f549c3ba08ccdb17b42c9e.md),9787544278638,长篇 (Reading/Category/%E9%95%BF%E7%AF%87%206b4e322679ec4c5e98aaa5526375f168.md),0.3,-1,8,"October 15, 2023 9:23 PM","March 2, 2025 1:21 PM"
洛丽塔,7.96,纳博科夫 (Reading/Author/%E7%BA%B3%E5%8D%9A%E7%A7%91%E5%A4%AB%20995181809a04485a9523d41819e23a3f.md),上海译文出版社 (Reading/Publisher/%E4%B8%8A%E6%B5%B7%E8%AF%91%E6%96%87%E5%87%BA%E7%89%88%E7%A4%BE%202678101fd9c841e58f199d01b6c00513.md),孔夫子 (Reading/Platform/%E5%AD%94%E5%A4%AB%E5%AD%90%20e9c2ade3c3594415ab366417a820055f.md),9787532738151,长篇 (Reading/Category/%E9%95%BF%E7%AF%87%206b4e322679ec4c5e98aaa5526375f168.md),1,100,7,"May 9, 2024 10:16 AM","March 2, 2025 1:18 PM"
月亮与六便士,4,毛姆 (Reading/Author/%E6%AF%9B%E5%A7%86%20d23eff18683e4a048b17589cacd0c44f.md),上海译文出版社 (Reading/Publisher/%E4%B8%8A%E6%B5%B7%E8%AF%91%E6%96%87%E5%87%BA%E7%89%88%E7%A4%BE%202678101fd9c841e58f199d01b6c00513.md),孔夫子 (Reading/Platform/%E5%AD%94%E5%A4%AB%E5%AD%90%20e9c2ade3c3594415ab366417a820055f.md),9787532749003,长篇 (Reading/Category/%E9%95%BF%E7%AF%87%206b4e322679ec4c5e98aaa5526375f168.md),1,100,8,"July 13, 2024 9:13 PM","February 15, 2025 11:25 PM"
白痴,46.12,陀思妥耶夫斯基 (Reading/Author/%E9%99%80%E6%80%9D%E5%A6%A5%E8%80%B6%E5%A4%AB%E6%96%AF%E5%9F%BA%20cccbf1ca36f64ef0bbe6eda7c91537b8.md),生活·读书·新知三联书店 (Reading/Publisher/%E7%94%9F%E6%B4%BB%C2%B7%E8%AF%BB%E4%B9%A6%C2%B7%E6%96%B0%E7%9F%A5%E4%B8%89%E8%81%94%E4%B9%A6%E5%BA%97%20bff057dbdeb44d178d8b7071482927c2.md),京东 (Reading/Platform/%E4%BA%AC%E4%B8%9C%20991081d220754871a65ea5285ec56e3b.md),9787108065261,长篇 (Reading/Category/%E9%95%BF%E7%AF%87%206b4e322679ec4c5e98aaa5526375f168.md),1,,,"February 9, 2025 12:40 PM","February 15, 2025 3:12 PM"
福尔摩斯探案大全集,,柯南·道尔 (Reading/Author/%E6%9F%AF%E5%8D%97%C2%B7%E9%81%93%E5%B0%94%2019877dd3d78380d1a9d0c2dcd215b907.md),国际文化出版公司 (Reading/Publisher/%E5%9B%BD%E9%99%85%E6%96%87%E5%8C%96%E5%87%BA%E7%89%88%E5%85%AC%E5%8F%B8%2019877dd3d783808ca2c8c4fac584d56c.md),实体店 (Reading/Platform/%E5%AE%9E%E4%BD%93%E5%BA%97%205868c9fad9164dabbe7be33e9dce6f0f.md),9787801739643,短篇 (Reading/Category/%E7%9F%AD%E7%AF%87%207cecd2c07ba6415e84f853878c8539bf.md),1,,,"February 7, 2025 9:32 PM","February 15, 2025 3:09 PM"
中国书法一本通,0.01,其它 (Reading/Author/%E5%85%B6%E5%AE%83%20562b510967874f97ae9a82328b0fd99a.md),北京燕山出版社 (Reading/Publisher/%E5%8C%97%E4%BA%AC%E7%87%95%E5%B1%B1%E5%87%BA%E7%89%88%E7%A4%BE%20c4af9675fc2740d6a4e5f62e410e95a0.md),番茄 (Reading/Platform/%E7%95%AA%E8%8C%84%20bb113666fc9f49d1ad34f06fead7f835.md),9787540265472,书帖 (Reading/Category/%E4%B9%A6%E5%B8%96%2034c3d5939f7a413aae1ef49a2c09d725.md),0,100,6,"January 8, 2024 1:07 PM","February 7, 2025 8:54 PM"
卡拉马佐夫兄弟（售出）,-7,陀思妥耶夫斯基 (Reading/Author/%E9%99%80%E6%80%9D%E5%A6%A5%E8%80%B6%E5%A4%AB%E6%96%AF%E5%9F%BA%20cccbf1ca36f64ef0bbe6eda7c91537b8.md),"山东文艺出版社 (Reading/Publisher/%E5%B1%B1%E4%B8%9C%E6%96%87%E8%89%BA%E5%87%BA%E7%89%88%E7%A4%BE%205669eab7521c426a9d5488e5284420fb.md), 果麦 (Reading/Publisher/%E6%9E%9C%E9%BA%A6%20eab69198a3ab4d18839c72f592c9c46b.md)",京东 (Reading/Platform/%E4%BA%AC%E4%B8%9C%20991081d220754871a65ea5285ec56e3b.md),9787532969005,长篇 (Reading/Category/%E9%95%BF%E7%AF%87%206b4e322679ec4c5e98aaa5526375f168.md),0.9,-1,,"November 2, 2023 5:38 PM","January 24, 2025 9:40 PM"
解忧杂货店（售出）,,东野圭吾 (Reading/Author/%E4%B8%9C%E9%87%8E%E5%9C%AD%E5%90%BE%203ff62b4bc9b94dd7880aeaf331defb8e.md),"南海出版公司 (Reading/Publisher/%E5%8D%97%E6%B5%B7%E5%87%BA%E7%89%88%E5%85%AC%E5%8F%B8%204fe082fe5df3417b86f2e33661900dde.md), 新经典 (Reading/Publisher/%E6%96%B0%E7%BB%8F%E5%85%B8%20248fc2414a2b41a8bc70dd326b9ca023.md)",赠送 (Reading/Platform/%E8%B5%A0%E9%80%81%20455e7d509df3444ebf2c9c50269c654b.md),9787544270878,"长篇 (Reading/Category/%E9%95%BF%E7%AF%87%206b4e322679ec4c5e98aaa5526375f168.md), 流行 (Reading/Category/%E6%B5%81%E8%A1%8C%2006e2b73e68014533ace3c0eac10aeec7.md)",0,-1,3,"September 27, 2023 8:38 PM","January 23, 2025 10:21 PM"
南国之冬,2.89,张大春 (Reading/Author/%E5%BC%A0%E5%A4%A7%E6%98%A5%2018477dd3d7838072aba6d5728365e6d4.md),"九州出版社 (Reading/Publisher/%E4%B9%9D%E5%B7%9E%E5%87%BA%E7%89%88%E7%A4%BE%2018477dd3d783801096a5fe653aea40d4.md), 华文天下 (Reading/Publisher/%E5%8D%8E%E6%96%87%E5%A4%A9%E4%B8%8B%2018477dd3d78380c4a266e9bdea8c3b63.md)",拼多多 (Reading/Platform/%E6%8B%BC%E5%A4%9A%E5%A4%9A%20db19793d87f549c3ba08ccdb17b42c9e.md),9787510889615,"历史 (Reading/Category/%E5%8E%86%E5%8F%B2%201a0d5f76b6ef49c08c573167fa6554dc.md), 社科 (Reading/Category/%E7%A4%BE%E7%A7%91%208329bdf601ac465ca4e46a05103e22c7.md)",1,,,"January 23, 2025 4:30 PM","January 23, 2025 4:41 PM"
白痴,13,陀思妥耶夫斯基 (Reading/Author/%E9%99%80%E6%80%9D%E5%A6%A5%E8%80%B6%E5%A4%AB%E6%96%AF%E5%9F%BA%20cccbf1ca36f64ef0bbe6eda7c91537b8.md),重庆出版社 (Reading/Publisher/%E9%87%8D%E5%BA%86%E5%87%BA%E7%89%88%E7%A4%BE%207c1434d0d4a64b189b6d25bb6a8682f9.md),孔夫子 (Reading/Platform/%E5%AD%94%E5%A4%AB%E5%AD%90%20e9c2ade3c3594415ab366417a820055f.md),9787536690363,长篇 (Reading/Category/%E9%95%BF%E7%AF%87%206b4e322679ec4c5e98aaa5526375f168.md),0.5,,,"January 19, 2025 9:25 PM","January 23, 2025 4:26 PM"
复活,8,托尔斯泰 (Reading/Author/%E6%89%98%E5%B0%94%E6%96%AF%E6%B3%B0%208fcf6a9b30274838bcaecb66923b71db.md),重庆出版社 (Reading/Publisher/%E9%87%8D%E5%BA%86%E5%87%BA%E7%89%88%E7%A4%BE%207c1434d0d4a64b189b6d25bb6a8682f9.md),孔夫子 (Reading/Platform/%E5%AD%94%E5%A4%AB%E5%AD%90%20e9c2ade3c3594415ab366417a820055f.md),9787536691841,长篇 (Reading/Category/%E9%95%BF%E7%AF%87%206b4e322679ec4c5e98aaa5526375f168.md),0.5,,,"January 19, 2025 9:25 PM","January 23, 2025 4:23 PM"
泰戈尔诗化小说,7.37,泰戈尔 (Reading/Author/%E6%B3%B0%E6%88%88%E5%B0%94%20063a09746adc4051913684dc8eb9f377.md),上海文艺出版社 (Reading/Publisher/%E4%B8%8A%E6%B5%B7%E6%96%87%E8%89%BA%E5%87%BA%E7%89%88%E7%A4%BE%20bd4fac4bc10942118ef6a8c56b2a301f.md),拼多多 (Reading/Platform/%E6%8B%BC%E5%A4%9A%E5%A4%9A%20db19793d87f549c3ba08ccdb17b42c9e.md),9787532143603,短篇 (Reading/Category/%E7%9F%AD%E7%AF%87%207cecd2c07ba6415e84f853878c8539bf.md),1,100,9,"November 8, 2023 5:44 PM","January 19, 2025 2:19 PM"
死屋手记,24.83,陀思妥耶夫斯基 (Reading/Author/%E9%99%80%E6%80%9D%E5%A6%A5%E8%80%B6%E5%A4%AB%E6%96%AF%E5%9F%BA%20cccbf1ca36f64ef0bbe6eda7c91537b8.md),生活·读书·新知三联书店 (Reading/Publisher/%E7%94%9F%E6%B4%BB%C2%B7%E8%AF%BB%E4%B9%A6%C2%B7%E6%96%B0%E7%9F%A5%E4%B8%89%E8%81%94%E4%B9%A6%E5%BA%97%20bff057dbdeb44d178d8b7071482927c2.md),淘宝 (Reading/Platform/%E6%B7%98%E5%AE%9D%20c7f52ce2740b41f98aef55e4ce0688de.md),9787108069122,长篇 (Reading/Category/%E9%95%BF%E7%AF%87%206b4e322679ec4c5e98aaa5526375f168.md),1,,,"January 17, 2025 10:01 AM","January 17, 2025 1:08 PM"
罗生门（售出）,0.01,芥川龙之介 (Reading/Author/%E8%8A%A5%E5%B7%9D%E9%BE%99%E4%B9%8B%E4%BB%8B%20726180c7e92a43da84869c25a7d90615.md),吉林出版集团 (Reading/Publisher/%E5%90%89%E6%9E%97%E5%87%BA%E7%89%88%E9%9B%86%E5%9B%A2%20735a867d5032439db7ca417c8e19e903.md),番茄 (Reading/Platform/%E7%95%AA%E8%8C%84%20bb113666fc9f49d1ad34f06fead7f835.md),9787546383934,短篇 (Reading/Category/%E7%9F%AD%E7%AF%87%207cecd2c07ba6415e84f853878c8539bf.md),0,-1,,"December 6, 2023 6:59 PM","January 17, 2025 11:25 AM"
博世,0,其它 (Reading/Author/%E5%85%B6%E5%AE%83%20562b510967874f97ae9a82328b0fd99a.md),生活·读书·新知三联书店 (Reading/Publisher/%E7%94%9F%E6%B4%BB%C2%B7%E8%AF%BB%E4%B9%A6%C2%B7%E6%96%B0%E7%9F%A5%E4%B8%89%E8%81%94%E4%B9%A6%E5%BA%97%20bff057dbdeb44d178d8b7071482927c2.md),赠送 (Reading/Platform/%E8%B5%A0%E9%80%81%20455e7d509df3444ebf2c9c50269c654b.md),9787100243230,传记 (Reading/Category/%E4%BC%A0%E8%AE%B0%20d20abb37fd72446d93c2f8215c227319.md),1,,,"January 17, 2025 10:28 AM","January 17, 2025 10:33 AM"
白夜,10.92,陀思妥耶夫斯基 (Reading/Author/%E9%99%80%E6%80%9D%E5%A6%A5%E8%80%B6%E5%A4%AB%E6%96%AF%E5%9F%BA%20cccbf1ca36f64ef0bbe6eda7c91537b8.md),漓江出版社 (Reading/Publisher/%E6%BC%93%E6%B1%9F%E5%87%BA%E7%89%88%E7%A4%BE%205ceaba55a24d495a85bb9fd2cf54d786.md),拼多多 (Reading/Platform/%E6%8B%BC%E5%A4%9A%E5%A4%9A%20db19793d87f549c3ba08ccdb17b42c9e.md),9787540794156,短篇 (Reading/Category/%E7%9F%AD%E7%AF%87%207cecd2c07ba6415e84f853878c8539bf.md),1,,,"January 17, 2025 10:22 AM","January 17, 2025 10:27 AM"
呼兰河传（售出）,0.01,萧红 (Reading/Author/%E8%90%A7%E7%BA%A2%20a765fc21cc7a4c10a6c1afd8b15e175c.md),中国华侨出版社 (Reading/Publisher/%E4%B8%AD%E5%9B%BD%E5%8D%8E%E4%BE%A8%E5%87%BA%E7%89%88%E7%A4%BE%202fe0dbdda44f43f78910cc6ad3efdc38.md),番茄 (Reading/Platform/%E7%95%AA%E8%8C%84%20bb113666fc9f49d1ad34f06fead7f835.md),9787511373786,长篇 (Reading/Category/%E9%95%BF%E7%AF%87%206b4e322679ec4c5e98aaa5526375f168.md),0,-1,,"January 10, 2024 9:55 PM","January 17, 2025 9:34 AM"
生死场（售出）,0.01,萧红 (Reading/Author/%E8%90%A7%E7%BA%A2%20a765fc21cc7a4c10a6c1afd8b15e175c.md),民主与建设出版社 (Reading/Publisher/%E6%B0%91%E4%B8%BB%E4%B8%8E%E5%BB%BA%E8%AE%BE%E5%87%BA%E7%89%88%E7%A4%BE%20dff3b09d8cdd4c5a8ac858e66e8c6685.md),番茄 (Reading/Platform/%E7%95%AA%E8%8C%84%20bb113666fc9f49d1ad34f06fead7f835.md),9787513921039,长篇 (Reading/Category/%E9%95%BF%E7%AF%87%206b4e322679ec4c5e98aaa5526375f168.md),0,-1,,"January 10, 2024 9:55 PM","January 17, 2025 9:34 AM"
远大前程（售出）,-5.29,狄更斯 (Reading/Author/%E7%8B%84%E6%9B%B4%E6%96%AF%20a1ebe919508448288ab0e3ed041ff1dd.md),"万卷出版公司 (Reading/Publisher/%E4%B8%87%E5%8D%B7%E5%87%BA%E7%89%88%E5%85%AC%E5%8F%B8%20d74e9fc1d19d489193df7803a3ad761f.md), 果麦 (Reading/Publisher/%E6%9E%9C%E9%BA%A6%20eab69198a3ab4d18839c72f592c9c46b.md)",拼多多 (Reading/Platform/%E6%8B%BC%E5%A4%9A%E5%A4%9A%20db19793d87f549c3ba08ccdb17b42c9e.md),9787547062593,长篇 (Reading/Category/%E9%95%BF%E7%AF%87%206b4e322679ec4c5e98aaa5526375f168.md),0.5,-1,8,"October 12, 2023 2:18 PM","January 17, 2025 9:32 AM"
理智与情感（售出）,-0.31,简·奥斯汀 (Reading/Author/%E7%AE%80%C2%B7%E5%A5%A5%E6%96%AF%E6%B1%80%204e5c7829bd9a4c71ae2400a8d910adda.md),"天津人民出版社 (Reading/Publisher/%E5%A4%A9%E6%B4%A5%E4%BA%BA%E6%B0%91%E5%87%BA%E7%89%88%E7%A4%BE%2043eaef3726f04adeaecbdeaad42fe66b.md), 果麦 (Reading/Publisher/%E6%9E%9C%E9%BA%A6%20eab69198a3ab4d18839c72f592c9c46b.md)",拼多多 (Reading/Platform/%E6%8B%BC%E5%A4%9A%E5%A4%9A%20db19793d87f549c3ba08ccdb17b42c9e.md),9787201141305,长篇 (Reading/Category/%E9%95%BF%E7%AF%87%206b4e322679ec4c5e98aaa5526375f168.md),0.7,-1,8,"October 17, 2023 2:17 PM","January 17, 2025 9:29 AM"
白痴（售出）,3,陀思妥耶夫斯基 (Reading/Author/%E9%99%80%E6%80%9D%E5%A6%A5%E8%80%B6%E5%A4%AB%E6%96%AF%E5%9F%BA%20cccbf1ca36f64ef0bbe6eda7c91537b8.md),"山东文艺出版社 (Reading/Publisher/%E5%B1%B1%E4%B8%9C%E6%96%87%E8%89%BA%E5%87%BA%E7%89%88%E7%A4%BE%205669eab7521c426a9d5488e5284420fb.md), 果麦 (Reading/Publisher/%E6%9E%9C%E9%BA%A6%20eab69198a3ab4d18839c72f592c9c46b.md)",孔夫子 (Reading/Platform/%E5%AD%94%E5%A4%AB%E5%AD%90%20e9c2ade3c3594415ab366417a820055f.md),9787532963478,长篇 (Reading/Category/%E9%95%BF%E7%AF%87%206b4e322679ec4c5e98aaa5526375f168.md),0.9,-1,10,"October 19, 2023 12:42 PM","January 17, 2025 9:29 AM"
一个陌生女人的来信（售出）,-1.36,茨威格 (Reading/Author/%E8%8C%A8%E5%A8%81%E6%A0%BC%200f25776e017f4d36b31ba4257f4ebaa9.md),"时代文艺出版社 (Reading/Publisher/%E6%97%B6%E4%BB%A3%E6%96%87%E8%89%BA%E5%87%BA%E7%89%88%E7%A4%BE%20f0e0aa6d770549c5b491f6c63a3c552d.md), 科文图书 (Reading/Publisher/%E7%A7%91%E6%96%87%E5%9B%BE%E4%B9%A6%205dde888283ee4526b64b4436fe289e2d.md)",淘宝 (Reading/Platform/%E6%B7%98%E5%AE%9D%20c7f52ce2740b41f98aef55e4ce0688de.md),9787538754872,短篇 (Reading/Category/%E7%9F%AD%E7%AF%87%207cecd2c07ba6415e84f853878c8539bf.md),0.7,-1,10,"October 30, 2023 10:54 AM","January 17, 2025 9:29 AM"
傲慢与偏见（售出）,-0.01,简·奥斯汀 (Reading/Author/%E7%AE%80%C2%B7%E5%A5%A5%E6%96%AF%E6%B1%80%204e5c7829bd9a4c71ae2400a8d910adda.md),译林出版社 (Reading/Publisher/%E8%AF%91%E6%9E%97%E5%87%BA%E7%89%88%E7%A4%BE%209928c83dbb0947949034efce236fe3b8.md),番茄 (Reading/Platform/%E7%95%AA%E8%8C%84%20bb113666fc9f49d1ad34f06fead7f835.md),9787544774697,长篇 (Reading/Category/%E9%95%BF%E7%AF%87%206b4e322679ec4c5e98aaa5526375f168.md),0.7,-1,10,"November 29, 2023 11:28 AM","January 17, 2025 9:28 AM"
瓦尔登湖（售出）,-5.8,梭罗 (Reading/Author/%E6%A2%AD%E7%BD%97%20939e86a407124afdba2dca800f9b028c.md),中国华侨出版社 (Reading/Publisher/%E4%B8%AD%E5%9B%BD%E5%8D%8E%E4%BE%A8%E5%87%BA%E7%89%88%E7%A4%BE%202fe0dbdda44f43f78910cc6ad3efdc38.md),番茄 (Reading/Platform/%E7%95%AA%E8%8C%84%20bb113666fc9f49d1ad34f06fead7f835.md),9787511372901,长篇 (Reading/Category/%E9%95%BF%E7%AF%87%206b4e322679ec4c5e98aaa5526375f168.md),0,-1,,"December 3, 2023 6:15 PM","January 17, 2025 9:27 AM"
茶馆（售出）,1.5,老舍 (Reading/Author/%E8%80%81%E8%88%8D%20bddbf030fe444ed7bfa585aae1b19b29.md),中国华侨出版社 (Reading/Publisher/%E4%B8%AD%E5%9B%BD%E5%8D%8E%E4%BE%A8%E5%87%BA%E7%89%88%E7%A4%BE%202fe0dbdda44f43f78910cc6ad3efdc38.md),番茄 (Reading/Platform/%E7%95%AA%E8%8C%84%20bb113666fc9f49d1ad34f06fead7f835.md),9787511378835,戏剧 (Reading/Category/%E6%88%8F%E5%89%A7%20e786d4f51d774802a89bd5322357426f.md),0,-1,,"December 3, 2023 6:16 PM","January 17, 2025 9:27 AM"
格林童话（售出）,-9.9,格林兄弟 (Reading/Author/%E6%A0%BC%E6%9E%97%E5%85%84%E5%BC%9F%2065b7bbbc589a45c2a90f6b48556dc364.md),中央编译出版社 (Reading/Publisher/%E4%B8%AD%E5%A4%AE%E7%BC%96%E8%AF%91%E5%87%BA%E7%89%88%E7%A4%BE%201652895c29a14119a795cb013332cd08.md),番茄 (Reading/Platform/%E7%95%AA%E8%8C%84%20bb113666fc9f49d1ad34f06fead7f835.md),9787511725424,短篇 (Reading/Category/%E7%9F%AD%E7%AF%87%207cecd2c07ba6415e84f853878c8539bf.md),0,-1,,"December 7, 2023 6:30 PM","January 17, 2025 9:27 AM"
海底两万里（售出）,-9.9,凡尔纳 (Reading/Author/%E5%87%A1%E5%B0%94%E7%BA%B3%20bb837287703e4f4ead7ffb503f1ff67e.md),中央编译出版社 (Reading/Publisher/%E4%B8%AD%E5%A4%AE%E7%BC%96%E8%AF%91%E5%87%BA%E7%89%88%E7%A4%BE%201652895c29a14119a795cb013332cd08.md),番茄 (Reading/Platform/%E7%95%AA%E8%8C%84%20bb113666fc9f49d1ad34f06fead7f835.md),9787511724724,长篇 (Reading/Category/%E9%95%BF%E7%AF%87%206b4e322679ec4c5e98aaa5526375f168.md),0,-1,,"December 7, 2023 6:33 PM","January 17, 2025 9:27 AM"
一千零一夜（售出）,-9.9,其它 (Reading/Author/%E5%85%B6%E5%AE%83%20562b510967874f97ae9a82328b0fd99a.md),中央编译出版社 (Reading/Publisher/%E4%B8%AD%E5%A4%AE%E7%BC%96%E8%AF%91%E5%87%BA%E7%89%88%E7%A4%BE%201652895c29a14119a795cb013332cd08.md),番茄 (Reading/Platform/%E7%95%AA%E8%8C%84%20bb113666fc9f49d1ad34f06fead7f835.md),9787511724663,短篇 (Reading/Category/%E7%9F%AD%E7%AF%87%207cecd2c07ba6415e84f853878c8539bf.md),0,-1,,"December 8, 2023 2:56 PM","January 17, 2025 9:26 AM"
快乐王子（售出）,-9.9,王尔德 (Reading/Author/%E7%8E%8B%E5%B0%94%E5%BE%B7%20b52aafe66fbc45ccaf3a84b652b16931.md),中央编译出版社 (Reading/Publisher/%E4%B8%AD%E5%A4%AE%E7%BC%96%E8%AF%91%E5%87%BA%E7%89%88%E7%A4%BE%201652895c29a14119a795cb013332cd08.md),番茄 (Reading/Platform/%E7%95%AA%E8%8C%84%20bb113666fc9f49d1ad34f06fead7f835.md),9787511726421,长篇 (Reading/Category/%E9%95%BF%E7%AF%87%206b4e322679ec4c5e98aaa5526375f168.md),0,-1,,"December 8, 2023 2:57 PM","January 17, 2025 9:26 AM"
汤姆叔叔的小屋（售出）,-9.9,斯托夫人 (Reading/Author/%E6%96%AF%E6%89%98%E5%A4%AB%E4%BA%BA%206ffd4c215d0144d7b07edd2099d41699.md),中央编译出版社 (Reading/Publisher/%E4%B8%AD%E5%A4%AE%E7%BC%96%E8%AF%91%E5%87%BA%E7%89%88%E7%A4%BE%201652895c29a14119a795cb013332cd08.md),番茄 (Reading/Platform/%E7%95%AA%E8%8C%84%20bb113666fc9f49d1ad34f06fead7f835.md),9787511725448,长篇 (Reading/Category/%E9%95%BF%E7%AF%87%206b4e322679ec4c5e98aaa5526375f168.md),0,-1,,"December 9, 2023 2:38 PM","January 17, 2025 9:26 AM"
安徒生童话（售出）,-9.9,安徒生 (Reading/Author/%E5%AE%89%E5%BE%92%E7%94%9F%207bedd0351c904d16b1ff1a77abc9e045.md),中央编译出版社 (Reading/Publisher/%E4%B8%AD%E5%A4%AE%E7%BC%96%E8%AF%91%E5%87%BA%E7%89%88%E7%A4%BE%201652895c29a14119a795cb013332cd08.md),番茄 (Reading/Platform/%E7%95%AA%E8%8C%84%20bb113666fc9f49d1ad34f06fead7f835.md),9787511725431,短篇 (Reading/Category/%E7%9F%AD%E7%AF%87%207cecd2c07ba6415e84f853878c8539bf.md),0,-1,,"December 9, 2023 2:40 PM","January 17, 2025 9:26 AM"
智慧书（售出）,-9.9,葛拉西安 (Reading/Author/%E8%91%9B%E6%8B%89%E8%A5%BF%E5%AE%89%20917eadd2295748a4967236a71983f238.md),中央编译出版社 (Reading/Publisher/%E4%B8%AD%E5%A4%AE%E7%BC%96%E8%AF%91%E5%87%BA%E7%89%88%E7%A4%BE%201652895c29a14119a795cb013332cd08.md),番茄 (Reading/Platform/%E7%95%AA%E8%8C%84%20bb113666fc9f49d1ad34f06fead7f835.md),9787802118539,社科 (Reading/Category/%E7%A4%BE%E7%A7%91%208329bdf601ac465ca4e46a05103e22c7.md),0,-1,,"December 9, 2023 2:41 PM","January 17, 2025 9:26 AM"
八十天环游地球（售出）,-9.9,凡尔纳 (Reading/Author/%E5%87%A1%E5%B0%94%E7%BA%B3%20bb837287703e4f4ead7ffb503f1ff67e.md),中央编译出版社 (Reading/Publisher/%E4%B8%AD%E5%A4%AE%E7%BC%96%E8%AF%91%E5%87%BA%E7%89%88%E7%A4%BE%201652895c29a14119a795cb013332cd08.md),番茄 (Reading/Platform/%E7%95%AA%E8%8C%84%20bb113666fc9f49d1ad34f06fead7f835.md),9787511724700,长篇 (Reading/Category/%E9%95%BF%E7%AF%87%206b4e322679ec4c5e98aaa5526375f168.md),0,-1,,"December 10, 2023 8:54 PM","January 17, 2025 9:25 AM"
水孩子（售出）,-9.9,金斯利 (Reading/Author/%E9%87%91%E6%96%AF%E5%88%A9%2044358a786b0e4bab87ce5b66c7953449.md),中央编译出版社 (Reading/Publisher/%E4%B8%AD%E5%A4%AE%E7%BC%96%E8%AF%91%E5%87%BA%E7%89%88%E7%A4%BE%201652895c29a14119a795cb013332cd08.md),番茄 (Reading/Platform/%E7%95%AA%E8%8C%84%20bb113666fc9f49d1ad34f06fead7f835.md),9787511726186,长篇 (Reading/Category/%E9%95%BF%E7%AF%87%206b4e322679ec4c5e98aaa5526375f168.md),0,-1,,"December 10, 2023 8:55 PM","January 17, 2025 9:25 AM"
漫步遐想录（售出）,-9.9,卢梭 (Reading/Author/%E5%8D%A2%E6%A2%AD%200285e5f9b46c4e19913132833730d51c.md),中央编译出版社 (Reading/Publisher/%E4%B8%AD%E5%A4%AE%E7%BC%96%E8%AF%91%E5%87%BA%E7%89%88%E7%A4%BE%201652895c29a14119a795cb013332cd08.md),番茄 (Reading/Platform/%E7%95%AA%E8%8C%84%20bb113666fc9f49d1ad34f06fead7f835.md),9787511703767,散文 (Reading/Category/%E6%95%A3%E6%96%87%20d94c81dc272b4510b64387a9402d125c.md),0,-1,,"December 10, 2023 8:57 PM","January 17, 2025 9:25 AM"
爱的教育（售出）,-9.9,亚米契斯 (Reading/Author/%E4%BA%9A%E7%B1%B3%E5%A5%91%E6%96%AF%209b7eb11285544e77ab1fba4f1676a1e0.md),中央编译出版社 (Reading/Publisher/%E4%B8%AD%E5%A4%AE%E7%BC%96%E8%AF%91%E5%87%BA%E7%89%88%E7%A4%BE%201652895c29a14119a795cb013332cd08.md),番茄 (Reading/Platform/%E7%95%AA%E8%8C%84%20bb113666fc9f49d1ad34f06fead7f835.md),9787511724694,长篇 (Reading/Category/%E9%95%BF%E7%AF%87%206b4e322679ec4c5e98aaa5526375f168.md),0,-1,,"December 13, 2023 8:30 PM","January 17, 2025 9:25 AM"
简•爱（售出）,-5.1,夏洛蒂·勃朗特 (Reading/Author/%E5%A4%8F%E6%B4%9B%E8%92%82%C2%B7%E5%8B%83%E6%9C%97%E7%89%B9%20112100a2d6be475888f8fe48b5f49e59.md),译林出版社 (Reading/Publisher/%E8%AF%91%E6%9E%97%E5%87%BA%E7%89%88%E7%A4%BE%209928c83dbb0947949034efce236fe3b8.md),番茄 (Reading/Platform/%E7%95%AA%E8%8C%84%20bb113666fc9f49d1ad34f06fead7f835.md),9787544774666,长篇 (Reading/Category/%E9%95%BF%E7%AF%87%206b4e322679ec4c5e98aaa5526375f168.md),0.5,-1,8,"December 15, 2023 3:12 PM","January 17, 2025 9:24 AM"
变形记·城堡（售出）,-9.99,卡夫卡 (Reading/Author/%E5%8D%A1%E5%A4%AB%E5%8D%A1%20e23e0f36b6ca4315987d65077ea8e288.md),译林出版社 (Reading/Publisher/%E8%AF%91%E6%9E%97%E5%87%BA%E7%89%88%E7%A4%BE%209928c83dbb0947949034efce236fe3b8.md),番茄 (Reading/Platform/%E7%95%AA%E8%8C%84%20bb113666fc9f49d1ad34f06fead7f835.md),9787544777292,长篇 (Reading/Category/%E9%95%BF%E7%AF%87%206b4e322679ec4c5e98aaa5526375f168.md),0,-1,,"December 16, 2023 10:11 AM","January 17, 2025 9:24 AM"
花间集精赏（售出）,0.01,其它 (Reading/Author/%E5%85%B6%E5%AE%83%20562b510967874f97ae9a82328b0fd99a.md),北京联合出版公司 (Reading/Publisher/%E5%8C%97%E4%BA%AC%E8%81%94%E5%90%88%E5%87%BA%E7%89%88%E5%85%AC%E5%8F%B8%20371c06c64a4f48e3932001ab121d7992.md),番茄 (Reading/Platform/%E7%95%AA%E8%8C%84%20bb113666fc9f49d1ad34f06fead7f835.md),9787559636706,"诗歌 (Reading/Category/%E8%AF%97%E6%AD%8C%206d14d7489136407a8593422aa182b379.md), 经典 (Reading/Category/%E7%BB%8F%E5%85%B8%20e210ce3838764a44bf39c141b13e0070.md)",0,-1,,"December 23, 2023 2:28 PM","January 17, 2025 9:24 AM"
老人与海（售出）,-4.99,海明威 (Reading/Author/%E6%B5%B7%E6%98%8E%E5%A8%81%2012e96aac2aed42d7ab182fe4468d2677.md),中央编译出版社 (Reading/Publisher/%E4%B8%AD%E5%A4%AE%E7%BC%96%E8%AF%91%E5%87%BA%E7%89%88%E7%A4%BE%201652895c29a14119a795cb013332cd08.md),番茄 (Reading/Platform/%E7%95%AA%E8%8C%84%20bb113666fc9f49d1ad34f06fead7f835.md),9787511724670,短篇 (Reading/Category/%E7%9F%AD%E7%AF%87%207cecd2c07ba6415e84f853878c8539bf.md),0.5,-1,7,"December 27, 2023 10:02 AM","January 17, 2025 9:23 AM"
鲁滨孙漂流记（售出）,-4.99,笛福 (Reading/Author/%E7%AC%9B%E7%A6%8F%20d1e9cdc276e7457cbd0f891085ffbcd8.md),中央编译出版社 (Reading/Publisher/%E4%B8%AD%E5%A4%AE%E7%BC%96%E8%AF%91%E5%87%BA%E7%89%88%E7%A4%BE%201652895c29a14119a795cb013332cd08.md),番茄 (Reading/Platform/%E7%95%AA%E8%8C%84%20bb113666fc9f49d1ad34f06fead7f835.md),9787511724625,长篇 (Reading/Category/%E9%95%BF%E7%AF%87%206b4e322679ec4c5e98aaa5526375f168.md),0.5,-1,8,"December 27, 2023 10:02 AM","January 17, 2025 9:23 AM"
朝花夕拾（售出）,0.01,鲁迅 (Reading/Author/%E9%B2%81%E8%BF%85%2019809c6ab49642a3a6a9786dd0e2b846.md),,番茄 (Reading/Platform/%E7%95%AA%E8%8C%84%20bb113666fc9f49d1ad34f06fead7f835.md),9787511037725,散文 (Reading/Category/%E6%95%A3%E6%96%87%20d94c81dc272b4510b64387a9402d125c.md),0,-1,,"December 27, 2023 11:09 AM","January 17, 2025 9:23 AM"
双城记（售出）,-5.01,狄更斯 (Reading/Author/%E7%8B%84%E6%9B%B4%E6%96%AF%20a1ebe919508448288ab0e3ed041ff1dd.md),"作家出版社 (Reading/Publisher/%E4%BD%9C%E5%AE%B6%E5%87%BA%E7%89%88%E7%A4%BE%20f7a0e637f1214e3f924512bbe55247b8.md), 科文图书 (Reading/Publisher/%E7%A7%91%E6%96%87%E5%9B%BE%E4%B9%A6%205dde888283ee4526b64b4436fe289e2d.md)",番茄 (Reading/Platform/%E7%95%AA%E8%8C%84%20bb113666fc9f49d1ad34f06fead7f835.md),9787506379809,长篇 (Reading/Category/%E9%95%BF%E7%AF%87%206b4e322679ec4c5e98aaa5526375f168.md),0.3,-1,9,"December 29, 2023 3:26 PM","January 17, 2025 9:23 AM"
沙乡年鉴（售出）,-5.92,奥尔多·利奥波德 (Reading/Author/%E5%A5%A5%E5%B0%94%E5%A4%9A%C2%B7%E5%88%A9%E5%A5%A5%E6%B3%A2%E5%BE%B7%20a59dfac749754ed991e9b76db9679667.md),中国华侨出版社 (Reading/Publisher/%E4%B8%AD%E5%9B%BD%E5%8D%8E%E4%BE%A8%E5%87%BA%E7%89%88%E7%A4%BE%202fe0dbdda44f43f78910cc6ad3efdc38.md),番茄 (Reading/Platform/%E7%95%AA%E8%8C%84%20bb113666fc9f49d1ad34f06fead7f835.md),9787511376121,散文 (Reading/Category/%E6%95%A3%E6%96%87%20d94c81dc272b4510b64387a9402d125c.md),0,-1,,"January 1, 2024 1:13 PM","January 17, 2025 9:22 AM"
人间失格（售出）,-8,太宰治 (Reading/Author/%E5%A4%AA%E5%AE%B0%E6%B2%BB%20e4c1eb4c140946d6b2e80400c29beca7.md),"作家出版社 (Reading/Publisher/%E4%BD%9C%E5%AE%B6%E5%87%BA%E7%89%88%E7%A4%BE%20f7a0e637f1214e3f924512bbe55247b8.md), 科文图书 (Reading/Publisher/%E7%A7%91%E6%96%87%E5%9B%BE%E4%B9%A6%205dde888283ee4526b64b4436fe289e2d.md)",赠送 (Reading/Platform/%E8%B5%A0%E9%80%81%20455e7d509df3444ebf2c9c50269c654b.md),9787506380263,短篇 (Reading/Category/%E7%9F%AD%E7%AF%87%207cecd2c07ba6415e84f853878c8539bf.md),0.3,-1,6,"January 1, 2024 1:29 PM","January 17, 2025 9:22 AM"
童年（售出）,-7.99,高尔基 (Reading/Author/%E9%AB%98%E5%B0%94%E5%9F%BA%20c9f53fe2defa45c89e6d62db1d43ac22.md),中央编译出版社 (Reading/Publisher/%E4%B8%AD%E5%A4%AE%E7%BC%96%E8%AF%91%E5%87%BA%E7%89%88%E7%A4%BE%201652895c29a14119a795cb013332cd08.md),番茄 (Reading/Platform/%E7%95%AA%E8%8C%84%20bb113666fc9f49d1ad34f06fead7f835.md),9787511725356,长篇 (Reading/Category/%E9%95%BF%E7%AF%87%206b4e322679ec4c5e98aaa5526375f168.md),0.3,-1,9,"January 4, 2024 9:28 PM","January 17, 2025 9:22 AM"
容忍与自由（售出）,0.2,胡适 (Reading/Author/%E8%83%A1%E9%80%82%20cce3b92be3e94ec8ad2ae32bac57527f.md),中国华侨出版社 (Reading/Publisher/%E4%B8%AD%E5%9B%BD%E5%8D%8E%E4%BE%A8%E5%87%BA%E7%89%88%E7%A4%BE%202fe0dbdda44f43f78910cc6ad3efdc38.md),番茄 (Reading/Platform/%E7%95%AA%E8%8C%84%20bb113666fc9f49d1ad34f06fead7f835.md),9787511383471,社科 (Reading/Category/%E7%A4%BE%E7%A7%91%208329bdf601ac465ca4e46a05103e22c7.md),0.3,-1,10,"January 8, 2024 5:08 PM","January 17, 2025 9:21 AM"
骆驼祥子（售出）,0.01,老舍 (Reading/Author/%E8%80%81%E8%88%8D%20bddbf030fe444ed7bfa585aae1b19b29.md),中国文联出版社 (Reading/Publisher/%E4%B8%AD%E5%9B%BD%E6%96%87%E8%81%94%E5%87%BA%E7%89%88%E7%A4%BE%20733311d93c8a47daa5115bac2c978824.md),番茄 (Reading/Platform/%E7%95%AA%E8%8C%84%20bb113666fc9f49d1ad34f06fead7f835.md),9787519033736,长篇 (Reading/Category/%E9%95%BF%E7%AF%87%206b4e322679ec4c5e98aaa5526375f168.md),0,-1,,"January 10, 2024 9:56 PM","January 17, 2025 9:21 AM"
寂静的春天（售出）,-5.85,蕾切尔·卡逊 (Reading/Author/%E8%95%BE%E5%88%87%E5%B0%94%C2%B7%E5%8D%A1%E9%80%8A%205e014404e87347ab8d014e4903b3dc58.md),民主与建设出版社 (Reading/Publisher/%E6%B0%91%E4%B8%BB%E4%B8%8E%E5%BB%BA%E8%AE%BE%E5%87%BA%E7%89%88%E7%A4%BE%20dff3b09d8cdd4c5a8ac858e66e8c6685.md),番茄 (Reading/Platform/%E7%95%AA%E8%8C%84%20bb113666fc9f49d1ad34f06fead7f835.md),9787513927826,长篇 (Reading/Category/%E9%95%BF%E7%AF%87%206b4e322679ec4c5e98aaa5526375f168.md),0,-1,,"January 10, 2024 9:57 PM","January 17, 2025 9:21 AM"
雾都孤儿（售出）,-1,狄更斯 (Reading/Author/%E7%8B%84%E6%9B%B4%E6%96%AF%20a1ebe919508448288ab0e3ed041ff1dd.md),中央编译出版社 (Reading/Publisher/%E4%B8%AD%E5%A4%AE%E7%BC%96%E8%AF%91%E5%87%BA%E7%89%88%E7%A4%BE%201652895c29a14119a795cb013332cd08.md),番茄 (Reading/Platform/%E7%95%AA%E8%8C%84%20bb113666fc9f49d1ad34f06fead7f835.md),9787511726995,长篇 (Reading/Category/%E9%95%BF%E7%AF%87%206b4e322679ec4c5e98aaa5526375f168.md),0.3,-1,7,"March 8, 2024 4:20 PM","January 17, 2025 9:20 AM"
复活（售出）,-6.3,托尔斯泰 (Reading/Author/%E6%89%98%E5%B0%94%E6%96%AF%E6%B3%B0%208fcf6a9b30274838bcaecb66923b71db.md),"天津人民出版社 (Reading/Publisher/%E5%A4%A9%E6%B4%A5%E4%BA%BA%E6%B0%91%E5%87%BA%E7%89%88%E7%A4%BE%2043eaef3726f04adeaecbdeaad42fe66b.md), 果麦 (Reading/Publisher/%E6%9E%9C%E9%BA%A6%20eab69198a3ab4d18839c72f592c9c46b.md)",孔夫子 (Reading/Platform/%E5%AD%94%E5%A4%AB%E5%AD%90%20e9c2ade3c3594415ab366417a820055f.md),9787201104966,长篇 (Reading/Category/%E9%95%BF%E7%AF%87%206b4e322679ec4c5e98aaa5526375f168.md),0.5,-1,10,"April 5, 2024 1:07 PM","January 17, 2025 9:19 AM"
吹牛大王历险记（售出）,-9.9,"毕尔格 (Reading/Author/%E6%AF%95%E5%B0%94%E6%A0%BC%206dcbf3d3916a4c9c95aac5010ac1cbe7.md), 拉斯伯 (Reading/Author/%E6%8B%89%E6%96%AF%E4%BC%AF%205ee085ded67f43e7bbb89a4b2082d80e.md)",译林出版社 (Reading/Publisher/%E8%AF%91%E6%9E%97%E5%87%BA%E7%89%88%E7%A4%BE%209928c83dbb0947949034efce236fe3b8.md),小红书 (Reading/Platform/%E5%B0%8F%E7%BA%A2%E4%B9%A6%2004487b4fe4c1440ca492f3368928efed.md),9787544767613,长篇 (Reading/Category/%E9%95%BF%E7%AF%87%206b4e322679ec4c5e98aaa5526375f168.md),0,-1,,"April 16, 2024 8:16 PM","January 17, 2025 9:19 AM"
百万英镑（售出）,0.67,马克·吐温 (Reading/Author/%E9%A9%AC%E5%85%8B%C2%B7%E5%90%90%E6%B8%A9%207a2b878727b14caa87821adafa584a37.md),中央编译出版社 (Reading/Publisher/%E4%B8%AD%E5%A4%AE%E7%BC%96%E8%AF%91%E5%87%BA%E7%89%88%E7%A4%BE%201652895c29a14119a795cb013332cd08.md),京东 (Reading/Platform/%E4%BA%AC%E4%B8%9C%20991081d220754871a65ea5285ec56e3b.md),9787511727121,短篇 (Reading/Category/%E7%9F%AD%E7%AF%87%207cecd2c07ba6415e84f853878c8539bf.md),0.5,-1,9,"April 27, 2024 11:25 AM","January 17, 2025 9:18 AM"
呼啸山庄（售出）,0.74,艾米莉·勃朗特 (Reading/Author/%E8%89%BE%E7%B1%B3%E8%8E%89%C2%B7%E5%8B%83%E6%9C%97%E7%89%B9%20ed46675a1e1c49bcbb4789e093568a6d.md),中央编译出版社 (Reading/Publisher/%E4%B8%AD%E5%A4%AE%E7%BC%96%E8%AF%91%E5%87%BA%E7%89%88%E7%A4%BE%201652895c29a14119a795cb013332cd08.md),京东 (Reading/Platform/%E4%BA%AC%E4%B8%9C%20991081d220754871a65ea5285ec56e3b.md),9787511726162,长篇 (Reading/Category/%E9%95%BF%E7%AF%87%206b4e322679ec4c5e98aaa5526375f168.md),0.5,-1,10,"April 27, 2024 11:26 AM","January 17, 2025 9:18 AM"
三剑客（售出）,-6.26,大仲马 (Reading/Author/%E5%A4%A7%E4%BB%B2%E9%A9%AC%2073f84ef546314c92aaf90ba56d3ed0d2.md),译林出版社 (Reading/Publisher/%E8%AF%91%E6%9E%97%E5%87%BA%E7%89%88%E7%A4%BE%209928c83dbb0947949034efce236fe3b8.md),淘宝 (Reading/Platform/%E6%B7%98%E5%AE%9D%20c7f52ce2740b41f98aef55e4ce0688de.md),9787544731560,长篇 (Reading/Category/%E9%95%BF%E7%AF%87%206b4e322679ec4c5e98aaa5526375f168.md),0.7,-1,9,"May 9, 2024 10:09 AM","January 17, 2025 9:18 AM"
麦田里的守望者（售出）,-5.1,塞林格 (Reading/Author/%E5%A1%9E%E6%9E%97%E6%A0%BC%208fe315b4d92c43ed8a63fcc831abd263.md),译林出版社 (Reading/Publisher/%E8%AF%91%E6%9E%97%E5%87%BA%E7%89%88%E7%A4%BE%209928c83dbb0947949034efce236fe3b8.md),快团团 (Reading/Platform/%E5%BF%AB%E5%9B%A2%E5%9B%A2%20317b892c6e0f43948aec2aa865325c35.md),9787544711296,长篇 (Reading/Category/%E9%95%BF%E7%AF%87%206b4e322679ec4c5e98aaa5526375f168.md),0,-1,,"May 24, 2024 3:51 PM","January 17, 2025 9:17 AM"
最后一片叶子（售出）,0.54,欧·亨利 (Reading/Author/%E6%AC%A7%C2%B7%E4%BA%A8%E5%88%A9%208029bb00930b4bc98187f22b5d48c0b5.md),中央编译出版社 (Reading/Publisher/%E4%B8%AD%E5%A4%AE%E7%BC%96%E8%AF%91%E5%87%BA%E7%89%88%E7%A4%BE%201652895c29a14119a795cb013332cd08.md),抖音 (Reading/Platform/%E6%8A%96%E9%9F%B3%20bda2aad8d7a64269931fcf174a026721.md),9787511727145,短篇 (Reading/Category/%E7%9F%AD%E7%AF%87%207cecd2c07ba6415e84f853878c8539bf.md),0.2,-1,6,"June 4, 2024 8:08 PM","January 17, 2025 9:16 AM"
野性的呼唤（售出）,-5.8,杰克·伦敦 (Reading/Author/%E6%9D%B0%E5%85%8B%C2%B7%E4%BC%A6%E6%95%A6%200e9caf89eed44c58a0b8b23f570e0364.md),中央编译出版社 (Reading/Publisher/%E4%B8%AD%E5%A4%AE%E7%BC%96%E8%AF%91%E5%87%BA%E7%89%88%E7%A4%BE%201652895c29a14119a795cb013332cd08.md),京东 (Reading/Platform/%E4%BA%AC%E4%B8%9C%20991081d220754871a65ea5285ec56e3b.md),9787511727114,短篇 (Reading/Category/%E7%9F%AD%E7%AF%87%207cecd2c07ba6415e84f853878c8539bf.md),0,-1,,"June 9, 2024 10:21 AM","January 17, 2025 9:15 AM"
尤利西斯（售出）,-4.5,詹姆斯·乔伊斯 (Reading/Author/%E8%A9%B9%E5%A7%86%E6%96%AF%C2%B7%E4%B9%94%E4%BC%8A%E6%96%AF%200982ac7afc8a462ca52f9672f72fa598.md),译林出版社 (Reading/Publisher/%E8%AF%91%E6%9E%97%E5%87%BA%E7%89%88%E7%A4%BE%209928c83dbb0947949034efce236fe3b8.md),快团团 (Reading/Platform/%E5%BF%AB%E5%9B%A2%E5%9B%A2%20317b892c6e0f43948aec2aa865325c35.md),9787544712736,长篇 (Reading/Category/%E9%95%BF%E7%AF%87%206b4e322679ec4c5e98aaa5526375f168.md),0,-1,,"August 19, 2024 12:20 PM","January 17, 2025 9:15 AM"
基度山恩仇记（售出）,0,大仲马 (Reading/Author/%E5%A4%A7%E4%BB%B2%E9%A9%AC%2073f84ef546314c92aaf90ba56d3ed0d2.md),译林出版社 (Reading/Publisher/%E8%AF%91%E6%9E%97%E5%87%BA%E7%89%88%E7%A4%BE%209928c83dbb0947949034efce236fe3b8.md),拼多多 (Reading/Platform/%E6%8B%BC%E5%A4%9A%E5%A4%9A%20db19793d87f549c3ba08ccdb17b42c9e.md),9787544711661,长篇 (Reading/Category/%E9%95%BF%E7%AF%87%206b4e322679ec4c5e98aaa5526375f168.md),0.7,-1,10,"May 6, 2024 12:30 PM","January 12, 2025 10:50 AM"
堂吉诃德（售出）,0,塞万提斯 (Reading/Author/%E5%A1%9E%E4%B8%87%E6%8F%90%E6%96%AF%208aa770dc9ab54909a1e9746ccc653227.md),译林出版社 (Reading/Publisher/%E8%AF%91%E6%9E%97%E5%87%BA%E7%89%88%E7%A4%BE%209928c83dbb0947949034efce236fe3b8.md),快团团 (Reading/Platform/%E5%BF%AB%E5%9B%A2%E5%9B%A2%20317b892c6e0f43948aec2aa865325c35.md),9787544714877,长篇 (Reading/Category/%E9%95%BF%E7%AF%87%206b4e322679ec4c5e98aaa5526375f168.md),0,-1,,"August 4, 2024 12:59 PM","January 12, 2025 10:49 AM"
地下室手记（售出）,0,陀思妥耶夫斯基 (Reading/Author/%E9%99%80%E6%80%9D%E5%A6%A5%E8%80%B6%E5%A4%AB%E6%96%AF%E5%9F%BA%20cccbf1ca36f64ef0bbe6eda7c91537b8.md),"浙江文艺出版社 (Reading/Publisher/%E6%B5%99%E6%B1%9F%E6%96%87%E8%89%BA%E5%87%BA%E7%89%88%E7%A4%BE%20a1a3ebbcdfff41aba54adb589a51adf2.md), 果麦 (Reading/Publisher/%E6%9E%9C%E9%BA%A6%20eab69198a3ab4d18839c72f592c9c46b.md)",京东 (Reading/Platform/%E4%BA%AC%E4%B8%9C%20991081d220754871a65ea5285ec56e3b.md),9787533960414,长篇 (Reading/Category/%E9%95%BF%E7%AF%87%206b4e322679ec4c5e98aaa5526375f168.md),0.7,-1,10,"November 2, 2023 5:28 PM","January 12, 2025 10:48 AM"
少年（售出）,0,陀思妥耶夫斯基 (Reading/Author/%E9%99%80%E6%80%9D%E5%A6%A5%E8%80%B6%E5%A4%AB%E6%96%AF%E5%9F%BA%20cccbf1ca36f64ef0bbe6eda7c91537b8.md),上海译文出版社 (Reading/Publisher/%E4%B8%8A%E6%B5%B7%E8%AF%91%E6%96%87%E5%87%BA%E7%89%88%E7%A4%BE%202678101fd9c841e58f199d01b6c00513.md),京东 (Reading/Platform/%E4%BA%AC%E4%B8%9C%20991081d220754871a65ea5285ec56e3b.md),9787532763672,长篇 (Reading/Category/%E9%95%BF%E7%AF%87%206b4e322679ec4c5e98aaa5526375f168.md),0.7,-1,9,"April 27, 2024 11:17 AM","January 12, 2025 10:48 AM"
鬼（售出）,0,陀思妥耶夫斯基 (Reading/Author/%E9%99%80%E6%80%9D%E5%A6%A5%E8%80%B6%E5%A4%AB%E6%96%AF%E5%9F%BA%20cccbf1ca36f64ef0bbe6eda7c91537b8.md),上海译文出版社 (Reading/Publisher/%E4%B8%8A%E6%B5%B7%E8%AF%91%E6%96%87%E5%87%BA%E7%89%88%E7%A4%BE%202678101fd9c841e58f199d01b6c00513.md),孔夫子 (Reading/Platform/%E5%AD%94%E5%A4%AB%E5%AD%90%20e9c2ade3c3594415ab366417a820055f.md),9787532766130,长篇 (Reading/Category/%E9%95%BF%E7%AF%87%206b4e322679ec4c5e98aaa5526375f168.md),1,-1,10,"September 18, 2024 2:27 PM","January 12, 2025 10:47 AM"
死屋手记（售出）,0,陀思妥耶夫斯基 (Reading/Author/%E9%99%80%E6%80%9D%E5%A6%A5%E8%80%B6%E5%A4%AB%E6%96%AF%E5%9F%BA%20cccbf1ca36f64ef0bbe6eda7c91537b8.md),上海译文出版社 (Reading/Publisher/%E4%B8%8A%E6%B5%B7%E8%AF%91%E6%96%87%E5%87%BA%E7%89%88%E7%A4%BE%202678101fd9c841e58f199d01b6c00513.md),京东 (Reading/Platform/%E4%BA%AC%E4%B8%9C%20991081d220754871a65ea5285ec56e3b.md),9787532764617,长篇 (Reading/Category/%E9%95%BF%E7%AF%87%206b4e322679ec4c5e98aaa5526375f168.md),0.7,-1,9,"November 2, 2023 5:40 PM","January 12, 2025 10:46 AM"
被伤害与侮辱的人们（售出）,0,陀思妥耶夫斯基 (Reading/Author/%E9%99%80%E6%80%9D%E5%A6%A5%E8%80%B6%E5%A4%AB%E6%96%AF%E5%9F%BA%20cccbf1ca36f64ef0bbe6eda7c91537b8.md),上海译文出版社 (Reading/Publisher/%E4%B8%8A%E6%B5%B7%E8%AF%91%E6%96%87%E5%87%BA%E7%89%88%E7%A4%BE%202678101fd9c841e58f199d01b6c00513.md),京东 (Reading/Platform/%E4%BA%AC%E4%B8%9C%20991081d220754871a65ea5285ec56e3b.md),9787532763665,长篇 (Reading/Category/%E9%95%BF%E7%AF%87%206b4e322679ec4c5e98aaa5526375f168.md),0.7,-1,9,"November 2, 2023 5:42 PM","January 12, 2025 10:46 AM"
白夜（售出）,0,陀思妥耶夫斯基 (Reading/Author/%E9%99%80%E6%80%9D%E5%A6%A5%E8%80%B6%E5%A4%AB%E6%96%AF%E5%9F%BA%20cccbf1ca36f64ef0bbe6eda7c91537b8.md),上海译文出版社 (Reading/Publisher/%E4%B8%8A%E6%B5%B7%E8%AF%91%E6%96%87%E5%87%BA%E7%89%88%E7%A4%BE%202678101fd9c841e58f199d01b6c00513.md),京东 (Reading/Platform/%E4%BA%AC%E4%B8%9C%20991081d220754871a65ea5285ec56e3b.md),9787532763689,长篇 (Reading/Category/%E9%95%BF%E7%AF%87%206b4e322679ec4c5e98aaa5526375f168.md),0.7,-1,10,"November 2, 2023 5:41 PM","January 12, 2025 10:45 AM"
少年,23.8,陀思妥耶夫斯基 (Reading/Author/%E9%99%80%E6%80%9D%E5%A6%A5%E8%80%B6%E5%A4%AB%E6%96%AF%E5%9F%BA%20cccbf1ca36f64ef0bbe6eda7c91537b8.md),生活·读书·新知三联书店 (Reading/Publisher/%E7%94%9F%E6%B4%BB%C2%B7%E8%AF%BB%E4%B9%A6%C2%B7%E6%96%B0%E7%9F%A5%E4%B8%89%E8%81%94%E4%B9%A6%E5%BA%97%20bff057dbdeb44d178d8b7071482927c2.md),拼多多 (Reading/Platform/%E6%8B%BC%E5%A4%9A%E5%A4%9A%20db19793d87f549c3ba08ccdb17b42c9e.md),9787108065308,长篇 (Reading/Category/%E9%95%BF%E7%AF%87%206b4e322679ec4c5e98aaa5526375f168.md),1,,,"January 2, 2025 5:31 PM","January 2, 2025 5:39 PM"
悲惨世界,0,维克多·雨果 (Reading/Author/%E7%BB%B4%E5%85%8B%E5%A4%9A%C2%B7%E9%9B%A8%E6%9E%9C%20fb2011e6e44549e7aa0a72ab3cefdec5.md),中央编译出版社 (Reading/Publisher/%E4%B8%AD%E5%A4%AE%E7%BC%96%E8%AF%91%E5%87%BA%E7%89%88%E7%A4%BE%201652895c29a14119a795cb013332cd08.md),拼多多 (Reading/Platform/%E6%8B%BC%E5%A4%9A%E5%A4%9A%20db19793d87f549c3ba08ccdb17b42c9e.md),9787511726209,长篇 (Reading/Category/%E9%95%BF%E7%AF%87%206b4e322679ec4c5e98aaa5526375f168.md),1,100,10,"May 9, 2024 10:13 AM","January 2, 2025 9:27 AM"
人生（售出）,-2.65,路遥 (Reading/Author/%E8%B7%AF%E9%81%A5%2057f5435bcea8473a9b9baeab259f7f0b.md),北京十月文艺出版社 (Reading/Publisher/%E5%8C%97%E4%BA%AC%E5%8D%81%E6%9C%88%E6%96%87%E8%89%BA%E5%87%BA%E7%89%88%E7%A4%BE%203a0dcd86170d49d9ba43e6f8c991c984.md),淘宝 (Reading/Platform/%E6%B7%98%E5%AE%9D%20c7f52ce2740b41f98aef55e4ce0688de.md),9787530211564,长篇 (Reading/Category/%E9%95%BF%E7%AF%87%206b4e322679ec4c5e98aaa5526375f168.md),0,-1,6,"September 22, 2023 11:53 AM","December 29, 2024 6:23 PM"
中国古代史学史简编（售出）,-2.1,其它 (Reading/Author/%E5%85%B6%E5%AE%83%20562b510967874f97ae9a82328b0fd99a.md),,孔夫子 (Reading/Platform/%E5%AD%94%E5%A4%AB%E5%AD%90%20e9c2ade3c3594415ab366417a820055f.md),1109393,历史 (Reading/Category/%E5%8E%86%E5%8F%B2%201a0d5f76b6ef49c08c573167fa6554dc.md),0,-1,,"January 8, 2024 5:23 PM","December 6, 2024 10:01 AM"
高启诗选（售出）,-12.1,高启 (Reading/Author/%E9%AB%98%E5%90%AF%2085518533c23f4b8192c4b69985227063.md),中华书局 (Reading/Publisher/%E4%B8%AD%E5%8D%8E%E4%B9%A6%E5%B1%80%20bcb15c0dc1c74b3fb97715d80213363f.md),赠送 (Reading/Platform/%E8%B5%A0%E9%80%81%20455e7d509df3444ebf2c9c50269c654b.md),9787101043556,"诗歌 (Reading/Category/%E8%AF%97%E6%AD%8C%206d14d7489136407a8593422aa182b379.md), 经典 (Reading/Category/%E7%BB%8F%E5%85%B8%20e210ce3838764a44bf39c141b13e0070.md)",0,-1,,"September 25, 2023 3:47 PM","December 1, 2024 10:40 PM"
邓石如篆书白氏草堂记（售出）,0.01,其它 (Reading/Author/%E5%85%B6%E5%AE%83%20562b510967874f97ae9a82328b0fd99a.md),西泠印社出版社 (Reading/Publisher/%E8%A5%BF%E6%B3%A0%E5%8D%B0%E7%A4%BE%E5%87%BA%E7%89%88%E7%A4%BE%20d08e3a97a98649f9a30b5580ca078572.md),抖音 (Reading/Platform/%E6%8A%96%E9%9F%B3%20bda2aad8d7a64269931fcf174a026721.md),9787550801233,书帖 (Reading/Category/%E4%B9%A6%E5%B8%96%2034c3d5939f7a413aae1ef49a2c09d725.md),0,-1,,"June 4, 2024 8:05 PM","November 29, 2024 11:58 AM"
磨坊文札,2.9,都德 (Reading/Author/%E9%83%BD%E5%BE%B7%2013f77dd3d78380ce8889e27e7bfbfb72.md),"上海文艺出版社 (Reading/Publisher/%E4%B8%8A%E6%B5%B7%E6%96%87%E8%89%BA%E5%87%BA%E7%89%88%E7%A4%BE%20bd4fac4bc10942118ef6a8c56b2a301f.md), 99读书人 (Reading/Publisher/99%E8%AF%BB%E4%B9%A6%E4%BA%BA%202917767bc03041aebbac3242699eb32f.md)",小红书 (Reading/Platform/%E5%B0%8F%E7%BA%A2%E4%B9%A6%2004487b4fe4c1440ca492f3368928efed.md),9787532150915,短篇 (Reading/Category/%E7%9F%AD%E7%AF%87%207cecd2c07ba6415e84f853878c8539bf.md),1,,,"November 15, 2024 8:52 PM","November 15, 2024 9:03 PM"
涅朵奇卡,9.9,陀思妥耶夫斯基 (Reading/Author/%E9%99%80%E6%80%9D%E5%A6%A5%E8%80%B6%E5%A4%AB%E6%96%AF%E5%9F%BA%20cccbf1ca36f64ef0bbe6eda7c91537b8.md),"山东文艺出版社 (Reading/Publisher/%E5%B1%B1%E4%B8%9C%E6%96%87%E8%89%BA%E5%87%BA%E7%89%88%E7%A4%BE%205669eab7521c426a9d5488e5284420fb.md), 果麦 (Reading/Publisher/%E6%9E%9C%E9%BA%A6%20eab69198a3ab4d18839c72f592c9c46b.md)",京东 (Reading/Platform/%E4%BA%AC%E4%B8%9C%20991081d220754871a65ea5285ec56e3b.md),9787532969623,长篇 (Reading/Category/%E9%95%BF%E7%AF%87%206b4e322679ec4c5e98aaa5526375f168.md),1,100,10,"November 2, 2023 5:32 PM","November 8, 2024 9:28 PM"
契诃夫戏剧全集,57.53,契诃夫 (Reading/Author/%E5%A5%91%E8%AF%83%E5%A4%AB%208181815d2fe04baa840fe6e9f36aaf1d.md),上海译文出版社 (Reading/Publisher/%E4%B8%8A%E6%B5%B7%E8%AF%91%E6%96%87%E5%87%BA%E7%89%88%E7%A4%BE%202678101fd9c841e58f199d01b6c00513.md),京东 (Reading/Platform/%E4%BA%AC%E4%B8%9C%20991081d220754871a65ea5285ec56e3b.md),9787532776221,戏剧 (Reading/Category/%E6%88%8F%E5%89%A7%20e786d4f51d774802a89bd5322357426f.md),1,,,"November 8, 2024 9:05 PM","November 8, 2024 9:15 PM"
卡拉马佐夫兄弟,28.31,陀思妥耶夫斯基 (Reading/Author/%E9%99%80%E6%80%9D%E5%A6%A5%E8%80%B6%E5%A4%AB%E6%96%AF%E5%9F%BA%20cccbf1ca36f64ef0bbe6eda7c91537b8.md),译林出版社 (Reading/Publisher/%E8%AF%91%E6%9E%97%E5%87%BA%E7%89%88%E7%A4%BE%209928c83dbb0947949034efce236fe3b8.md),京东 (Reading/Platform/%E4%BA%AC%E4%B8%9C%20991081d220754871a65ea5285ec56e3b.md),9787544786164,长篇 (Reading/Category/%E9%95%BF%E7%AF%87%206b4e322679ec4c5e98aaa5526375f168.md),1,,,"November 8, 2024 8:52 PM","November 8, 2024 9:15 PM"
白痴,21.34,陀思妥耶夫斯基 (Reading/Author/%E9%99%80%E6%80%9D%E5%A6%A5%E8%80%B6%E5%A4%AB%E6%96%AF%E5%9F%BA%20cccbf1ca36f64ef0bbe6eda7c91537b8.md),译林出版社 (Reading/Publisher/%E8%AF%91%E6%9E%97%E5%87%BA%E7%89%88%E7%A4%BE%209928c83dbb0947949034efce236fe3b8.md),京东 (Reading/Platform/%E4%BA%AC%E4%B8%9C%20991081d220754871a65ea5285ec56e3b.md),9787544785464,长篇 (Reading/Category/%E9%95%BF%E7%AF%87%206b4e322679ec4c5e98aaa5526375f168.md),1,,,"November 8, 2024 8:57 PM","November 8, 2024 9:01 PM"
活山（送出）,16.67,娜恩·谢泼德 (Reading/Author/%E5%A8%9C%E6%81%A9%C2%B7%E8%B0%A2%E6%B3%BC%E5%BE%B7%209da5f5d400c842789e1b269e85b7becb.md),"文汇出版社 (Reading/Publisher/%E6%96%87%E6%B1%87%E5%87%BA%E7%89%88%E7%A4%BE%20d17813fa9d334f399f070958ae3b5485.md), 新经典 (Reading/Publisher/%E6%96%B0%E7%BB%8F%E5%85%B8%20248fc2414a2b41a8bc70dd326b9ca023.md)",淘宝 (Reading/Platform/%E6%B7%98%E5%AE%9D%20c7f52ce2740b41f98aef55e4ce0688de.md),9787549625635,散文 (Reading/Category/%E6%95%A3%E6%96%87%20d94c81dc272b4510b64387a9402d125c.md),0.5,-1,,"October 4, 2023 10:18 PM","October 12, 2024 10:21 AM"
静静的顿河（售出）,12.4,肖洛霍夫 (Reading/Author/%E8%82%96%E6%B4%9B%E9%9C%8D%E5%A4%AB%200f0f1ba7cde54313ba5dceaf378f666b.md),"天津人民出版社 (Reading/Publisher/%E5%A4%A9%E6%B4%A5%E4%BA%BA%E6%B0%91%E5%87%BA%E7%89%88%E7%A4%BE%2043eaef3726f04adeaecbdeaad42fe66b.md), 果麦 (Reading/Publisher/%E6%9E%9C%E9%BA%A6%20eab69198a3ab4d18839c72f592c9c46b.md)",京东 (Reading/Platform/%E4%BA%AC%E4%B8%9C%20991081d220754871a65ea5285ec56e3b.md),9787201186481,长篇 (Reading/Category/%E9%95%BF%E7%AF%87%206b4e322679ec4c5e98aaa5526375f168.md),0.5,-1,10,"November 2, 2023 5:31 PM","October 12, 2024 10:20 AM"
窄门（售出）,-3.95,安德烈·纪德 (Reading/Author/%E5%AE%89%E5%BE%B7%E7%83%88%C2%B7%E7%BA%AA%E5%BE%B7%20650c934450174ebe934c15b26a441039.md),"古吴轩出版社 (Reading/Publisher/%E5%8F%A4%E5%90%B4%E8%BD%A9%E5%87%BA%E7%89%88%E7%A4%BE%2073aded6269c149eda87297ff69af2570.md), 竹石 (Reading/Publisher/%E7%AB%B9%E7%9F%B3%2084e2576df5ff459e8c711d870da4e261.md)",番茄 (Reading/Platform/%E7%95%AA%E8%8C%84%20bb113666fc9f49d1ad34f06fead7f835.md),9787554619384,长篇 (Reading/Category/%E9%95%BF%E7%AF%87%206b4e322679ec4c5e98aaa5526375f168.md),0.2,-1,6,"January 12, 2024 4:55 PM","October 12, 2024 10:20 AM"
关于陀思妥耶夫斯基的六次讲座,1.89,安德烈·纪德 (Reading/Author/%E5%AE%89%E5%BE%B7%E7%83%88%C2%B7%E7%BA%AA%E5%BE%B7%20650c934450174ebe934c15b26a441039.md),"人民文学出版社 (Reading/Publisher/%E4%BA%BA%E6%B0%91%E6%96%87%E5%AD%A6%E5%87%BA%E7%89%88%E7%A4%BE%208f33d507688c4765a90194e25a9bf0b7.md), 99读书人 (Reading/Publisher/99%E8%AF%BB%E4%B9%A6%E4%BA%BA%202917767bc03041aebbac3242699eb32f.md)",拼多多 (Reading/Platform/%E6%8B%BC%E5%A4%9A%E5%A4%9A%20db19793d87f549c3ba08ccdb17b42c9e.md),9787020141128,社科 (Reading/Category/%E7%A4%BE%E7%A7%91%208329bdf601ac465ca4e46a05103e22c7.md),1,100,9,"July 17, 2024 9:37 PM","October 12, 2024 10:19 AM"
唐诗鉴赏辞典（售出）,12.05,其它 (Reading/Author/%E5%85%B6%E5%AE%83%20562b510967874f97ae9a82328b0fd99a.md),上海辞书出版社 (Reading/Publisher/%E4%B8%8A%E6%B5%B7%E8%BE%9E%E4%B9%A6%E5%87%BA%E7%89%88%E7%A4%BE%2048607cc15b804c118d188f72179cb9d3.md),实体店 (Reading/Platform/%E5%AE%9E%E4%BD%93%E5%BA%97%205868c9fad9164dabbe7be33e9dce6f0f.md),9787532600750,"诗歌 (Reading/Category/%E8%AF%97%E6%AD%8C%206d14d7489136407a8593422aa182b379.md), 经典 (Reading/Category/%E7%BB%8F%E5%85%B8%20e210ce3838764a44bf39c141b13e0070.md)",0,-1,,"January 8, 2024 5:47 PM","October 5, 2024 7:53 PM"
鬼谷子（售出）,-1.4,王诩 (Reading/Author/%E7%8E%8B%E8%AF%A9%204b2fb2cee7d044d1b6c66e8b65aaf5a2.md),吉林美术出版社 (Reading/Publisher/%E5%90%89%E6%9E%97%E7%BE%8E%E6%9C%AF%E5%87%BA%E7%89%88%E7%A4%BE%20f6e084e1f2e6468aad04780abceabd6c.md),赠送 (Reading/Platform/%E8%B5%A0%E9%80%81%20455e7d509df3444ebf2c9c50269c654b.md),9787538693010,"诸子 (Reading/Category/%E8%AF%B8%E5%AD%90%200dbc3ee6387344f2a2323a45695160df.md), 经典 (Reading/Category/%E7%BB%8F%E5%85%B8%20e210ce3838764a44bf39c141b13e0070.md)",0,-1,,"November 11, 2023 7:55 PM","September 28, 2024 10:07 AM"
上尉的女儿,0.01,普希金 (Reading/Author/%E6%99%AE%E5%B8%8C%E9%87%91%2010577dd3d783801eae8fffd289d5f853.md),"上海文艺出版社 (Reading/Publisher/%E4%B8%8A%E6%B5%B7%E6%96%87%E8%89%BA%E5%87%BA%E7%89%88%E7%A4%BE%20bd4fac4bc10942118ef6a8c56b2a301f.md), 99读书人 (Reading/Publisher/99%E8%AF%BB%E4%B9%A6%E4%BA%BA%202917767bc03041aebbac3242699eb32f.md)",抖音 (Reading/Platform/%E6%8A%96%E9%9F%B3%20bda2aad8d7a64269931fcf174a026721.md),9787532158096,长篇 (Reading/Category/%E9%95%BF%E7%AF%87%206b4e322679ec4c5e98aaa5526375f168.md),1,,,"September 16, 2024 9:34 PM","September 19, 2024 4:56 PM"
被掩埋的巨人,5,石黑一雄 (Reading/Author/%E7%9F%B3%E9%BB%91%E4%B8%80%E9%9B%84%2049a433e74cf74f33bc0062ad76a6dd19.md),上海译文出版社 (Reading/Publisher/%E4%B8%8A%E6%B5%B7%E8%AF%91%E6%96%87%E5%87%BA%E7%89%88%E7%A4%BE%202678101fd9c841e58f199d01b6c00513.md),孔夫子 (Reading/Platform/%E5%AD%94%E5%A4%AB%E5%AD%90%20e9c2ade3c3594415ab366417a820055f.md),9787532770243,长篇 (Reading/Category/%E9%95%BF%E7%AF%87%206b4e322679ec4c5e98aaa5526375f168.md),1,,,"September 18, 2024 2:34 PM","September 18, 2024 2:36 PM"
罪与罚,15.9,陀思妥耶夫斯基 (Reading/Author/%E9%99%80%E6%80%9D%E5%A6%A5%E8%80%B6%E5%A4%AB%E6%96%AF%E5%9F%BA%20cccbf1ca36f64ef0bbe6eda7c91537b8.md),译林出版社 (Reading/Publisher/%E8%AF%91%E6%9E%97%E5%87%BA%E7%89%88%E7%A4%BE%209928c83dbb0947949034efce236fe3b8.md),抖音 (Reading/Platform/%E6%8A%96%E9%9F%B3%20bda2aad8d7a64269931fcf174a026721.md),9787544786171,长篇 (Reading/Category/%E9%95%BF%E7%AF%87%206b4e322679ec4c5e98aaa5526375f168.md),1,,,"September 16, 2024 9:35 PM","September 18, 2024 2:33 PM"
玉米人,15,阿斯图里亚斯 (Reading/Author/%E9%98%BF%E6%96%AF%E5%9B%BE%E9%87%8C%E4%BA%9A%E6%96%AF%2010577dd3d7838054bef5d1a226a35561.md),上海译文出版社 (Reading/Publisher/%E4%B8%8A%E6%B5%B7%E8%AF%91%E6%96%87%E5%87%BA%E7%89%88%E7%A4%BE%202678101fd9c841e58f199d01b6c00513.md),孔夫子 (Reading/Platform/%E5%AD%94%E5%A4%AB%E5%AD%90%20e9c2ade3c3594415ab366417a820055f.md),9787532762293,长篇 (Reading/Category/%E9%95%BF%E7%AF%87%206b4e322679ec4c5e98aaa5526375f168.md),1,,,"September 18, 2024 2:28 PM","September 18, 2024 2:33 PM"
红星照耀中国,5,埃德加·斯诺 (Reading/Author/%E5%9F%83%E5%BE%B7%E5%8A%A0%C2%B7%E6%96%AF%E8%AF%BA%20413204f1246b48d7ae209815ddafb221.md),长江文艺出版社 (Reading/Publisher/%E9%95%BF%E6%B1%9F%E6%96%87%E8%89%BA%E5%87%BA%E7%89%88%E7%A4%BE%20ca2ef9610a174457ba2236fed05e023a.md),孔夫子 (Reading/Platform/%E5%AD%94%E5%A4%AB%E5%AD%90%20e9c2ade3c3594415ab366417a820055f.md),9787570206384,历史 (Reading/Category/%E5%8E%86%E5%8F%B2%201a0d5f76b6ef49c08c573167fa6554dc.md),1,,,"September 18, 2024 2:31 PM","September 18, 2024 2:33 PM"
地下室手记,9,陀思妥耶夫斯基 (Reading/Author/%E9%99%80%E6%80%9D%E5%A6%A5%E8%80%B6%E5%A4%AB%E6%96%AF%E5%9F%BA%20cccbf1ca36f64ef0bbe6eda7c91537b8.md),漓江出版社 (Reading/Publisher/%E6%BC%93%E6%B1%9F%E5%87%BA%E7%89%88%E7%A4%BE%205ceaba55a24d495a85bb9fd2cf54d786.md),孔夫子 (Reading/Platform/%E5%AD%94%E5%A4%AB%E5%AD%90%20e9c2ade3c3594415ab366417a820055f.md),9787540787165,短篇 (Reading/Category/%E7%9F%AD%E7%AF%87%207cecd2c07ba6415e84f853878c8539bf.md),1,,,"July 17, 2024 12:11 PM","September 14, 2024 9:05 AM"
认命的姑娘,9,陀思妥耶夫斯基 (Reading/Author/%E9%99%80%E6%80%9D%E5%A6%A5%E8%80%B6%E5%A4%AB%E6%96%AF%E5%9F%BA%20cccbf1ca36f64ef0bbe6eda7c91537b8.md),漓江出版社 (Reading/Publisher/%E6%BC%93%E6%B1%9F%E5%87%BA%E7%89%88%E7%A4%BE%205ceaba55a24d495a85bb9fd2cf54d786.md),孔夫子 (Reading/Platform/%E5%AD%94%E5%A4%AB%E5%AD%90%20e9c2ade3c3594415ab366417a820055f.md),9787540794682,短篇 (Reading/Category/%E7%9F%AD%E7%AF%87%207cecd2c07ba6415e84f853878c8539bf.md),1,,,"July 17, 2024 12:10 PM","September 14, 2024 9:05 AM"
穷人,8,陀思妥耶夫斯基 (Reading/Author/%E9%99%80%E6%80%9D%E5%A6%A5%E8%80%B6%E5%A4%AB%E6%96%AF%E5%9F%BA%20cccbf1ca36f64ef0bbe6eda7c91537b8.md),漓江出版社 (Reading/Publisher/%E6%BC%93%E6%B1%9F%E5%87%BA%E7%89%88%E7%A4%BE%205ceaba55a24d495a85bb9fd2cf54d786.md),孔夫子 (Reading/Platform/%E5%AD%94%E5%A4%AB%E5%AD%90%20e9c2ade3c3594415ab366417a820055f.md),9787540794699,短篇 (Reading/Category/%E7%9F%AD%E7%AF%87%207cecd2c07ba6415e84f853878c8539bf.md),1,,,"July 17, 2024 12:12 PM","September 14, 2024 9:05 AM"
围城（盗版）,,钱钟书 (Reading/Author/%E9%92%B1%E9%92%9F%E4%B9%A6%20c944b0b06de54a66ae2b69dc35134407.md),人民文学出版社 (Reading/Publisher/%E4%BA%BA%E6%B0%91%E6%96%87%E5%AD%A6%E5%87%BA%E7%89%88%E7%A4%BE%208f33d507688c4765a90194e25a9bf0b7.md),赠送 (Reading/Platform/%E8%B5%A0%E9%80%81%20455e7d509df3444ebf2c9c50269c654b.md),9787020024759,长篇 (Reading/Category/%E9%95%BF%E7%AF%87%206b4e322679ec4c5e98aaa5526375f168.md),0.3,100,10,"February 20, 2024 9:59 AM","September 3, 2024 4:21 PM"
静静的顿河,23.21,肖洛霍夫 (Reading/Author/%E8%82%96%E6%B4%9B%E9%9C%8D%E5%A4%AB%200f0f1ba7cde54313ba5dceaf378f666b.md),长江文艺出版社 (Reading/Publisher/%E9%95%BF%E6%B1%9F%E6%96%87%E8%89%BA%E5%87%BA%E7%89%88%E7%A4%BE%20ca2ef9610a174457ba2236fed05e023a.md),淘宝 (Reading/Platform/%E6%B7%98%E5%AE%9D%20c7f52ce2740b41f98aef55e4ce0688de.md),9787570202379,长篇 (Reading/Category/%E9%95%BF%E7%AF%87%206b4e322679ec4c5e98aaa5526375f168.md),1,,,"August 23, 2024 4:56 PM","August 30, 2024 4:57 PM"
聊斋志异,0.01,蒲松龄 (Reading/Author/%E8%92%B2%E6%9D%BE%E9%BE%84%203e4fe62392a9460899aab755f86df03c.md),华夏出版社 (Reading/Publisher/%E5%8D%8E%E5%A4%8F%E5%87%BA%E7%89%88%E7%A4%BE%202bb2b6637048483fbbc3bd7e61ed3443.md),番茄 (Reading/Platform/%E7%95%AA%E8%8C%84%20bb113666fc9f49d1ad34f06fead7f835.md),9787508075020,"短篇 (Reading/Category/%E7%9F%AD%E7%AF%87%207cecd2c07ba6415e84f853878c8539bf.md), 经典 (Reading/Category/%E7%BB%8F%E5%85%B8%20e210ce3838764a44bf39c141b13e0070.md)",1,,,"December 1, 2023 10:54 AM","August 28, 2024 3:07 PM"
罗密欧与朱丽叶,0.01,莎士比亚 (Reading/Author/%E8%8E%8E%E5%A3%AB%E6%AF%94%E4%BA%9A%209bc284ad369843a1aeaa0a7a2be34f6b.md),作家出版社 (Reading/Publisher/%E4%BD%9C%E5%AE%B6%E5%87%BA%E7%89%88%E7%A4%BE%20f7a0e637f1214e3f924512bbe55247b8.md),番茄 (Reading/Platform/%E7%95%AA%E8%8C%84%20bb113666fc9f49d1ad34f06fead7f835.md),9787521218305,戏剧 (Reading/Category/%E6%88%8F%E5%89%A7%20e786d4f51d774802a89bd5322357426f.md),1,,,"December 6, 2023 7:00 PM","August 28, 2024 3:06 PM"
仲夏夜之梦,6.51,莎士比亚 (Reading/Author/%E8%8E%8E%E5%A3%AB%E6%AF%94%E4%BA%9A%209bc284ad369843a1aeaa0a7a2be34f6b.md),作家出版社 (Reading/Publisher/%E4%BD%9C%E5%AE%B6%E5%87%BA%E7%89%88%E7%A4%BE%20f7a0e637f1214e3f924512bbe55247b8.md),番茄 (Reading/Platform/%E7%95%AA%E8%8C%84%20bb113666fc9f49d1ad34f06fead7f835.md),9787506399678,戏剧 (Reading/Category/%E6%88%8F%E5%89%A7%20e786d4f51d774802a89bd5322357426f.md),1,,,"December 27, 2023 10:01 AM","August 28, 2024 3:04 PM"
罗马帝国兴亡史,0,罗伯特·格雷夫斯 (Reading/Author/%E7%BD%97%E4%BC%AF%E7%89%B9%C2%B7%E6%A0%BC%E9%9B%B7%E5%A4%AB%E6%96%AF%209664fbd1e15046dca50e165f96da3240.md),"重庆出版社 (Reading/Publisher/%E9%87%8D%E5%BA%86%E5%87%BA%E7%89%88%E7%A4%BE%207c1434d0d4a64b189b6d25bb6a8682f9.md), 知未图书 (Reading/Publisher/%E7%9F%A5%E6%9C%AA%E5%9B%BE%E4%B9%A6%20add6007d056046c1acccaa49ce3993aa.md)",赠送 (Reading/Platform/%E8%B5%A0%E9%80%81%20455e7d509df3444ebf2c9c50269c654b.md),9787229094683,历史 (Reading/Category/%E5%8E%86%E5%8F%B2%201a0d5f76b6ef49c08c573167fa6554dc.md),1,,,"October 7, 2023 3:32 PM","August 28, 2024 3:03 PM"
受戒,0.9,汪曾祺 (Reading/Author/%E6%B1%AA%E6%9B%BE%E7%A5%BA%209a82d2f336c6445a806033a24612cceb.md),北方文艺出版社 (Reading/Publisher/%E5%8C%97%E6%96%B9%E6%96%87%E8%89%BA%E5%87%BA%E7%89%88%E7%A4%BE%2093a5305f9f1f4263b0cad211bc19720f.md),番茄 (Reading/Platform/%E7%95%AA%E8%8C%84%20bb113666fc9f49d1ad34f06fead7f835.md),9787531740063,短篇 (Reading/Category/%E7%9F%AD%E7%AF%87%207cecd2c07ba6415e84f853878c8539bf.md),1,,,"November 29, 2023 11:25 AM","August 28, 2024 2:59 PM"
擦肩而过,1,普埃尔托拉斯 (Reading/Author/%E6%99%AE%E5%9F%83%E5%B0%94%E6%89%98%E6%8B%89%E6%96%AF%206679567aa510456aad25644fd0c06647.md),中央编译出版社 (Reading/Publisher/%E4%B8%AD%E5%A4%AE%E7%BC%96%E8%AF%91%E5%87%BA%E7%89%88%E7%A4%BE%201652895c29a14119a795cb013332cd08.md),番茄 (Reading/Platform/%E7%95%AA%E8%8C%84%20bb113666fc9f49d1ad34f06fead7f835.md),9787511726803,长篇 (Reading/Category/%E9%95%BF%E7%AF%87%206b4e322679ec4c5e98aaa5526375f168.md),1,,,"December 7, 2023 6:34 PM","August 28, 2024 2:51 PM"
孽海花,0.01,曾朴 (Reading/Author/%E6%9B%BE%E6%9C%B4%205ff5f5a23e3c4b009e2fb1fb6177cb78.md),知识出版社 (Reading/Publisher/%E7%9F%A5%E8%AF%86%E5%87%BA%E7%89%88%E7%A4%BE%209da8cb8cf2394236a98ebc6d1764e0f5.md),番茄 (Reading/Platform/%E7%95%AA%E8%8C%84%20bb113666fc9f49d1ad34f06fead7f835.md),9787501584635,"长篇 (Reading/Category/%E9%95%BF%E7%AF%87%206b4e322679ec4c5e98aaa5526375f168.md), 经典 (Reading/Category/%E7%BB%8F%E5%85%B8%20e210ce3838764a44bf39c141b13e0070.md)",1,,,"December 18, 2023 5:13 PM","August 28, 2024 2:49 PM"
增广贤文·弟子规,0.01,李毓秀 (Reading/Author/%E6%9D%8E%E6%AF%93%E7%A7%80%20f8bc18bb1f3d4af5b88672b31723b36e.md),华夏出版社 (Reading/Publisher/%E5%8D%8E%E5%A4%8F%E5%87%BA%E7%89%88%E7%A4%BE%202bb2b6637048483fbbc3bd7e61ed3443.md),番茄 (Reading/Platform/%E7%95%AA%E8%8C%84%20bb113666fc9f49d1ad34f06fead7f835.md),9787508091051,经典 (Reading/Category/%E7%BB%8F%E5%85%B8%20e210ce3838764a44bf39c141b13e0070.md),1,,,"January 13, 2024 8:09 PM","August 28, 2024 2:46 PM"
镜花缘,2.1,李汝珍 (Reading/Author/%E6%9D%8E%E6%B1%9D%E7%8F%8D%2064aec08c6fb844408f382cc3bace293e.md),华夏出版社 (Reading/Publisher/%E5%8D%8E%E5%A4%8F%E5%87%BA%E7%89%88%E7%A4%BE%202bb2b6637048483fbbc3bd7e61ed3443.md),番茄 (Reading/Platform/%E7%95%AA%E8%8C%84%20bb113666fc9f49d1ad34f06fead7f835.md),9787508074917,"长篇 (Reading/Category/%E9%95%BF%E7%AF%87%206b4e322679ec4c5e98aaa5526375f168.md), 经典 (Reading/Category/%E7%BB%8F%E5%85%B8%20e210ce3838764a44bf39c141b13e0070.md)",1,,,"November 30, 2023 10:35 AM","August 28, 2024 2:45 PM"
苔丝,0,托马斯·哈代 (Reading/Author/%E6%89%98%E9%A9%AC%E6%96%AF%C2%B7%E5%93%88%E4%BB%A3%20a518c895946c45f785eaa59e97bd617e.md),北京燕山出版社 (Reading/Publisher/%E5%8C%97%E4%BA%AC%E7%87%95%E5%B1%B1%E5%87%BA%E7%89%88%E7%A4%BE%20c4af9675fc2740d6a4e5f62e410e95a0.md),赠送 (Reading/Platform/%E8%B5%A0%E9%80%81%20455e7d509df3444ebf2c9c50269c654b.md),9787540213305,长篇 (Reading/Category/%E9%95%BF%E7%AF%87%206b4e322679ec4c5e98aaa5526375f168.md),1,,,"September 27, 2023 9:38 PM","August 28, 2024 2:44 PM"
楚辞译注,22.3,屈原 (Reading/Author/%E5%B1%88%E5%8E%9F%20e0261ebbaccd4b21b89b3ab7dfb1eb00.md),上海古籍出版社 (Reading/Publisher/%E4%B8%8A%E6%B5%B7%E5%8F%A4%E7%B1%8D%E5%87%BA%E7%89%88%E7%A4%BE%20ddddd076ca3e4a528d9eafdb6c7815f6.md),京东 (Reading/Platform/%E4%BA%AC%E4%B8%9C%20991081d220754871a65ea5285ec56e3b.md),9787532563951,"诗歌 (Reading/Category/%E8%AF%97%E6%AD%8C%206d14d7489136407a8593422aa182b379.md), 经典 (Reading/Category/%E7%BB%8F%E5%85%B8%20e210ce3838764a44bf39c141b13e0070.md)",1,,,"September 25, 2023 3:07 PM","August 28, 2024 2:40 PM"
心安即是归处,,季羡林 (Reading/Author/%E5%AD%A3%E7%BE%A1%E6%9E%97%20f5ff45710040493f91c592941e1c4f8e.md),古吴轩出版社 (Reading/Publisher/%E5%8F%A4%E5%90%B4%E8%BD%A9%E5%87%BA%E7%89%88%E7%A4%BE%2073aded6269c149eda87297ff69af2570.md),赠送 (Reading/Platform/%E8%B5%A0%E9%80%81%20455e7d509df3444ebf2c9c50269c654b.md),9787554615430,散文 (Reading/Category/%E6%95%A3%E6%96%87%20d94c81dc272b4510b64387a9402d125c.md),1,,,"October 15, 2023 12:04 AM","August 28, 2024 2:39 PM"
东京梦华录,3.9,孟元老 (Reading/Author/%E5%AD%9F%E5%85%83%E8%80%81%2098eb9b7f9c624356b9f6669261fff1ea.md),"古吴轩出版社 (Reading/Publisher/%E5%8F%A4%E5%90%B4%E8%BD%A9%E5%87%BA%E7%89%88%E7%A4%BE%2073aded6269c149eda87297ff69af2570.md), 竹石 (Reading/Publisher/%E7%AB%B9%E7%9F%B3%2084e2576df5ff459e8c711d870da4e261.md)",番茄 (Reading/Platform/%E7%95%AA%E8%8C%84%20bb113666fc9f49d1ad34f06fead7f835.md),9787554618806,"小品 (Reading/Category/%E5%B0%8F%E5%93%81%2037e0b2be8e6a4a0b89b27c594bf9cff6.md), 经典 (Reading/Category/%E7%BB%8F%E5%85%B8%20e210ce3838764a44bf39c141b13e0070.md)",1,,,"December 3, 2023 6:15 PM","August 28, 2024 2:36 PM"
桃花扇,0.01,孔尚任 (Reading/Author/%E5%AD%94%E5%B0%9A%E4%BB%BB%20e00c7b9dc3d345c6a496189a4b370feb.md),知识出版社 (Reading/Publisher/%E7%9F%A5%E8%AF%86%E5%87%BA%E7%89%88%E7%A4%BE%209da8cb8cf2394236a98ebc6d1764e0f5.md),番茄 (Reading/Platform/%E7%95%AA%E8%8C%84%20bb113666fc9f49d1ad34f06fead7f835.md),9787501584321,"戏剧 (Reading/Category/%E6%88%8F%E5%89%A7%20e786d4f51d774802a89bd5322357426f.md), 经典 (Reading/Category/%E7%BB%8F%E5%85%B8%20e210ce3838764a44bf39c141b13e0070.md)",1,,,"December 18, 2023 5:11 PM","August 28, 2024 2:35 PM"
诗经译注,24.6,孔子 (Reading/Author/%E5%AD%94%E5%AD%90%2027d9bedf4e24428bb236344ca265513b.md),上海古籍出版社 (Reading/Publisher/%E4%B8%8A%E6%B5%B7%E5%8F%A4%E7%B1%8D%E5%87%BA%E7%89%88%E7%A4%BE%20ddddd076ca3e4a528d9eafdb6c7815f6.md),京东 (Reading/Platform/%E4%BA%AC%E4%B8%9C%20991081d220754871a65ea5285ec56e3b.md),9787532564002,"诗歌 (Reading/Category/%E8%AF%97%E6%AD%8C%206d14d7489136407a8593422aa182b379.md), 经典 (Reading/Category/%E7%BB%8F%E5%85%B8%20e210ce3838764a44bf39c141b13e0070.md)",1,,,"September 25, 2023 3:06 PM","August 28, 2024 2:33 PM"
儒林外史,2.1,吴敬梓 (Reading/Author/%E5%90%B4%E6%95%AC%E6%A2%93%20759b5a64021f45c69f7d988f3bf252c9.md),华夏出版社 (Reading/Publisher/%E5%8D%8E%E5%A4%8F%E5%87%BA%E7%89%88%E7%A4%BE%202bb2b6637048483fbbc3bd7e61ed3443.md),番茄 (Reading/Platform/%E7%95%AA%E8%8C%84%20bb113666fc9f49d1ad34f06fead7f835.md),9787508074948,"长篇 (Reading/Category/%E9%95%BF%E7%AF%87%206b4e322679ec4c5e98aaa5526375f168.md), 经典 (Reading/Category/%E7%BB%8F%E5%85%B8%20e210ce3838764a44bf39c141b13e0070.md)",1,,,"November 29, 2023 8:30 PM","August 28, 2024 2:26 PM"
中国通史,1,吕思勉 (Reading/Author/%E5%90%95%E6%80%9D%E5%8B%89%201d967575681c45bda0b2782ca0dfbbcd.md),"民主与建设出版社 (Reading/Publisher/%E6%B0%91%E4%B8%BB%E4%B8%8E%E5%BB%BA%E8%AE%BE%E5%87%BA%E7%89%88%E7%A4%BE%20dff3b09d8cdd4c5a8ac858e66e8c6685.md), 科文图书 (Reading/Publisher/%E7%A7%91%E6%96%87%E5%9B%BE%E4%B9%A6%205dde888283ee4526b64b4436fe289e2d.md)",当当 (Reading/Platform/%E5%BD%93%E5%BD%93%203d19f82ac1dd46789c721bbb036ba158.md),9787513905039,历史 (Reading/Category/%E5%8E%86%E5%8F%B2%201a0d5f76b6ef49c08c573167fa6554dc.md),1,,,"October 4, 2023 11:10 PM","August 28, 2024 2:25 PM"
西西弗神话,5.49,加缪 (Reading/Author/%E5%8A%A0%E7%BC%AA%201a27669a7f7242aa9aa9338b45e172d3.md),上海译文出版社 (Reading/Publisher/%E4%B8%8A%E6%B5%B7%E8%AF%91%E6%96%87%E5%87%BA%E7%89%88%E7%A4%BE%202678101fd9c841e58f199d01b6c00513.md),番茄 (Reading/Platform/%E7%95%AA%E8%8C%84%20bb113666fc9f49d1ad34f06fead7f835.md),9787532775859,长篇 (Reading/Category/%E9%95%BF%E7%AF%87%206b4e322679ec4c5e98aaa5526375f168.md),1,,,"December 3, 2023 6:15 PM","August 28, 2024 2:24 PM"
局外人,3.93,加缪 (Reading/Author/%E5%8A%A0%E7%BC%AA%201a27669a7f7242aa9aa9338b45e172d3.md),上海译文出版社 (Reading/Publisher/%E4%B8%8A%E6%B5%B7%E8%AF%91%E6%96%87%E5%87%BA%E7%89%88%E7%A4%BE%202678101fd9c841e58f199d01b6c00513.md),番茄 (Reading/Platform/%E7%95%AA%E8%8C%84%20bb113666fc9f49d1ad34f06fead7f835.md),9787532751471,长篇 (Reading/Category/%E9%95%BF%E7%AF%87%206b4e322679ec4c5e98aaa5526375f168.md),1,,,"December 3, 2023 6:15 PM","August 28, 2024 2:22 PM"
初刻拍案惊奇,1.1,凌濛初 (Reading/Author/%E5%87%8C%E6%BF%9B%E5%88%9D%207b2b9f0c64a24ca5ab1122cd152734c8.md),华夏出版社 (Reading/Publisher/%E5%8D%8E%E5%A4%8F%E5%87%BA%E7%89%88%E7%A4%BE%202bb2b6637048483fbbc3bd7e61ed3443.md),番茄 (Reading/Platform/%E7%95%AA%E8%8C%84%20bb113666fc9f49d1ad34f06fead7f835.md),9787508074924,"短篇 (Reading/Category/%E7%9F%AD%E7%AF%87%207cecd2c07ba6415e84f853878c8539bf.md), 经典 (Reading/Category/%E7%BB%8F%E5%85%B8%20e210ce3838764a44bf39c141b13e0070.md)",1,,,"November 29, 2023 4:26 PM","August 28, 2024 2:21 PM"
醒世恒言,0.7,冯梦龙 (Reading/Author/%E5%86%AF%E6%A2%A6%E9%BE%99%20f570a28de715412f9148af1a39de3142.md),华夏出版社 (Reading/Publisher/%E5%8D%8E%E5%A4%8F%E5%87%BA%E7%89%88%E7%A4%BE%202bb2b6637048483fbbc3bd7e61ed3443.md),番茄 (Reading/Platform/%E7%95%AA%E8%8C%84%20bb113666fc9f49d1ad34f06fead7f835.md),9787508075044,"短篇 (Reading/Category/%E7%9F%AD%E7%AF%87%207cecd2c07ba6415e84f853878c8539bf.md), 经典 (Reading/Category/%E7%BB%8F%E5%85%B8%20e210ce3838764a44bf39c141b13e0070.md)",1,,,"November 29, 2023 4:25 PM","August 28, 2024 2:20 PM"
警世通言,1,冯梦龙 (Reading/Author/%E5%86%AF%E6%A2%A6%E9%BE%99%20f570a28de715412f9148af1a39de3142.md),华夏出版社 (Reading/Publisher/%E5%8D%8E%E5%A4%8F%E5%87%BA%E7%89%88%E7%A4%BE%202bb2b6637048483fbbc3bd7e61ed3443.md),番茄 (Reading/Platform/%E7%95%AA%E8%8C%84%20bb113666fc9f49d1ad34f06fead7f835.md),9787508074979,"短篇 (Reading/Category/%E7%9F%AD%E7%AF%87%207cecd2c07ba6415e84f853878c8539bf.md), 经典 (Reading/Category/%E7%BB%8F%E5%85%B8%20e210ce3838764a44bf39c141b13e0070.md)",1,,,"November 29, 2023 4:16 PM","August 28, 2024 2:19 PM"
东周列国志,3.1,冯梦龙 (Reading/Author/%E5%86%AF%E6%A2%A6%E9%BE%99%20f570a28de715412f9148af1a39de3142.md),中国文联出版社 (Reading/Publisher/%E4%B8%AD%E5%9B%BD%E6%96%87%E8%81%94%E5%87%BA%E7%89%88%E7%A4%BE%20733311d93c8a47daa5115bac2c978824.md),番茄 (Reading/Platform/%E7%95%AA%E8%8C%84%20bb113666fc9f49d1ad34f06fead7f835.md),9787519020958,"长篇 (Reading/Category/%E9%95%BF%E7%AF%87%206b4e322679ec4c5e98aaa5526375f168.md), 经典 (Reading/Category/%E7%BB%8F%E5%85%B8%20e210ce3838764a44bf39c141b13e0070.md)",1,,,"December 1, 2023 10:50 AM","August 28, 2024 2:18 PM"
沉默的大多数,8,王小波 (Reading/Author/%E7%8E%8B%E5%B0%8F%E6%B3%A2%20b6d979c4b8e54897b4507ff82fd06dfc.md),"北京十月文艺出版社 (Reading/Publisher/%E5%8C%97%E4%BA%AC%E5%8D%81%E6%9C%88%E6%96%87%E8%89%BA%E5%87%BA%E7%89%88%E7%A4%BE%203a0dcd86170d49d9ba43e6f8c991c984.md), 新经典 (Reading/Publisher/%E6%96%B0%E7%BB%8F%E5%85%B8%20248fc2414a2b41a8bc70dd326b9ca023.md)",孔夫子 (Reading/Platform/%E5%AD%94%E5%A4%AB%E5%AD%90%20e9c2ade3c3594415ab366417a820055f.md),9787530216590,散文 (Reading/Category/%E6%95%A3%E6%96%87%20d94c81dc272b4510b64387a9402d125c.md),1,100,10,"August 6, 2024 11:27 AM","August 27, 2024 7:28 PM"
唐宋词鉴赏辞典·下（售出）,18.1,其它 (Reading/Author/%E5%85%B6%E5%AE%83%20562b510967874f97ae9a82328b0fd99a.md),上海辞书出版社 (Reading/Publisher/%E4%B8%8A%E6%B5%B7%E8%BE%9E%E4%B9%A6%E5%87%BA%E7%89%88%E7%A4%BE%2048607cc15b804c118d188f72179cb9d3.md),实体店 (Reading/Platform/%E5%AE%9E%E4%BD%93%E5%BA%97%205868c9fad9164dabbe7be33e9dce6f0f.md),9787532600165,"诗歌 (Reading/Category/%E8%AF%97%E6%AD%8C%206d14d7489136407a8593422aa182b379.md), 经典 (Reading/Category/%E7%BB%8F%E5%85%B8%20e210ce3838764a44bf39c141b13e0070.md)",0,-1,,"January 8, 2024 5:48 PM","August 27, 2024 9:49 AM"
月亮与六便士（售出）,-6,毛姆 (Reading/Author/%E6%AF%9B%E5%A7%86%20d23eff18683e4a048b17589cacd0c44f.md),"浙江文艺出版社 (Reading/Publisher/%E6%B5%99%E6%B1%9F%E6%96%87%E8%89%BA%E5%87%BA%E7%89%88%E7%A4%BE%20a1a3ebbcdfff41aba54adb589a51adf2.md), 大星 (Reading/Publisher/%E5%A4%A7%E6%98%9F%209ad8c0d79a6c42c7a5106ea93fdd0edb.md)",赠送 (Reading/Platform/%E8%B5%A0%E9%80%81%20455e7d509df3444ebf2c9c50269c654b.md),9787533936020,长篇 (Reading/Category/%E9%95%BF%E7%AF%87%206b4e322679ec4c5e98aaa5526375f168.md),0,-1,6,"September 27, 2023 8:41 PM","August 27, 2024 9:47 AM"
哈姆雷特（售出）,-2.2,莎士比亚 (Reading/Author/%E8%8E%8E%E5%A3%AB%E6%AF%94%E4%BA%9A%209bc284ad369843a1aeaa0a7a2be34f6b.md),作家出版社 (Reading/Publisher/%E4%BD%9C%E5%AE%B6%E5%87%BA%E7%89%88%E7%A4%BE%20f7a0e637f1214e3f924512bbe55247b8.md),番茄 (Reading/Platform/%E7%95%AA%E8%8C%84%20bb113666fc9f49d1ad34f06fead7f835.md),9787506392464,戏剧 (Reading/Category/%E6%88%8F%E5%89%A7%20e786d4f51d774802a89bd5322357426f.md),0,-1,,"January 1, 2024 1:39 PM","August 27, 2024 9:46 AM"
茶经（售出）,-3.19,陆羽 (Reading/Author/%E9%99%86%E7%BE%BD%2070ec651d92e0494c9dc84f9964dcc11b.md),中国华侨出版社 (Reading/Publisher/%E4%B8%AD%E5%9B%BD%E5%8D%8E%E4%BE%A8%E5%87%BA%E7%89%88%E7%A4%BE%202fe0dbdda44f43f78910cc6ad3efdc38.md),番茄 (Reading/Platform/%E7%95%AA%E8%8C%84%20bb113666fc9f49d1ad34f06fead7f835.md),9787511373076,经典 (Reading/Category/%E7%BB%8F%E5%85%B8%20e210ce3838764a44bf39c141b13e0070.md),0,-1,,"January 2, 2024 9:14 PM","August 27, 2024 9:43 AM"
最朴素的生活和最遥远的梦想（售出）,-1.39,其它 (Reading/Author/%E5%85%B6%E5%AE%83%20562b510967874f97ae9a82328b0fd99a.md),北京联合出版公司 (Reading/Publisher/%E5%8C%97%E4%BA%AC%E8%81%94%E5%90%88%E5%87%BA%E7%89%88%E5%85%AC%E5%8F%B8%20371c06c64a4f48e3932001ab121d7992.md),番茄 (Reading/Platform/%E7%95%AA%E8%8C%84%20bb113666fc9f49d1ad34f06fead7f835.md),9787550273597,散文 (Reading/Category/%E6%95%A3%E6%96%87%20d94c81dc272b4510b64387a9402d125c.md),0,-1,,"March 8, 2024 4:11 PM","August 27, 2024 9:42 AM"
海子诗集,0.7,海子 (Reading/Author/%E6%B5%B7%E5%AD%90%202dc6c286b88049359db787a7e6d81993.md),青岛出版社 (Reading/Publisher/%E9%9D%92%E5%B2%9B%E5%87%BA%E7%89%88%E7%A4%BE%20214e8aa6b0914b0088f12281396c8688.md),番茄 (Reading/Platform/%E7%95%AA%E8%8C%84%20bb113666fc9f49d1ad34f06fead7f835.md),9787555295778,诗歌 (Reading/Category/%E8%AF%97%E6%AD%8C%206d14d7489136407a8593422aa182b379.md),1,100,10,"December 1, 2023 10:45 AM","August 20, 2024 9:28 PM"
海底两万里,0.01,凡尔纳 (Reading/Author/%E5%87%A1%E5%B0%94%E7%BA%B3%20bb837287703e4f4ead7ffb503f1ff67e.md),中央编译出版社 (Reading/Publisher/%E4%B8%AD%E5%A4%AE%E7%BC%96%E8%AF%91%E5%87%BA%E7%89%88%E7%A4%BE%201652895c29a14119a795cb013332cd08.md),番茄 (Reading/Platform/%E7%95%AA%E8%8C%84%20bb113666fc9f49d1ad34f06fead7f835.md),9787802119543,"外文 (Reading/Category/%E5%A4%96%E6%96%87%209d998eb9ebca4a3a8f93914ca6aea230.md), 长篇 (Reading/Category/%E9%95%BF%E7%AF%87%206b4e322679ec4c5e98aaa5526375f168.md)",1,,,"December 10, 2023 7:35 PM","August 15, 2024 5:11 PM"
小公主,0.01,伯内特夫人 (Reading/Author/%E4%BC%AF%E5%86%85%E7%89%B9%E5%A4%AB%E4%BA%BA%202347b7658f594c98b397c5cf88f2c68e.md),中央编译出版社 (Reading/Publisher/%E4%B8%AD%E5%A4%AE%E7%BC%96%E8%AF%91%E5%87%BA%E7%89%88%E7%A4%BE%201652895c29a14119a795cb013332cd08.md),番茄 (Reading/Platform/%E7%95%AA%E8%8C%84%20bb113666fc9f49d1ad34f06fead7f835.md),9787511722485,"外文 (Reading/Category/%E5%A4%96%E6%96%87%209d998eb9ebca4a3a8f93914ca6aea230.md), 长篇 (Reading/Category/%E9%95%BF%E7%AF%87%206b4e322679ec4c5e98aaa5526375f168.md)",1,,,"December 12, 2023 4:01 PM","August 15, 2024 5:11 PM"
黄金时代,11,王小波 (Reading/Author/%E7%8E%8B%E5%B0%8F%E6%B3%A2%20b6d979c4b8e54897b4507ff82fd06dfc.md),"北京十月文艺出版社 (Reading/Publisher/%E5%8C%97%E4%BA%AC%E5%8D%81%E6%9C%88%E6%96%87%E8%89%BA%E5%87%BA%E7%89%88%E7%A4%BE%203a0dcd86170d49d9ba43e6f8c991c984.md), 新经典 (Reading/Publisher/%E6%96%B0%E7%BB%8F%E5%85%B8%20248fc2414a2b41a8bc70dd326b9ca023.md)",孔夫子 (Reading/Platform/%E5%AD%94%E5%A4%AB%E5%AD%90%20e9c2ade3c3594415ab366417a820055f.md),9787530216606,长篇 (Reading/Category/%E9%95%BF%E7%AF%87%206b4e322679ec4c5e98aaa5526375f168.md),1,100,10,"July 20, 2024 2:50 PM","August 6, 2024 3:58 PM"
城南旧事,1.8,林海音 (Reading/Author/%E6%9E%97%E6%B5%B7%E9%9F%B3%20324a772d5bcf4f67ab007f6ca654ee05.md),"古吴轩出版社 (Reading/Publisher/%E5%8F%A4%E5%90%B4%E8%BD%A9%E5%87%BA%E7%89%88%E7%A4%BE%2073aded6269c149eda87297ff69af2570.md), 文通天下 (Reading/Publisher/%E6%96%87%E9%80%9A%E5%A4%A9%E4%B8%8B%205f67af132abe47d6a646d1e70c640713.md)",番茄 (Reading/Platform/%E7%95%AA%E8%8C%84%20bb113666fc9f49d1ad34f06fead7f835.md),9787554611227,"短篇 (Reading/Category/%E7%9F%AD%E7%AF%87%207cecd2c07ba6415e84f853878c8539bf.md), 散文 (Reading/Category/%E6%95%A3%E6%96%87%20d94c81dc272b4510b64387a9402d125c.md)",0.5,100,10,"November 29, 2023 9:07 PM","August 5, 2024 11:20 AM"
围城（售出）,7,钱钟书 (Reading/Author/%E9%92%B1%E9%92%9F%E4%B9%A6%20c944b0b06de54a66ae2b69dc35134407.md),人民文学出版社 (Reading/Publisher/%E4%BA%BA%E6%B0%91%E6%96%87%E5%AD%A6%E5%87%BA%E7%89%88%E7%A4%BE%208f33d507688c4765a90194e25a9bf0b7.md),淘宝 (Reading/Platform/%E6%B7%98%E5%AE%9D%20c7f52ce2740b41f98aef55e4ce0688de.md),9787020098095,长篇 (Reading/Category/%E9%95%BF%E7%AF%87%206b4e322679ec4c5e98aaa5526375f168.md),0.2,-1,10,"September 22, 2023 11:43 AM","August 5, 2024 11:19 AM"
无用的美好（售出）,-3.3,叶兆言 (Reading/Author/%E5%8F%B6%E5%85%86%E8%A8%80%202f510cd4751a402fbc2e5f7e8c6d58f8.md),江苏凤凰文艺出版社 (Reading/Publisher/%E6%B1%9F%E8%8B%8F%E5%87%A4%E5%87%B0%E6%96%87%E8%89%BA%E5%87%BA%E7%89%88%E7%A4%BE%20c8d25beea53f4e9cb4dedb1c88e052bb.md),赠送 (Reading/Platform/%E8%B5%A0%E9%80%81%20455e7d509df3444ebf2c9c50269c654b.md),9787559410696,"散文 (Reading/Category/%E6%95%A3%E6%96%87%20d94c81dc272b4510b64387a9402d125c.md), 流行 (Reading/Category/%E6%B5%81%E8%A1%8C%2006e2b73e68014533ace3c0eac10aeec7.md)",0.2,-1,4,"September 25, 2023 4:13 PM","August 5, 2024 11:18 AM"
百年孤独（售出）,-1.1,马尔克斯 (Reading/Author/%E9%A9%AC%E5%B0%94%E5%85%8B%E6%96%AF%201a9f5070c5ad4997b2ecdf8e38c59ba6.md),"南海出版公司 (Reading/Publisher/%E5%8D%97%E6%B5%B7%E5%87%BA%E7%89%88%E5%85%AC%E5%8F%B8%204fe082fe5df3417b86f2e33661900dde.md), 新经典 (Reading/Publisher/%E6%96%B0%E7%BB%8F%E5%85%B8%20248fc2414a2b41a8bc70dd326b9ca023.md)",淘宝 (Reading/Platform/%E6%B7%98%E5%AE%9D%20c7f52ce2740b41f98aef55e4ce0688de.md),9787544291170,长篇 (Reading/Category/%E9%95%BF%E7%AF%87%206b4e322679ec4c5e98aaa5526375f168.md),0.5,-1,10,"September 25, 2023 3:20 PM","August 5, 2024 11:17 AM"
罗亭（售出）,0,屠格涅夫 (Reading/Author/%E5%B1%A0%E6%A0%BC%E6%B6%85%E5%A4%AB%20d55de7c9158f4d8283bd17fc1fed0c6e.md),北京燕山出版社 (Reading/Publisher/%E5%8C%97%E4%BA%AC%E7%87%95%E5%B1%B1%E5%87%BA%E7%89%88%E7%A4%BE%20c4af9675fc2740d6a4e5f62e410e95a0.md),实体店 (Reading/Platform/%E5%AE%9E%E4%BD%93%E5%BA%97%205868c9fad9164dabbe7be33e9dce6f0f.md),9787540213251,长篇 (Reading/Category/%E9%95%BF%E7%AF%87%206b4e322679ec4c5e98aaa5526375f168.md),0.5,-1,9,"September 24, 2023 8:27 PM","August 5, 2024 11:17 AM"
猎人笔记（售出）,0,屠格涅夫 (Reading/Author/%E5%B1%A0%E6%A0%BC%E6%B6%85%E5%A4%AB%20d55de7c9158f4d8283bd17fc1fed0c6e.md),北京燕山出版社 (Reading/Publisher/%E5%8C%97%E4%BA%AC%E7%87%95%E5%B1%B1%E5%87%BA%E7%89%88%E7%A4%BE%20c4af9675fc2740d6a4e5f62e410e95a0.md),实体店 (Reading/Platform/%E5%AE%9E%E4%BD%93%E5%BA%97%205868c9fad9164dabbe7be33e9dce6f0f.md),9787540210809,短篇 (Reading/Category/%E7%9F%AD%E7%AF%87%207cecd2c07ba6415e84f853878c8539bf.md),0.5,-1,8,"September 22, 2023 11:20 AM","August 5, 2024 11:16 AM"
搜神记,2.9,干宝 (Reading/Author/%E5%B9%B2%E5%AE%9D%20e7de266b19004918b0acbcb76e33f46b.md),"古吴轩出版社 (Reading/Publisher/%E5%8F%A4%E5%90%B4%E8%BD%A9%E5%87%BA%E7%89%88%E7%A4%BE%2073aded6269c149eda87297ff69af2570.md), 竹石 (Reading/Publisher/%E7%AB%B9%E7%9F%B3%2084e2576df5ff459e8c711d870da4e261.md)",番茄 (Reading/Platform/%E7%95%AA%E8%8C%84%20bb113666fc9f49d1ad34f06fead7f835.md),9787554617724,"小品 (Reading/Category/%E5%B0%8F%E5%93%81%2037e0b2be8e6a4a0b89b27c594bf9cff6.md), 经典 (Reading/Category/%E7%BB%8F%E5%85%B8%20e210ce3838764a44bf39c141b13e0070.md)",1,,,"December 3, 2023 6:14 PM","August 1, 2024 7:54 PM"
诉讼,3.9,卡夫卡 (Reading/Author/%E5%8D%A1%E5%A4%AB%E5%8D%A1%20e23e0f36b6ca4315987d65077ea8e288.md),中央编译出版社 (Reading/Publisher/%E4%B8%AD%E5%A4%AE%E7%BC%96%E8%AF%91%E5%87%BA%E7%89%88%E7%A4%BE%201652895c29a14119a795cb013332cd08.md),番茄 (Reading/Platform/%E7%95%AA%E8%8C%84%20bb113666fc9f49d1ad34f06fead7f835.md),9787511735492,长篇 (Reading/Category/%E9%95%BF%E7%AF%87%206b4e322679ec4c5e98aaa5526375f168.md),1,,,"December 21, 2023 2:51 PM","August 1, 2024 7:51 PM"
城堡,2.9,卡夫卡 (Reading/Author/%E5%8D%A1%E5%A4%AB%E5%8D%A1%20e23e0f36b6ca4315987d65077ea8e288.md),中央编译出版社 (Reading/Publisher/%E4%B8%AD%E5%A4%AE%E7%BC%96%E8%AF%91%E5%87%BA%E7%89%88%E7%A4%BE%201652895c29a14119a795cb013332cd08.md),抖音 (Reading/Platform/%E6%8A%96%E9%9F%B3%20bda2aad8d7a64269931fcf174a026721.md),9787511735478,长篇 (Reading/Category/%E9%95%BF%E7%AF%87%206b4e322679ec4c5e98aaa5526375f168.md),1,,,"July 29, 2024 10:55 PM","August 1, 2024 7:48 PM"
失踪者,0,卡夫卡 (Reading/Author/%E5%8D%A1%E5%A4%AB%E5%8D%A1%20e23e0f36b6ca4315987d65077ea8e288.md),中央编译出版社 (Reading/Publisher/%E4%B8%AD%E5%A4%AE%E7%BC%96%E8%AF%91%E5%87%BA%E7%89%88%E7%A4%BE%201652895c29a14119a795cb013332cd08.md),抖音 (Reading/Platform/%E6%8A%96%E9%9F%B3%20bda2aad8d7a64269931fcf174a026721.md),9787511735485,长篇 (Reading/Category/%E9%95%BF%E7%AF%87%206b4e322679ec4c5e98aaa5526375f168.md),1,,,"July 29, 2024 10:43 PM","August 1, 2024 4:49 PM"
雪落香杉树,,戴维·伽特森 (Reading/Author/%E6%88%B4%E7%BB%B4%C2%B7%E4%BC%BD%E7%89%B9%E6%A3%AE%207512543119ee42c095d800c4452c3fa8.md),"作家出版社 (Reading/Publisher/%E4%BD%9C%E5%AE%B6%E5%87%BA%E7%89%88%E7%A4%BE%20f7a0e637f1214e3f924512bbe55247b8.md), 全本书店 (Reading/Publisher/%E5%85%A8%E6%9C%AC%E4%B9%A6%E5%BA%97%20f5532232d5c642cc9bd383a21c705d73.md)",赠送 (Reading/Platform/%E8%B5%A0%E9%80%81%20455e7d509df3444ebf2c9c50269c654b.md),9787506387873,散文 (Reading/Category/%E6%95%A3%E6%96%87%20d94c81dc272b4510b64387a9402d125c.md),1,,,"July 28, 2024 3:08 PM","July 28, 2024 3:10 PM"
天意,,安妮塔·布鲁克纳 (Reading/Author/%E5%AE%89%E5%A6%AE%E5%A1%94%C2%B7%E5%B8%83%E9%B2%81%E5%85%8B%E7%BA%B3%208bccadec54e6401889a98f316b1f5d0e.md),"作家出版社 (Reading/Publisher/%E4%BD%9C%E5%AE%B6%E5%87%BA%E7%89%88%E7%A4%BE%20f7a0e637f1214e3f924512bbe55247b8.md), 全本书店 (Reading/Publisher/%E5%85%A8%E6%9C%AC%E4%B9%A6%E5%BA%97%20f5532232d5c642cc9bd383a21c705d73.md)",赠送 (Reading/Platform/%E8%B5%A0%E9%80%81%20455e7d509df3444ebf2c9c50269c654b.md),9787506387927,长篇 (Reading/Category/%E9%95%BF%E7%AF%87%206b4e322679ec4c5e98aaa5526375f168.md),1,,,"July 28, 2024 3:04 PM","July 28, 2024 3:08 PM"
浮生六记,,沈复 (Reading/Author/%E6%B2%88%E5%A4%8D%2087601d0b5b384bc885914db295061308.md),"浙江文艺出版社 (Reading/Publisher/%E6%B5%99%E6%B1%9F%E6%96%87%E8%89%BA%E5%87%BA%E7%89%88%E7%A4%BE%20a1a3ebbcdfff41aba54adb589a51adf2.md), 大星 (Reading/Publisher/%E5%A4%A7%E6%98%9F%209ad8c0d79a6c42c7a5106ea93fdd0edb.md)",赠送 (Reading/Platform/%E8%B5%A0%E9%80%81%20455e7d509df3444ebf2c9c50269c654b.md),"
9787533948108","小品 (Reading/Category/%E5%B0%8F%E5%93%81%2037e0b2be8e6a4a0b89b27c594bf9cff6.md), 经典 (Reading/Category/%E7%BB%8F%E5%85%B8%20e210ce3838764a44bf39c141b13e0070.md)",1,,,"July 27, 2024 11:27 PM","July 28, 2024 2:53 PM"
外国建筑历史图说,,罗小未 (Reading/Author/%E7%BD%97%E5%B0%8F%E6%9C%AA%202b97121ecc3842f890f6d2cb8e246ca4.md),同济大学出版社 (Reading/Publisher/%E5%90%8C%E6%B5%8E%E5%A4%A7%E5%AD%A6%E5%87%BA%E7%89%88%E7%A4%BE%20e4b36b7535ab4701aec284daee8e0317.md),赠送 (Reading/Platform/%E8%B5%A0%E9%80%81%20455e7d509df3444ebf2c9c50269c654b.md),9787560811154,艺术 (Reading/Category/%E8%89%BA%E6%9C%AF%206783edfd7c2c40ca896345da888efd8c.md),1,,,"June 4, 2024 7:50 PM","July 27, 2024 10:03 PM"
下次你路过，人间已无我,5.5,余光中 (Reading/Author/%E4%BD%99%E5%85%89%E4%B8%AD%2041bd9a845298481a8de598f28770f901.md),江西人民出版社 (Reading/Publisher/%E6%B1%9F%E8%A5%BF%E4%BA%BA%E6%B0%91%E5%87%BA%E7%89%88%E7%A4%BE%20ce33fe41aced4d0ba827c9f4efbd094e.md),拼多多 (Reading/Platform/%E6%8B%BC%E5%A4%9A%E5%A4%9A%20db19793d87f549c3ba08ccdb17b42c9e.md),9787210109259,诗歌 (Reading/Category/%E8%AF%97%E6%AD%8C%206d14d7489136407a8593422aa182b379.md),1,,,"November 19, 2023 4:15 PM","July 27, 2024 10:00 PM"
缘缘堂随笔,4,丰子恺 (Reading/Author/%E4%B8%B0%E5%AD%90%E6%81%BA%20ab347db71af14c8985f36b1c7b60d8b5.md),江苏人民出版社 (Reading/Publisher/%E6%B1%9F%E8%8B%8F%E4%BA%BA%E6%B0%91%E5%87%BA%E7%89%88%E7%A4%BE%205b03ce66f695401183dbd4620883f53c.md),番茄 (Reading/Platform/%E7%95%AA%E8%8C%84%20bb113666fc9f49d1ad34f06fead7f835.md),9787214193346,散文 (Reading/Category/%E6%95%A3%E6%96%87%20d94c81dc272b4510b64387a9402d125c.md),1,,,"December 1, 2023 11:42 AM","July 27, 2024 10:00 PM"
人间有味,8.74,汪曾祺 (Reading/Author/%E6%B1%AA%E6%9B%BE%E7%A5%BA%209a82d2f336c6445a806033a24612cceb.md),北京时代华文书局 (Reading/Publisher/%E5%8C%97%E4%BA%AC%E6%97%B6%E4%BB%A3%E5%8D%8E%E6%96%87%E4%B9%A6%E5%B1%80%204a1265bc1ab24e2b8d9a8fba4bdb7145.md),淘宝 (Reading/Platform/%E6%B7%98%E5%AE%9D%20c7f52ce2740b41f98aef55e4ce0688de.md),9787569913538,散文 (Reading/Category/%E6%95%A3%E6%96%87%20d94c81dc272b4510b64387a9402d125c.md),1,,,"September 25, 2023 3:17 PM","July 27, 2024 9:56 PM"
人间小暖,9.87,汪曾祺 (Reading/Author/%E6%B1%AA%E6%9B%BE%E7%A5%BA%209a82d2f336c6445a806033a24612cceb.md),天津人民出版社 (Reading/Publisher/%E5%A4%A9%E6%B4%A5%E4%BA%BA%E6%B0%91%E5%87%BA%E7%89%88%E7%A4%BE%2043eaef3726f04adeaecbdeaad42fe66b.md),淘宝 (Reading/Platform/%E6%B7%98%E5%AE%9D%20c7f52ce2740b41f98aef55e4ce0688de.md),9787201125237,散文 (Reading/Category/%E6%95%A3%E6%96%87%20d94c81dc272b4510b64387a9402d125c.md),1,,,"September 25, 2023 3:17 PM","July 27, 2024 9:53 PM"
人生有趣,9.87,汪曾祺 (Reading/Author/%E6%B1%AA%E6%9B%BE%E7%A5%BA%209a82d2f336c6445a806033a24612cceb.md),天津人民出版社 (Reading/Publisher/%E5%A4%A9%E6%B4%A5%E4%BA%BA%E6%B0%91%E5%87%BA%E7%89%88%E7%A4%BE%2043eaef3726f04adeaecbdeaad42fe66b.md),淘宝 (Reading/Platform/%E6%B7%98%E5%AE%9D%20c7f52ce2740b41f98aef55e4ce0688de.md),9787201125220,散文 (Reading/Category/%E6%95%A3%E6%96%87%20d94c81dc272b4510b64387a9402d125c.md),1,,,"September 25, 2023 3:17 PM","July 27, 2024 9:53 PM"
雅舍谈吃,0.27,梁实秋 (Reading/Author/%E6%A2%81%E5%AE%9E%E7%A7%8B%202ab653f787274891ae51679723033ab9.md),青岛出版社 (Reading/Publisher/%E9%9D%92%E5%B2%9B%E5%87%BA%E7%89%88%E7%A4%BE%20214e8aa6b0914b0088f12281396c8688.md),抖音 (Reading/Platform/%E6%8A%96%E9%9F%B3%20bda2aad8d7a64269931fcf174a026721.md),9787555291565,散文 (Reading/Category/%E6%95%A3%E6%96%87%20d94c81dc272b4510b64387a9402d125c.md),1,,,"May 25, 2024 1:28 PM","July 27, 2024 9:53 PM"
万历十五年,0.01,黄仁宇 (Reading/Author/%E9%BB%84%E4%BB%81%E5%AE%87%20d0dca7b13e4647d987846ef230f19015.md),生活·读书·新知三联书店 (Reading/Publisher/%E7%94%9F%E6%B4%BB%C2%B7%E8%AF%BB%E4%B9%A6%C2%B7%E6%96%B0%E7%9F%A5%E4%B8%89%E8%81%94%E4%B9%A6%E5%BA%97%20bff057dbdeb44d178d8b7071482927c2.md),番茄 (Reading/Platform/%E7%95%AA%E8%8C%84%20bb113666fc9f49d1ad34f06fead7f835.md),9787108009821,历史 (Reading/Category/%E5%8E%86%E5%8F%B2%201a0d5f76b6ef49c08c573167fa6554dc.md),1,,,"December 4, 2023 2:07 PM","July 27, 2024 9:44 PM"
小窗幽记,0.8,陈继儒 (Reading/Author/%E9%99%88%E7%BB%A7%E5%84%92%201092ba22778e4ea8b68eeb9d1436bc7b.md),"古吴轩出版社 (Reading/Publisher/%E5%8F%A4%E5%90%B4%E8%BD%A9%E5%87%BA%E7%89%88%E7%A4%BE%2073aded6269c149eda87297ff69af2570.md), 竹石 (Reading/Publisher/%E7%AB%B9%E7%9F%B3%2084e2576df5ff459e8c711d870da4e261.md)",番茄 (Reading/Platform/%E7%95%AA%E8%8C%84%20bb113666fc9f49d1ad34f06fead7f835.md),9787554615485,"小品 (Reading/Category/%E5%B0%8F%E5%93%81%2037e0b2be8e6a4a0b89b27c594bf9cff6.md), 经典 (Reading/Category/%E7%BB%8F%E5%85%B8%20e210ce3838764a44bf39c141b13e0070.md)",1,,,"December 23, 2023 9:48 PM","July 27, 2024 9:43 PM"
长生殿,0.01,洪昇 (Reading/Author/%E6%B4%AA%E6%98%87%20636224d79c0443248afe4c735347701b.md),知识出版社 (Reading/Publisher/%E7%9F%A5%E8%AF%86%E5%87%BA%E7%89%88%E7%A4%BE%209da8cb8cf2394236a98ebc6d1764e0f5.md),番茄 (Reading/Platform/%E7%95%AA%E8%8C%84%20bb113666fc9f49d1ad34f06fead7f835.md),9787501584345,"戏剧 (Reading/Category/%E6%88%8F%E5%89%A7%20e786d4f51d774802a89bd5322357426f.md), 经典 (Reading/Category/%E7%BB%8F%E5%85%B8%20e210ce3838764a44bf39c141b13e0070.md)",1,,,"December 17, 2023 8:31 PM","July 27, 2024 9:42 PM"
牡丹亭,0.01,汤显祖 (Reading/Author/%E6%B1%A4%E6%98%BE%E7%A5%96%20a61e949847444c2f8bc59b981757a699.md),知识出版社 (Reading/Publisher/%E7%9F%A5%E8%AF%86%E5%87%BA%E7%89%88%E7%A4%BE%209da8cb8cf2394236a98ebc6d1764e0f5.md),番茄 (Reading/Platform/%E7%95%AA%E8%8C%84%20bb113666fc9f49d1ad34f06fead7f835.md),9787501584314,"戏剧 (Reading/Category/%E6%88%8F%E5%89%A7%20e786d4f51d774802a89bd5322357426f.md), 经典 (Reading/Category/%E7%BB%8F%E5%85%B8%20e210ce3838764a44bf39c141b13e0070.md)",1,,,"December 18, 2023 5:13 PM","July 27, 2024 9:42 PM"
鬼谷子,0.01,王诩 (Reading/Author/%E7%8E%8B%E8%AF%A9%204b2fb2cee7d044d1b6c66e8b65aaf5a2.md),知识出版社 (Reading/Publisher/%E7%9F%A5%E8%AF%86%E5%87%BA%E7%89%88%E7%A4%BE%209da8cb8cf2394236a98ebc6d1764e0f5.md),番茄 (Reading/Platform/%E7%95%AA%E8%8C%84%20bb113666fc9f49d1ad34f06fead7f835.md),9787501584284,"诸子 (Reading/Category/%E8%AF%B8%E5%AD%90%200dbc3ee6387344f2a2323a45695160df.md), 经典 (Reading/Category/%E7%BB%8F%E5%85%B8%20e210ce3838764a44bf39c141b13e0070.md)",1,,,"December 17, 2023 8:29 PM","July 27, 2024 9:42 PM"
素书,0.01,黄石公 (Reading/Author/%E9%BB%84%E7%9F%B3%E5%85%AC%20fb66450acc4843c1ae26fa177da346e4.md),华龄出版社 (Reading/Publisher/%E5%8D%8E%E9%BE%84%E5%87%BA%E7%89%88%E7%A4%BE%20928a8697249e4ea0b7fae7bed142aac2.md),番茄 (Reading/Platform/%E7%95%AA%E8%8C%84%20bb113666fc9f49d1ad34f06fead7f835.md),9787516922835,经典 (Reading/Category/%E7%BB%8F%E5%85%B8%20e210ce3838764a44bf39c141b13e0070.md),0,,,"January 8, 2024 5:07 PM","July 27, 2024 9:41 PM"
易经,0.01,"伏羲 (Reading/Author/%E4%BC%8F%E7%BE%B2%203e771332c5734da6bc5a2cb36a52fd65.md), 姬昌 (Reading/Author/%E5%A7%AC%E6%98%8C%20220c037e3cf04b80bc17a241290e7ab8.md), 孔子 (Reading/Author/%E5%AD%94%E5%AD%90%2027d9bedf4e24428bb236344ca265513b.md)",华龄出版社 (Reading/Publisher/%E5%8D%8E%E9%BE%84%E5%87%BA%E7%89%88%E7%A4%BE%20928a8697249e4ea0b7fae7bed142aac2.md),番茄 (Reading/Platform/%E7%95%AA%E8%8C%84%20bb113666fc9f49d1ad34f06fead7f835.md),9787516909263,经典 (Reading/Category/%E7%BB%8F%E5%85%B8%20e210ce3838764a44bf39c141b13e0070.md),0,,,"January 4, 2024 5:31 PM","July 27, 2024 9:41 PM"
人间词话,3.67,王国维 (Reading/Author/%E7%8E%8B%E5%9B%BD%E7%BB%B4%2017d079848b2a43dbb82b3b0e89a66002.md),天地出版社 (Reading/Publisher/%E5%A4%A9%E5%9C%B0%E5%87%BA%E7%89%88%E7%A4%BE%20b54972603412494d866717d2143ef41f.md),淘宝 (Reading/Platform/%E6%B7%98%E5%AE%9D%20c7f52ce2740b41f98aef55e4ce0688de.md),9787545550146,国学 (Reading/Category/%E5%9B%BD%E5%AD%A6%201a4e5ee48605434199b479f4204a0599.md),1,50,9,"October 15, 2023 9:23 PM","July 27, 2024 9:35 PM"
中国近代史,3.74,蒋廷黻 (Reading/Author/%E8%92%8B%E5%BB%B7%E9%BB%BB%20928c10a687f9412da7b9eb58f049c3f7.md),"北京时代华文书局 (Reading/Publisher/%E5%8C%97%E4%BA%AC%E6%97%B6%E4%BB%A3%E5%8D%8E%E6%96%87%E4%B9%A6%E5%B1%80%204a1265bc1ab24e2b8d9a8fba4bdb7145.md), 领读 (Reading/Publisher/%E9%A2%86%E8%AF%BB%20d1a8ae04eeef497a8c5d108a0c048e56.md)",番茄 (Reading/Platform/%E7%95%AA%E8%8C%84%20bb113666fc9f49d1ad34f06fead7f835.md),9787569918120,历史 (Reading/Category/%E5%8E%86%E5%8F%B2%201a0d5f76b6ef49c08c573167fa6554dc.md),1,,,"March 30, 2024 10:10 AM","July 27, 2024 9:30 PM"
21世纪资本论,,托马斯·皮凯蒂 (Reading/Author/%E6%89%98%E9%A9%AC%E6%96%AF%C2%B7%E7%9A%AE%E5%87%AF%E8%92%82%20f64531c94e934da1bca9c64597d7e02f.md),中信出版社 (Reading/Publisher/%E4%B8%AD%E4%BF%A1%E5%87%BA%E7%89%88%E7%A4%BE%20a2f0ed84a24a418097633f011c77524c.md),赠送 (Reading/Platform/%E8%B5%A0%E9%80%81%20455e7d509df3444ebf2c9c50269c654b.md),9787508647258,社科 (Reading/Category/%E7%A4%BE%E7%A7%91%208329bdf601ac465ca4e46a05103e22c7.md),1,,,"October 7, 2023 3:29 PM","July 27, 2024 9:29 PM"
中国历代政治得失,12.68,钱穆 (Reading/Author/%E9%92%B1%E7%A9%86%201d4a2b38ced7458b8e237019a05a0397.md),生活·读书·新知三联书店 (Reading/Publisher/%E7%94%9F%E6%B4%BB%C2%B7%E8%AF%BB%E4%B9%A6%C2%B7%E6%96%B0%E7%9F%A5%E4%B8%89%E8%81%94%E4%B9%A6%E5%BA%97%20bff057dbdeb44d178d8b7071482927c2.md),拼多多 (Reading/Platform/%E6%8B%BC%E5%A4%9A%E5%A4%9A%20db19793d87f549c3ba08ccdb17b42c9e.md),9787108063007,历史 (Reading/Category/%E5%8E%86%E5%8F%B2%201a0d5f76b6ef49c08c573167fa6554dc.md),1,,,"July 24, 2024 10:55 PM","July 27, 2024 3:22 PM"
流俗地,7.16,黎紫书 (Reading/Author/%E9%BB%8E%E7%B4%AB%E4%B9%A6%2045c74528b163415c95175c78b44a0685.md),"北京十月文艺出版社 (Reading/Publisher/%E5%8C%97%E4%BA%AC%E5%8D%81%E6%9C%88%E6%96%87%E8%89%BA%E5%87%BA%E7%89%88%E7%A4%BE%203a0dcd86170d49d9ba43e6f8c991c984.md), 新经典 (Reading/Publisher/%E6%96%B0%E7%BB%8F%E5%85%B8%20248fc2414a2b41a8bc70dd326b9ca023.md)",得物 (Reading/Platform/%E5%BE%97%E7%89%A9%2051891840473a41d09051a459893b9edd.md),9787530221280,长篇 (Reading/Category/%E9%95%BF%E7%AF%87%206b4e322679ec4c5e98aaa5526375f168.md),1,,,"May 17, 2024 6:43 PM","July 27, 2024 11:44 AM"
雨,2.38,黄锦树 (Reading/Author/%E9%BB%84%E9%94%A6%E6%A0%91%20d55cb716a7234a57aae746a60bfbb384.md),"四川人民出版社 (Reading/Publisher/%E5%9B%9B%E5%B7%9D%E4%BA%BA%E6%B0%91%E5%87%BA%E7%89%88%E7%A4%BE%2077dff9f73e6645dbbc632f7589f7d2e2.md), 后浪 (Reading/Publisher/%E5%90%8E%E6%B5%AA%20564ec2bdec584ab6870e49dc63cd7e78.md)",京东 (Reading/Platform/%E4%BA%AC%E4%B8%9C%20991081d220754871a65ea5285ec56e3b.md),9787220105135,长篇 (Reading/Category/%E9%95%BF%E7%AF%87%206b4e322679ec4c5e98aaa5526375f168.md),1,,,"April 27, 2024 11:10 AM","July 27, 2024 11:44 AM"
朝花夕拾,2.5,鲁迅 (Reading/Author/%E9%B2%81%E8%BF%85%2019809c6ab49642a3a6a9786dd0e2b846.md),"天津人民出版社 (Reading/Publisher/%E5%A4%A9%E6%B4%A5%E4%BA%BA%E6%B0%91%E5%87%BA%E7%89%88%E7%A4%BE%2043eaef3726f04adeaecbdeaad42fe66b.md), 果麦 (Reading/Publisher/%E6%9E%9C%E9%BA%A6%20eab69198a3ab4d18839c72f592c9c46b.md)",番茄 (Reading/Platform/%E7%95%AA%E8%8C%84%20bb113666fc9f49d1ad34f06fead7f835.md),9787201089140,散文 (Reading/Category/%E6%95%A3%E6%96%87%20d94c81dc272b4510b64387a9402d125c.md),1,,,"November 29, 2023 11:25 AM","July 27, 2024 11:44 AM"
群书治要,0,魏徵 (Reading/Author/%E9%AD%8F%E5%BE%B5%201dd8cb0d8ad1462cb1d747610dcd0138.md),北京联合出版公司 (Reading/Publisher/%E5%8C%97%E4%BA%AC%E8%81%94%E5%90%88%E5%87%BA%E7%89%88%E5%85%AC%E5%8F%B8%20371c06c64a4f48e3932001ab121d7992.md),得物 (Reading/Platform/%E5%BE%97%E7%89%A9%2051891840473a41d09051a459893b9edd.md),9787550291515,"散文 (Reading/Category/%E6%95%A3%E6%96%87%20d94c81dc272b4510b64387a9402d125c.md), 经典 (Reading/Category/%E7%BB%8F%E5%85%B8%20e210ce3838764a44bf39c141b13e0070.md)",0,,,"May 22, 2024 10:33 AM","July 27, 2024 11:44 AM"
追忆似水年华,55.16,马赛尔·普鲁斯特 (Reading/Author/%E9%A9%AC%E8%B5%9B%E5%B0%94%C2%B7%E6%99%AE%E9%B2%81%E6%96%AF%E7%89%B9%20e88061ebce584bab96a46c4d25b6e89f.md),译林出版社 (Reading/Publisher/%E8%AF%91%E6%9E%97%E5%87%BA%E7%89%88%E7%A4%BE%209928c83dbb0947949034efce236fe3b8.md),京东 (Reading/Platform/%E4%BA%AC%E4%B8%9C%20991081d220754871a65ea5285ec56e3b.md),9787544716239,长篇 (Reading/Category/%E9%95%BF%E7%AF%87%206b4e322679ec4c5e98aaa5526375f168.md),1,,,"June 18, 2024 10:23 AM","July 27, 2024 11:44 AM"
韩愈文集,0,韩愈 (Reading/Author/%E9%9F%A9%E6%84%88%2090cc892d93d54ad981c6a135c4ac63b2.md),北京联合出版公司 (Reading/Publisher/%E5%8C%97%E4%BA%AC%E8%81%94%E5%90%88%E5%87%BA%E7%89%88%E5%85%AC%E5%8F%B8%20371c06c64a4f48e3932001ab121d7992.md),得物 (Reading/Platform/%E5%BE%97%E7%89%A9%2051891840473a41d09051a459893b9edd.md),9787559615282,"散文 (Reading/Category/%E6%95%A3%E6%96%87%20d94c81dc272b4510b64387a9402d125c.md), 经典 (Reading/Category/%E7%BB%8F%E5%85%B8%20e210ce3838764a44bf39c141b13e0070.md)",0,,,"May 20, 2024 4:00 PM","July 27, 2024 11:44 AM"
中国文学论丛,,钱穆 (Reading/Author/%E9%92%B1%E7%A9%86%201d4a2b38ced7458b8e237019a05a0397.md),生活·读书·新知三联书店 (Reading/Publisher/%E7%94%9F%E6%B4%BB%C2%B7%E8%AF%BB%E4%B9%A6%C2%B7%E6%96%B0%E7%9F%A5%E4%B8%89%E8%81%94%E4%B9%A6%E5%BA%97%20bff057dbdeb44d178d8b7071482927c2.md),赠送 (Reading/Platform/%E8%B5%A0%E9%80%81%20455e7d509df3444ebf2c9c50269c654b.md),9787108056764,国学 (Reading/Category/%E5%9B%BD%E5%AD%A6%201a4e5ee48605434199b479f4204a0599.md),1,,,"June 7, 2024 5:10 PM","July 27, 2024 11:43 AM"
艾达之路,0.01,里卡多·皮格利亚 (Reading/Author/%E9%87%8C%E5%8D%A1%E5%A4%9A%C2%B7%E7%9A%AE%E6%A0%BC%E5%88%A9%E4%BA%9A%20e13a07f82281434fb84ca430f6c28a54.md),中央编译出版社 (Reading/Publisher/%E4%B8%AD%E5%A4%AE%E7%BC%96%E8%AF%91%E5%87%BA%E7%89%88%E7%A4%BE%201652895c29a14119a795cb013332cd08.md),抖音 (Reading/Platform/%E6%8A%96%E9%9F%B3%20bda2aad8d7a64269931fcf174a026721.md),9787511729613,长篇 (Reading/Category/%E9%95%BF%E7%AF%87%206b4e322679ec4c5e98aaa5526375f168.md),1,,,"April 27, 2024 11:37 AM","July 27, 2024 11:43 AM"
都柏林人,7.4,詹姆斯·乔伊斯 (Reading/Author/%E8%A9%B9%E5%A7%86%E6%96%AF%C2%B7%E4%B9%94%E4%BC%8A%E6%96%AF%200982ac7afc8a462ca52f9672f72fa598.md),上海译文出版社 (Reading/Publisher/%E4%B8%8A%E6%B5%B7%E8%AF%91%E6%96%87%E5%87%BA%E7%89%88%E7%A4%BE%202678101fd9c841e58f199d01b6c00513.md),京东 (Reading/Platform/%E4%BA%AC%E4%B8%9C%20991081d220754871a65ea5285ec56e3b.md),9787532773442,短篇 (Reading/Category/%E7%9F%AD%E7%AF%87%207cecd2c07ba6415e84f853878c8539bf.md),1,,,"November 2, 2023 5:36 PM","July 27, 2024 11:43 AM"
分离的幻象,0,西蒙·凡·布伊 (Reading/Author/%E8%A5%BF%E8%92%99%C2%B7%E5%87%A1%C2%B7%E5%B8%83%E4%BC%8A%202113623c96534589820eb57805f10369.md),"人民文学出版社 (Reading/Publisher/%E4%BA%BA%E6%B0%91%E6%96%87%E5%AD%A6%E5%87%BA%E7%89%88%E7%A4%BE%208f33d507688c4765a90194e25a9bf0b7.md), 99读书人 (Reading/Publisher/99%E8%AF%BB%E4%B9%A6%E4%BA%BA%202917767bc03041aebbac3242699eb32f.md)",拼多多 (Reading/Platform/%E6%8B%BC%E5%A4%9A%E5%A4%9A%20db19793d87f549c3ba08ccdb17b42c9e.md),9787020110643,长篇 (Reading/Category/%E9%95%BF%E7%AF%87%206b4e322679ec4c5e98aaa5526375f168.md),1,,,"March 16, 2024 6:43 PM","July 27, 2024 11:43 AM"
奇迹唱片行,0.01,蕾秋·乔伊斯 (Reading/Author/%E8%95%BE%E7%A7%8B%C2%B7%E4%B9%94%E4%BC%8A%E6%96%AF%20749308bcae9c4582bd206c2106b3ea90.md),"北京联合出版公司 (Reading/Publisher/%E5%8C%97%E4%BA%AC%E8%81%94%E5%90%88%E5%87%BA%E7%89%88%E5%85%AC%E5%8F%B8%20371c06c64a4f48e3932001ab121d7992.md), 磨铁 (Reading/Publisher/%E7%A3%A8%E9%93%81%2099d26a5f51864c42832c80424c1f3761.md)",番茄 (Reading/Platform/%E7%95%AA%E8%8C%84%20bb113666fc9f49d1ad34f06fead7f835.md),9787559623515,长篇 (Reading/Category/%E9%95%BF%E7%AF%87%206b4e322679ec4c5e98aaa5526375f168.md),1,,,"December 20, 2023 4:04 PM","July 27, 2024 11:43 AM"
秋灯琐忆,0.01,蒋坦 (Reading/Author/%E8%92%8B%E5%9D%A6%203301d151e9614b81b1d507ed5d3613be.md),古吴轩出版社 (Reading/Publisher/%E5%8F%A4%E5%90%B4%E8%BD%A9%E5%87%BA%E7%89%88%E7%A4%BE%2073aded6269c149eda87297ff69af2570.md),番茄 (Reading/Platform/%E7%95%AA%E8%8C%84%20bb113666fc9f49d1ad34f06fead7f835.md),9787554620502,"小品 (Reading/Category/%E5%B0%8F%E5%93%81%2037e0b2be8e6a4a0b89b27c594bf9cff6.md), 经典 (Reading/Category/%E7%BB%8F%E5%85%B8%20e210ce3838764a44bf39c141b13e0070.md)",1,,,"December 15, 2023 3:10 PM","July 27, 2024 11:43 AM"
那些忧伤的年轻人,9.9,菲茨杰拉德 (Reading/Author/%E8%8F%B2%E8%8C%A8%E6%9D%B0%E6%8B%89%E5%BE%B7%20c266cfc12aa049bda47a038f8ce3e236.md),"深圳报业集团出版社 (Reading/Publisher/%E6%B7%B1%E5%9C%B3%E6%8A%A5%E4%B8%9A%E9%9B%86%E5%9B%A2%E5%87%BA%E7%89%88%E7%A4%BE%20fd3c6b7f289f4b57bbbc8d7b626d3af1.md), 果麦 (Reading/Publisher/%E6%9E%9C%E9%BA%A6%20eab69198a3ab4d18839c72f592c9c46b.md)",拼多多 (Reading/Platform/%E6%8B%BC%E5%A4%9A%E5%A4%9A%20db19793d87f549c3ba08ccdb17b42c9e.md),9787807097747,长篇 (Reading/Category/%E9%95%BF%E7%AF%87%206b4e322679ec4c5e98aaa5526375f168.md),1,,,"November 13, 2023 3:49 PM","July 27, 2024 11:43 AM"
爵士时代的故事,10.88,菲茨杰拉德 (Reading/Author/%E8%8F%B2%E8%8C%A8%E6%9D%B0%E6%8B%89%E5%BE%B7%20c266cfc12aa049bda47a038f8ce3e236.md),"深圳报业集团出版社 (Reading/Publisher/%E6%B7%B1%E5%9C%B3%E6%8A%A5%E4%B8%9A%E9%9B%86%E5%9B%A2%E5%87%BA%E7%89%88%E7%A4%BE%20fd3c6b7f289f4b57bbbc8d7b626d3af1.md), 果麦 (Reading/Publisher/%E6%9E%9C%E9%BA%A6%20eab69198a3ab4d18839c72f592c9c46b.md)",拼多多 (Reading/Platform/%E6%8B%BC%E5%A4%9A%E5%A4%9A%20db19793d87f549c3ba08ccdb17b42c9e.md),9787807098232,短篇 (Reading/Category/%E7%9F%AD%E7%AF%87%207cecd2c07ba6415e84f853878c8539bf.md),1,,,"November 13, 2023 3:51 PM","July 27, 2024 11:43 AM"
了不起的盖茨比,6.9,菲茨杰拉德 (Reading/Author/%E8%8F%B2%E8%8C%A8%E6%9D%B0%E6%8B%89%E5%BE%B7%20c266cfc12aa049bda47a038f8ce3e236.md),"深圳报业集团出版社 (Reading/Publisher/%E6%B7%B1%E5%9C%B3%E6%8A%A5%E4%B8%9A%E9%9B%86%E5%9B%A2%E5%87%BA%E7%89%88%E7%A4%BE%20fd3c6b7f289f4b57bbbc8d7b626d3af1.md), 果麦 (Reading/Publisher/%E6%9E%9C%E9%BA%A6%20eab69198a3ab4d18839c72f592c9c46b.md)",拼多多 (Reading/Platform/%E6%8B%BC%E5%A4%9A%E5%A4%9A%20db19793d87f549c3ba08ccdb17b42c9e.md),9787807098140,长篇 (Reading/Category/%E9%95%BF%E7%AF%87%206b4e322679ec4c5e98aaa5526375f168.md),1,,,"November 13, 2023 3:45 PM","July 27, 2024 11:43 AM"
莎士比亚悲剧集,4,莎士比亚 (Reading/Author/%E8%8E%8E%E5%A3%AB%E6%AF%94%E4%BA%9A%209bc284ad369843a1aeaa0a7a2be34f6b.md),中央编译出版社 (Reading/Publisher/%E4%B8%AD%E5%A4%AE%E7%BC%96%E8%AF%91%E5%87%BA%E7%89%88%E7%A4%BE%201652895c29a14119a795cb013332cd08.md),番茄 (Reading/Platform/%E7%95%AA%E8%8C%84%20bb113666fc9f49d1ad34f06fead7f835.md),9787511725547,戏剧 (Reading/Category/%E6%88%8F%E5%89%A7%20e786d4f51d774802a89bd5322357426f.md),1,,,"December 27, 2023 11:12 AM","July 27, 2024 11:43 AM"
莎士比亚喜剧集,4,莎士比亚 (Reading/Author/%E8%8E%8E%E5%A3%AB%E6%AF%94%E4%BA%9A%209bc284ad369843a1aeaa0a7a2be34f6b.md),中央编译出版社 (Reading/Publisher/%E4%B8%AD%E5%A4%AE%E7%BC%96%E8%AF%91%E5%87%BA%E7%89%88%E7%A4%BE%201652895c29a14119a795cb013332cd08.md),番茄 (Reading/Platform/%E7%95%AA%E8%8C%84%20bb113666fc9f49d1ad34f06fead7f835.md),9787511725417,戏剧 (Reading/Category/%E6%88%8F%E5%89%A7%20e786d4f51d774802a89bd5322357426f.md),1,,,"December 27, 2023 11:12 AM","July 27, 2024 11:43 AM"
逃离,12.3,艾丽丝·门罗 (Reading/Author/%E8%89%BE%E4%B8%BD%E4%B8%9D%C2%B7%E9%97%A8%E7%BD%97%20144137e4552e487fb7169f75db73f25a.md),"北京十月文艺出版社 (Reading/Publisher/%E5%8C%97%E4%BA%AC%E5%8D%81%E6%9C%88%E6%96%87%E8%89%BA%E5%87%BA%E7%89%88%E7%A4%BE%203a0dcd86170d49d9ba43e6f8c991c984.md), 新经典 (Reading/Publisher/%E6%96%B0%E7%BB%8F%E5%85%B8%20248fc2414a2b41a8bc70dd326b9ca023.md)",京东 (Reading/Platform/%E4%BA%AC%E4%B8%9C%20991081d220754871a65ea5285ec56e3b.md),9787530216224,短篇 (Reading/Category/%E7%9F%AD%E7%AF%87%207cecd2c07ba6415e84f853878c8539bf.md),1,,,"November 2, 2023 5:27 PM","July 27, 2024 11:43 AM"
活出生命的意义,,维克多·弗兰克尔 (Reading/Author/%E7%BB%B4%E5%85%8B%E5%A4%9A%C2%B7%E5%BC%97%E5%85%B0%E5%85%8B%E5%B0%94%200dd444cc74ef4252a1c2bd0e3c27a2b0.md),华夏出版社 (Reading/Publisher/%E5%8D%8E%E5%A4%8F%E5%87%BA%E7%89%88%E7%A4%BE%202bb2b6637048483fbbc3bd7e61ed3443.md),赠送 (Reading/Platform/%E8%B5%A0%E9%80%81%20455e7d509df3444ebf2c9c50269c654b.md),9787508058993,社科 (Reading/Category/%E7%A4%BE%E7%A7%91%208329bdf601ac465ca4e46a05103e22c7.md),1,,,"July 25, 2024 11:50 AM","July 27, 2024 11:42 AM"
草原新娘,0.01,纪伯伦 (Reading/Author/%E7%BA%AA%E4%BC%AF%E4%BC%A6%204a7dba30584e4174b0116879de2de67d.md),中央编译出版社 (Reading/Publisher/%E4%B8%AD%E5%A4%AE%E7%BC%96%E8%AF%91%E5%87%BA%E7%89%88%E7%A4%BE%201652895c29a14119a795cb013332cd08.md),番茄 (Reading/Platform/%E7%95%AA%E8%8C%84%20bb113666fc9f49d1ad34f06fead7f835.md),9787511709530,长篇 (Reading/Category/%E9%95%BF%E7%AF%87%206b4e322679ec4c5e98aaa5526375f168.md),1,,,"December 8, 2023 2:59 PM","July 27, 2024 11:42 AM"
暴风雨,0.01,纪伯伦 (Reading/Author/%E7%BA%AA%E4%BC%AF%E4%BC%A6%204a7dba30584e4174b0116879de2de67d.md),中央编译出版社 (Reading/Publisher/%E4%B8%AD%E5%A4%AE%E7%BC%96%E8%AF%91%E5%87%BA%E7%89%88%E7%A4%BE%201652895c29a14119a795cb013332cd08.md),番茄 (Reading/Platform/%E7%95%AA%E8%8C%84%20bb113666fc9f49d1ad34f06fead7f835.md),9787511709554,长篇 (Reading/Category/%E9%95%BF%E7%AF%87%206b4e322679ec4c5e98aaa5526375f168.md),1,,,"December 8, 2023 3:01 PM","July 27, 2024 11:42 AM"
泪珠和欢笑,0.01,纪伯伦 (Reading/Author/%E7%BA%AA%E4%BC%AF%E4%BC%A6%204a7dba30584e4174b0116879de2de67d.md),中央编译出版社 (Reading/Publisher/%E4%B8%AD%E5%A4%AE%E7%BC%96%E8%AF%91%E5%87%BA%E7%89%88%E7%A4%BE%201652895c29a14119a795cb013332cd08.md),番茄 (Reading/Platform/%E7%95%AA%E8%8C%84%20bb113666fc9f49d1ad34f06fead7f835.md),9787511709547,散文 (Reading/Category/%E6%95%A3%E6%96%87%20d94c81dc272b4510b64387a9402d125c.md),1,,,"December 23, 2023 2:26 PM","July 27, 2024 11:42 AM"
我的心曾悲伤七次,0.01,纪伯伦 (Reading/Author/%E7%BA%AA%E4%BC%AF%E4%BC%A6%204a7dba30584e4174b0116879de2de67d.md),北京联合出版公司 (Reading/Publisher/%E5%8C%97%E4%BA%AC%E8%81%94%E5%90%88%E5%87%BA%E7%89%88%E5%85%AC%E5%8F%B8%20371c06c64a4f48e3932001ab121d7992.md),番茄 (Reading/Platform/%E7%95%AA%E8%8C%84%20bb113666fc9f49d1ad34f06fead7f835.md),9787559610072,诗歌 (Reading/Category/%E8%AF%97%E6%AD%8C%206d14d7489136407a8593422aa182b379.md),0,,,"January 10, 2024 9:57 PM","July 27, 2024 11:42 AM"
春野.阳光.众鸟归来,0.5,约翰·巴勒斯 (Reading/Author/%E7%BA%A6%E7%BF%B0%C2%B7%E5%B7%B4%E5%8B%92%E6%96%AF%20acf9e95ae7e44ea7ad24951c7f1273f8.md),北京联合出版公司 (Reading/Publisher/%E5%8C%97%E4%BA%AC%E8%81%94%E5%90%88%E5%87%BA%E7%89%88%E5%85%AC%E5%8F%B8%20371c06c64a4f48e3932001ab121d7992.md),番茄 (Reading/Platform/%E7%95%AA%E8%8C%84%20bb113666fc9f49d1ad34f06fead7f835.md),9787559612212,散文 (Reading/Category/%E6%95%A3%E6%96%87%20d94c81dc272b4510b64387a9402d125c.md),0,,,"January 11, 2024 5:16 PM","July 27, 2024 11:42 AM"
长日将尽,14.5,石黑一雄 (Reading/Author/%E7%9F%B3%E9%BB%91%E4%B8%80%E9%9B%84%2049a433e74cf74f33bc0062ad76a6dd19.md),上海译文出版社 (Reading/Publisher/%E4%B8%8A%E6%B5%B7%E8%AF%91%E6%96%87%E5%87%BA%E7%89%88%E7%A4%BE%202678101fd9c841e58f199d01b6c00513.md),京东 (Reading/Platform/%E4%BA%AC%E4%B8%9C%20991081d220754871a65ea5285ec56e3b.md),9787532777532,长篇 (Reading/Category/%E9%95%BF%E7%AF%87%206b4e322679ec4c5e98aaa5526375f168.md),1,,,"November 2, 2023 5:26 PM","July 27, 2024 11:42 AM"
远山淡影,6.84,石黑一雄 (Reading/Author/%E7%9F%B3%E9%BB%91%E4%B8%80%E9%9B%84%2049a433e74cf74f33bc0062ad76a6dd19.md),上海译文出版社 (Reading/Publisher/%E4%B8%8A%E6%B5%B7%E8%AF%91%E6%96%87%E5%87%BA%E7%89%88%E7%A4%BE%202678101fd9c841e58f199d01b6c00513.md),抖音 (Reading/Platform/%E6%8A%96%E9%9F%B3%20bda2aad8d7a64269931fcf174a026721.md),9787532753451,长篇 (Reading/Category/%E9%95%BF%E7%AF%87%206b4e322679ec4c5e98aaa5526375f168.md),1,,,"November 10, 2023 4:18 PM","July 27, 2024 11:42 AM"
莫失莫忘,14.81,石黑一雄 (Reading/Author/%E7%9F%B3%E9%BB%91%E4%B8%80%E9%9B%84%2049a433e74cf74f33bc0062ad76a6dd19.md),上海译文出版社 (Reading/Publisher/%E4%B8%8A%E6%B5%B7%E8%AF%91%E6%96%87%E5%87%BA%E7%89%88%E7%A4%BE%202678101fd9c841e58f199d01b6c00513.md),抖音 (Reading/Platform/%E6%8A%96%E9%9F%B3%20bda2aad8d7a64269931fcf174a026721.md),9787532777938,长篇 (Reading/Category/%E9%95%BF%E7%AF%87%206b4e322679ec4c5e98aaa5526375f168.md),1,,,"November 10, 2023 4:16 PM","July 27, 2024 11:42 AM"
飘,3.75,玛格丽特·米切尔 (Reading/Author/%E7%8E%9B%E6%A0%BC%E4%B8%BD%E7%89%B9%C2%B7%E7%B1%B3%E5%88%87%E5%B0%94%204ba962ed7b8e428ba3c157ae6c97008a.md),浙江文艺出版社 (Reading/Publisher/%E6%B5%99%E6%B1%9F%E6%96%87%E8%89%BA%E5%87%BA%E7%89%88%E7%A4%BE%20a1a3ebbcdfff41aba54adb589a51adf2.md),京东 (Reading/Platform/%E4%BA%AC%E4%B8%9C%20991081d220754871a65ea5285ec56e3b.md),9787533925291,长篇 (Reading/Category/%E9%95%BF%E7%AF%87%206b4e322679ec4c5e98aaa5526375f168.md),1,,,"April 27, 2024 11:22 AM","July 27, 2024 11:42 AM"
王安石曾巩集,0.01,"王安石 (Reading/Author/%E7%8E%8B%E5%AE%89%E7%9F%B3%20ecd50f7ad10d4afb8c64ea1392c8541a.md), 曾巩 (Reading/Author/%E6%9B%BE%E5%B7%A9%20075063380eb445c6bc7065408f63efcf.md)",北京联合出版公司 (Reading/Publisher/%E5%8C%97%E4%BA%AC%E8%81%94%E5%90%88%E5%87%BA%E7%89%88%E5%85%AC%E5%8F%B8%20371c06c64a4f48e3932001ab121d7992.md),抖音 (Reading/Platform/%E6%8A%96%E9%9F%B3%20bda2aad8d7a64269931fcf174a026721.md),9787559611888,"散文 (Reading/Category/%E6%95%A3%E6%96%87%20d94c81dc272b4510b64387a9402d125c.md), 经典 (Reading/Category/%E7%BB%8F%E5%85%B8%20e210ce3838764a44bf39c141b13e0070.md)",0,,,"May 25, 2024 1:27 PM","July 27, 2024 11:41 AM"
诗词格律概要,0.2,王力 (Reading/Author/%E7%8E%8B%E5%8A%9B%2000385b5611974c5ab5e73f64f9f8d3dd.md),"四川人民出版社 (Reading/Publisher/%E5%9B%9B%E5%B7%9D%E4%BA%BA%E6%B0%91%E5%87%BA%E7%89%88%E7%A4%BE%2077dff9f73e6645dbbc632f7589f7d2e2.md), 后浪 (Reading/Publisher/%E5%90%8E%E6%B5%AA%20564ec2bdec584ab6870e49dc63cd7e78.md)",抖音 (Reading/Platform/%E6%8A%96%E9%9F%B3%20bda2aad8d7a64269931fcf174a026721.md),9787220113345,国学 (Reading/Category/%E5%9B%BD%E5%AD%A6%201a4e5ee48605434199b479f4204a0599.md),1,,,"June 4, 2024 8:03 PM","July 27, 2024 11:41 AM"
新月集,0.01,泰戈尔 (Reading/Author/%E6%B3%B0%E6%88%88%E5%B0%94%20063a09746adc4051913684dc8eb9f377.md),,番茄 (Reading/Platform/%E7%95%AA%E8%8C%84%20bb113666fc9f49d1ad34f06fead7f835.md),9787511037909,诗歌 (Reading/Category/%E8%AF%97%E6%AD%8C%206d14d7489136407a8593422aa182b379.md),0,,,"December 3, 2023 6:15 PM","July 27, 2024 11:41 AM"
欧阳修文集,0,欧阳修 (Reading/Author/%E6%AC%A7%E9%98%B3%E4%BF%AE%20805bec913b5942568e323cfd03273879.md),北京联合出版公司 (Reading/Publisher/%E5%8C%97%E4%BA%AC%E8%81%94%E5%90%88%E5%87%BA%E7%89%88%E5%85%AC%E5%8F%B8%20371c06c64a4f48e3932001ab121d7992.md),得物 (Reading/Platform/%E5%BE%97%E7%89%A9%2051891840473a41d09051a459893b9edd.md),9787559615206,"散文 (Reading/Category/%E6%95%A3%E6%96%87%20d94c81dc272b4510b64387a9402d125c.md), 经典 (Reading/Category/%E7%BB%8F%E5%85%B8%20e210ce3838764a44bf39c141b13e0070.md)",0,,,"May 25, 2024 5:08 PM","July 27, 2024 11:40 AM"
格林童话（售出）,-4.99,格林兄弟 (Reading/Author/%E6%A0%BC%E6%9E%97%E5%85%84%E5%BC%9F%2065b7bbbc589a45c2a90f6b48556dc364.md),,番茄 (Reading/Platform/%E7%95%AA%E8%8C%84%20bb113666fc9f49d1ad34f06fead7f835.md),9787514604702,短篇 (Reading/Category/%E7%9F%AD%E7%AF%87%207cecd2c07ba6415e84f853878c8539bf.md),0,-1,,"December 5, 2023 6:46 PM","July 27, 2024 11:40 AM"
城南旧事,0.01,林海音 (Reading/Author/%E6%9E%97%E6%B5%B7%E9%9F%B3%20324a772d5bcf4f67ab007f6ca654ee05.md),中国华侨出版社 (Reading/Publisher/%E4%B8%AD%E5%9B%BD%E5%8D%8E%E4%BE%A8%E5%87%BA%E7%89%88%E7%A4%BE%202fe0dbdda44f43f78910cc6ad3efdc38.md),番茄 (Reading/Platform/%E7%95%AA%E8%8C%84%20bb113666fc9f49d1ad34f06fead7f835.md),9787511378859,长篇 (Reading/Category/%E9%95%BF%E7%AF%87%206b4e322679ec4c5e98aaa5526375f168.md),1,,,"December 25, 2023 3:43 PM","July 27, 2024 11:40 AM"
恋上一座城,0.2,林徽因 (Reading/Author/%E6%9E%97%E5%BE%BD%E5%9B%A0%2075099954070e471a93b13db82beeb5f8.md),,番茄 (Reading/Platform/%E7%95%AA%E8%8C%84%20bb113666fc9f49d1ad34f06fead7f835.md),9787539662336,散文 (Reading/Category/%E6%95%A3%E6%96%87%20d94c81dc272b4510b64387a9402d125c.md),0,,,"January 10, 2024 9:56 PM","July 27, 2024 11:40 AM"
你若安好便是晴天,0.2,林徽因 (Reading/Author/%E6%9E%97%E5%BE%BD%E5%9B%A0%2075099954070e471a93b13db82beeb5f8.md),,番茄 (Reading/Platform/%E7%95%AA%E8%8C%84%20bb113666fc9f49d1ad34f06fead7f835.md),9787539662312,散文 (Reading/Category/%E6%95%A3%E6%96%87%20d94c81dc272b4510b64387a9402d125c.md),0,,,"January 10, 2024 9:56 PM","July 27, 2024 11:40 AM"
野性的呼唤,0.01,杰克·伦敦 (Reading/Author/%E6%9D%B0%E5%85%8B%C2%B7%E4%BC%A6%E6%95%A6%200e9caf89eed44c58a0b8b23f570e0364.md),中国华侨出版社 (Reading/Publisher/%E4%B8%AD%E5%9B%BD%E5%8D%8E%E4%BE%A8%E5%87%BA%E7%89%88%E7%A4%BE%202fe0dbdda44f43f78910cc6ad3efdc38.md),番茄 (Reading/Platform/%E7%95%AA%E8%8C%84%20bb113666fc9f49d1ad34f06fead7f835.md),9787511361189,长篇 (Reading/Category/%E9%95%BF%E7%AF%87%206b4e322679ec4c5e98aaa5526375f168.md),0,,,"January 15, 2024 2:09 PM","July 27, 2024 11:40 AM"
惊蛰,0.01,杜阳林 (Reading/Author/%E6%9D%9C%E9%98%B3%E6%9E%97%208d1a78bc19004315bd2428c6ec304b46.md),浙江文艺出版社 (Reading/Publisher/%E6%B5%99%E6%B1%9F%E6%96%87%E8%89%BA%E5%87%BA%E7%89%88%E7%A4%BE%20a1a3ebbcdfff41aba54adb589a51adf2.md),番茄 (Reading/Platform/%E7%95%AA%E8%8C%84%20bb113666fc9f49d1ad34f06fead7f835.md),9787533965099,长篇 (Reading/Category/%E9%95%BF%E7%AF%87%206b4e322679ec4c5e98aaa5526375f168.md),0,,,"February 1, 2024 1:57 PM","July 27, 2024 11:40 AM"
惊蛰,0.01,杜阳林 (Reading/Author/%E6%9D%9C%E9%98%B3%E6%9E%97%208d1a78bc19004315bd2428c6ec304b46.md),浙江文艺出版社 (Reading/Publisher/%E6%B5%99%E6%B1%9F%E6%96%87%E8%89%BA%E5%87%BA%E7%89%88%E7%A4%BE%20a1a3ebbcdfff41aba54adb589a51adf2.md),番茄 (Reading/Platform/%E7%95%AA%E8%8C%84%20bb113666fc9f49d1ad34f06fead7f835.md),9787533965099,长篇 (Reading/Category/%E9%95%BF%E7%AF%87%206b4e322679ec4c5e98aaa5526375f168.md),0,,,"February 1, 2024 2:01 PM","July 27, 2024 11:40 AM"
惊蛰,0.01,杜阳林 (Reading/Author/%E6%9D%9C%E9%98%B3%E6%9E%97%208d1a78bc19004315bd2428c6ec304b46.md),浙江文艺出版社 (Reading/Publisher/%E6%B5%99%E6%B1%9F%E6%96%87%E8%89%BA%E5%87%BA%E7%89%88%E7%A4%BE%20a1a3ebbcdfff41aba54adb589a51adf2.md),番茄 (Reading/Platform/%E7%95%AA%E8%8C%84%20bb113666fc9f49d1ad34f06fead7f835.md),9787533965099,长篇 (Reading/Category/%E9%95%BF%E7%AF%87%206b4e322679ec4c5e98aaa5526375f168.md),0,,,"February 1, 2024 2:02 PM","July 27, 2024 11:40 AM"
惊蛰,0,杜阳林 (Reading/Author/%E6%9D%9C%E9%98%B3%E6%9E%97%208d1a78bc19004315bd2428c6ec304b46.md),浙江文艺出版社 (Reading/Publisher/%E6%B5%99%E6%B1%9F%E6%96%87%E8%89%BA%E5%87%BA%E7%89%88%E7%A4%BE%20a1a3ebbcdfff41aba54adb589a51adf2.md),番茄 (Reading/Platform/%E7%95%AA%E8%8C%84%20bb113666fc9f49d1ad34f06fead7f835.md),9787533965099,长篇 (Reading/Category/%E9%95%BF%E7%AF%87%206b4e322679ec4c5e98aaa5526375f168.md),0,,,"February 1, 2024 2:02 PM","July 27, 2024 11:40 AM"
惊蛰,0,杜阳林 (Reading/Author/%E6%9D%9C%E9%98%B3%E6%9E%97%208d1a78bc19004315bd2428c6ec304b46.md),浙江文艺出版社 (Reading/Publisher/%E6%B5%99%E6%B1%9F%E6%96%87%E8%89%BA%E5%87%BA%E7%89%88%E7%A4%BE%20a1a3ebbcdfff41aba54adb589a51adf2.md),番茄 (Reading/Platform/%E7%95%AA%E8%8C%84%20bb113666fc9f49d1ad34f06fead7f835.md),9787533965099,长篇 (Reading/Category/%E9%95%BF%E7%AF%87%206b4e322679ec4c5e98aaa5526375f168.md),0,,,"February 1, 2024 2:02 PM","July 27, 2024 11:40 AM"
惊蛰,0,杜阳林 (Reading/Author/%E6%9D%9C%E9%98%B3%E6%9E%97%208d1a78bc19004315bd2428c6ec304b46.md),浙江文艺出版社 (Reading/Publisher/%E6%B5%99%E6%B1%9F%E6%96%87%E8%89%BA%E5%87%BA%E7%89%88%E7%A4%BE%20a1a3ebbcdfff41aba54adb589a51adf2.md),番茄 (Reading/Platform/%E7%95%AA%E8%8C%84%20bb113666fc9f49d1ad34f06fead7f835.md),9787533965099,长篇 (Reading/Category/%E9%95%BF%E7%AF%87%206b4e322679ec4c5e98aaa5526375f168.md),0,,,"February 1, 2024 2:02 PM","July 27, 2024 11:40 AM"
惊蛰,0,杜阳林 (Reading/Author/%E6%9D%9C%E9%98%B3%E6%9E%97%208d1a78bc19004315bd2428c6ec304b46.md),浙江文艺出版社 (Reading/Publisher/%E6%B5%99%E6%B1%9F%E6%96%87%E8%89%BA%E5%87%BA%E7%89%88%E7%A4%BE%20a1a3ebbcdfff41aba54adb589a51adf2.md),番茄 (Reading/Platform/%E7%95%AA%E8%8C%84%20bb113666fc9f49d1ad34f06fead7f835.md),9787533965099,长篇 (Reading/Category/%E9%95%BF%E7%AF%87%206b4e322679ec4c5e98aaa5526375f168.md),0,,,"February 1, 2024 2:02 PM","July 27, 2024 11:40 AM"
惊蛰,0,杜阳林 (Reading/Author/%E6%9D%9C%E9%98%B3%E6%9E%97%208d1a78bc19004315bd2428c6ec304b46.md),浙江文艺出版社 (Reading/Publisher/%E6%B5%99%E6%B1%9F%E6%96%87%E8%89%BA%E5%87%BA%E7%89%88%E7%A4%BE%20a1a3ebbcdfff41aba54adb589a51adf2.md),番茄 (Reading/Platform/%E7%95%AA%E8%8C%84%20bb113666fc9f49d1ad34f06fead7f835.md),9787533965099,长篇 (Reading/Category/%E9%95%BF%E7%AF%87%206b4e322679ec4c5e98aaa5526375f168.md),0,,,"February 1, 2024 2:02 PM","July 27, 2024 11:40 AM"
惊蛰,0,杜阳林 (Reading/Author/%E6%9D%9C%E9%98%B3%E6%9E%97%208d1a78bc19004315bd2428c6ec304b46.md),浙江文艺出版社 (Reading/Publisher/%E6%B5%99%E6%B1%9F%E6%96%87%E8%89%BA%E5%87%BA%E7%89%88%E7%A4%BE%20a1a3ebbcdfff41aba54adb589a51adf2.md),番茄 (Reading/Platform/%E7%95%AA%E8%8C%84%20bb113666fc9f49d1ad34f06fead7f835.md),9787533965099,长篇 (Reading/Category/%E9%95%BF%E7%AF%87%206b4e322679ec4c5e98aaa5526375f168.md),1,,,"February 1, 2024 2:02 PM","July 27, 2024 11:40 AM"
死水微澜,8.31,李劼人 (Reading/Author/%E6%9D%8E%E5%8A%BC%E4%BA%BA%207dcfa16505084420b66d71b0be4bd145.md),四川文艺出版社 (Reading/Publisher/%E5%9B%9B%E5%B7%9D%E6%96%87%E8%89%BA%E5%87%BA%E7%89%88%E7%A4%BE%20079c0be96be140c29f8b2a615cf4799c.md),拼多多 (Reading/Platform/%E6%8B%BC%E5%A4%9A%E5%A4%9A%20db19793d87f549c3ba08ccdb17b42c9e.md),9787541156496,长篇 (Reading/Category/%E9%95%BF%E7%AF%87%206b4e322679ec4c5e98aaa5526375f168.md),1,,,"May 12, 2024 4:18 PM","July 27, 2024 11:40 AM"
暴风雨前,2.32,李劼人 (Reading/Author/%E6%9D%8E%E5%8A%BC%E4%BA%BA%207dcfa16505084420b66d71b0be4bd145.md),四川文艺出版社 (Reading/Publisher/%E5%9B%9B%E5%B7%9D%E6%96%87%E8%89%BA%E5%87%BA%E7%89%88%E7%A4%BE%20079c0be96be140c29f8b2a615cf4799c.md),抖音 (Reading/Platform/%E6%8A%96%E9%9F%B3%20bda2aad8d7a64269931fcf174a026721.md),9787541156595,长篇 (Reading/Category/%E9%95%BF%E7%AF%87%206b4e322679ec4c5e98aaa5526375f168.md),1,,,"May 25, 2024 1:25 PM","July 27, 2024 11:40 AM"
朱自清散文精选,0.01,朱自清 (Reading/Author/%E6%9C%B1%E8%87%AA%E6%B8%85%20446209aad14f48e4af96ba9bf9bd295d.md),中国华侨出版社 (Reading/Publisher/%E4%B8%AD%E5%9B%BD%E5%8D%8E%E4%BE%A8%E5%87%BA%E7%89%88%E7%A4%BE%202fe0dbdda44f43f78910cc6ad3efdc38.md),番茄 (Reading/Platform/%E7%95%AA%E8%8C%84%20bb113666fc9f49d1ad34f06fead7f835.md),9787511371027,散文 (Reading/Category/%E6%95%A3%E6%96%87%20d94c81dc272b4510b64387a9402d125c.md),1,,,"January 8, 2024 1:07 PM","July 27, 2024 11:39 AM"
谈美,0.21,朱光潜 (Reading/Author/%E6%9C%B1%E5%85%89%E6%BD%9C%20a73e02d1e906477da7bbf65e1230cf87.md),东方出版中心 (Reading/Publisher/%E4%B8%9C%E6%96%B9%E5%87%BA%E7%89%88%E4%B8%AD%E5%BF%83%20b6c1598ca57f45debf06f953e448c5b1.md),番茄 (Reading/Platform/%E7%95%AA%E8%8C%84%20bb113666fc9f49d1ad34f06fead7f835.md),9787547309858,社科 (Reading/Category/%E7%A4%BE%E7%A7%91%208329bdf601ac465ca4e46a05103e22c7.md),1,,,"December 23, 2023 2:34 PM","July 27, 2024 11:39 AM"
谈文学,3.68,朱光潜 (Reading/Author/%E6%9C%B1%E5%85%89%E6%BD%9C%20a73e02d1e906477da7bbf65e1230cf87.md),东方出版中心 (Reading/Publisher/%E4%B8%9C%E6%96%B9%E5%87%BA%E7%89%88%E4%B8%AD%E5%BF%83%20b6c1598ca57f45debf06f953e448c5b1.md),京东 (Reading/Platform/%E4%BA%AC%E4%B8%9C%20991081d220754871a65ea5285ec56e3b.md),9787547309841,社科 (Reading/Category/%E7%A4%BE%E7%A7%91%208329bdf601ac465ca4e46a05103e22c7.md),1,,,"June 2, 2024 10:31 AM","July 27, 2024 11:39 AM"
谈修养,0.33,朱光潜 (Reading/Author/%E6%9C%B1%E5%85%89%E6%BD%9C%20a73e02d1e906477da7bbf65e1230cf87.md),东方出版中心 (Reading/Publisher/%E4%B8%9C%E6%96%B9%E5%87%BA%E7%89%88%E4%B8%AD%E5%BF%83%20b6c1598ca57f45debf06f953e448c5b1.md),京东 (Reading/Platform/%E4%BA%AC%E4%B8%9C%20991081d220754871a65ea5285ec56e3b.md),9787547309827,社科 (Reading/Category/%E7%A4%BE%E7%A7%91%208329bdf601ac465ca4e46a05103e22c7.md),1,,,"June 5, 2024 6:54 AM","July 27, 2024 11:39 AM"
给青年的十二封信,0.01,朱光潜 (Reading/Author/%E6%9C%B1%E5%85%89%E6%BD%9C%20a73e02d1e906477da7bbf65e1230cf87.md),东方出版中心 (Reading/Publisher/%E4%B8%9C%E6%96%B9%E5%87%BA%E7%89%88%E4%B8%AD%E5%BF%83%20b6c1598ca57f45debf06f953e448c5b1.md),番茄 (Reading/Platform/%E7%95%AA%E8%8C%84%20bb113666fc9f49d1ad34f06fead7f835.md),9787547309834,社科 (Reading/Category/%E7%A4%BE%E7%A7%91%208329bdf601ac465ca4e46a05103e22c7.md),1,,,"December 23, 2023 2:36 PM","July 27, 2024 11:39 AM"
长物志,0.01,文震亨 (Reading/Author/%E6%96%87%E9%9C%87%E4%BA%A8%20a129b085a2ce421095699122b34c494e.md),"古吴轩出版社 (Reading/Publisher/%E5%8F%A4%E5%90%B4%E8%BD%A9%E5%87%BA%E7%89%88%E7%A4%BE%2073aded6269c149eda87297ff69af2570.md), 竹石 (Reading/Publisher/%E7%AB%B9%E7%9F%B3%2084e2576df5ff459e8c711d870da4e261.md)",番茄 (Reading/Platform/%E7%95%AA%E8%8C%84%20bb113666fc9f49d1ad34f06fead7f835.md),9787554617977,"小品 (Reading/Category/%E5%B0%8F%E5%93%81%2037e0b2be8e6a4a0b89b27c594bf9cff6.md), 经典 (Reading/Category/%E7%BB%8F%E5%85%B8%20e210ce3838764a44bf39c141b13e0070.md)",1,,,"December 23, 2023 2:29 PM","July 27, 2024 11:39 AM"
明文征明西苑诗,0.01,文征明 (Reading/Author/%E6%96%87%E5%BE%81%E6%98%8E%20b4cbc698823b4f74b8a4c8566cfb5eb6.md),文物出版社 (Reading/Publisher/%E6%96%87%E7%89%A9%E5%87%BA%E7%89%88%E7%A4%BE%20ddeb9059b8dc4613bd0febc3c2e5a109.md),番茄 (Reading/Platform/%E7%95%AA%E8%8C%84%20bb113666fc9f49d1ad34f06fead7f835.md),9787501009930,书帖 (Reading/Category/%E4%B9%A6%E5%B8%96%2034c3d5939f7a413aae1ef49a2c09d725.md),0,,,"December 23, 2023 2:39 PM","July 27, 2024 11:39 AM"
唐张旭书古诗四帖,0.01,张旭 (Reading/Author/%E5%BC%A0%E6%97%AD%20b4546c8f451f4e05a565bee47ede3138.md),文物出版社 (Reading/Publisher/%E6%96%87%E7%89%A9%E5%87%BA%E7%89%88%E7%A4%BE%20ddeb9059b8dc4613bd0febc3c2e5a109.md),番茄 (Reading/Platform/%E7%95%AA%E8%8C%84%20bb113666fc9f49d1ad34f06fead7f835.md),9787501003297,书帖 (Reading/Category/%E4%B9%A6%E5%B8%96%2034c3d5939f7a413aae1ef49a2c09d725.md),0,,,"December 23, 2023 2:40 PM","July 27, 2024 11:38 AM"
夜航船,0.9,张岱 (Reading/Author/%E5%BC%A0%E5%B2%B1%202ded3d2cc63a4bbe801323dfcd7cc7ba.md),"古吴轩出版社 (Reading/Publisher/%E5%8F%A4%E5%90%B4%E8%BD%A9%E5%87%BA%E7%89%88%E7%A4%BE%2073aded6269c149eda87297ff69af2570.md), 竹石 (Reading/Publisher/%E7%AB%B9%E7%9F%B3%2084e2576df5ff459e8c711d870da4e261.md)",番茄 (Reading/Platform/%E7%95%AA%E8%8C%84%20bb113666fc9f49d1ad34f06fead7f835.md),9787554618097,"小品 (Reading/Category/%E5%B0%8F%E5%93%81%2037e0b2be8e6a4a0b89b27c594bf9cff6.md), 经典 (Reading/Category/%E7%BB%8F%E5%85%B8%20e210ce3838764a44bf39c141b13e0070.md)",1,,,"December 16, 2023 10:12 AM","July 27, 2024 11:38 AM"
三毛流浪记,3.5,张乐平 (Reading/Author/%E5%BC%A0%E4%B9%90%E5%B9%B3%200afd1a33698f480aa12240d446d1b33f.md),,孔夫子 (Reading/Platform/%E5%AD%94%E5%A4%AB%E5%AD%90%20e9c2ade3c3594415ab366417a820055f.md),9787532429180,漫画 (Reading/Category/%E6%BC%AB%E7%94%BB%2001e06ea0b0a64b6db001964068722356.md),0,,,"January 8, 2024 5:22 PM","July 27, 2024 11:38 AM"
我们是云朵乐队,0.01,庞婕蕾 (Reading/Author/%E5%BA%9E%E5%A9%95%E8%95%BE%2018d066b10a5c40eaa610990bbf58ac9d.md),,番茄 (Reading/Platform/%E7%95%AA%E8%8C%84%20bb113666fc9f49d1ad34f06fead7f835.md),9787533297794,长篇 (Reading/Category/%E9%95%BF%E7%AF%87%206b4e322679ec4c5e98aaa5526375f168.md),0,,,"January 19, 2024 3:16 PM","July 27, 2024 11:38 AM"
庄子全书,4.57,庄子 (Reading/Author/%E5%BA%84%E5%AD%90%20be23a0d45a484a51bb53e96d7e675fb9.md),中国华侨出版社 (Reading/Publisher/%E4%B8%AD%E5%9B%BD%E5%8D%8E%E4%BE%A8%E5%87%BA%E7%89%88%E7%A4%BE%202fe0dbdda44f43f78910cc6ad3efdc38.md),抖音 (Reading/Platform/%E6%8A%96%E9%9F%B3%20bda2aad8d7a64269931fcf174a026721.md),9787511340122,"诸子 (Reading/Category/%E8%AF%B8%E5%AD%90%200dbc3ee6387344f2a2323a45695160df.md), 经典 (Reading/Category/%E7%BB%8F%E5%85%B8%20e210ce3838764a44bf39c141b13e0070.md)",1,,,"September 25, 2023 3:47 PM","July 27, 2024 11:38 AM"
日瓦戈医生,13.94,帕斯捷尔纳克 (Reading/Author/%E5%B8%95%E6%96%AF%E6%8D%B7%E5%B0%94%E7%BA%B3%E5%85%8B%20b57c82a359a24b9a9a59084061298d4d.md),浙江文艺出版社 (Reading/Publisher/%E6%B5%99%E6%B1%9F%E6%96%87%E8%89%BA%E5%87%BA%E7%89%88%E7%A4%BE%20a1a3ebbcdfff41aba54adb589a51adf2.md),拼多多 (Reading/Platform/%E6%8B%BC%E5%A4%9A%E5%A4%9A%20db19793d87f549c3ba08ccdb17b42c9e.md),9787533949372,长篇 (Reading/Category/%E9%95%BF%E7%AF%87%206b4e322679ec4c5e98aaa5526375f168.md),1,,,"October 30, 2023 11:05 AM","July 27, 2024 11:38 AM"
大师和玛格丽特,10.8,布尔加科夫 (Reading/Author/%E5%B8%83%E5%B0%94%E5%8A%A0%E7%A7%91%E5%A4%AB%20b89eea4aea5b49228a2e4aaefe317810.md),人民文学出版社 (Reading/Publisher/%E4%BA%BA%E6%B0%91%E6%96%87%E5%AD%A6%E5%87%BA%E7%89%88%E7%A4%BE%208f33d507688c4765a90194e25a9bf0b7.md),番茄 (Reading/Platform/%E7%95%AA%E8%8C%84%20bb113666fc9f49d1ad34f06fead7f835.md),9787020115907,长篇 (Reading/Category/%E9%95%BF%E7%AF%87%206b4e322679ec4c5e98aaa5526375f168.md),1,,,"November 29, 2023 11:27 AM","July 27, 2024 11:38 AM"
猎人笔记,3.4,屠格涅夫 (Reading/Author/%E5%B1%A0%E6%A0%BC%E6%B6%85%E5%A4%AB%20d55de7c9158f4d8283bd17fc1fed0c6e.md),中央编译出版社 (Reading/Publisher/%E4%B8%AD%E5%A4%AE%E7%BC%96%E8%AF%91%E5%87%BA%E7%89%88%E7%A4%BE%201652895c29a14119a795cb013332cd08.md),京东 (Reading/Platform/%E4%BA%AC%E4%B8%9C%20991081d220754871a65ea5285ec56e3b.md),9787511737243,短篇 (Reading/Category/%E7%9F%AD%E7%AF%87%207cecd2c07ba6415e84f853878c8539bf.md),1,,,"June 15, 2024 3:53 PM","July 27, 2024 11:38 AM"
米格尔街,10.4,奈保尔 (Reading/Author/%E5%A5%88%E4%BF%9D%E5%B0%94%20a122682600f94bb29ffb070d448e7b0a.md),"南海出版公司 (Reading/Publisher/%E5%8D%97%E6%B5%B7%E5%87%BA%E7%89%88%E5%85%AC%E5%8F%B8%204fe082fe5df3417b86f2e33661900dde.md), 新经典 (Reading/Publisher/%E6%96%B0%E7%BB%8F%E5%85%B8%20248fc2414a2b41a8bc70dd326b9ca023.md)",拼多多 (Reading/Platform/%E6%8B%BC%E5%A4%9A%E5%A4%9A%20db19793d87f549c3ba08ccdb17b42c9e.md),9787544280563,短篇 (Reading/Category/%E7%9F%AD%E7%AF%87%207cecd2c07ba6415e84f853878c8539bf.md),1,,,"October 13, 2023 5:24 PM","July 27, 2024 11:38 AM"
离开的，留下的,,埃莱娜·费兰特 (Reading/Author/%E5%9F%83%E8%8E%B1%E5%A8%9C%C2%B7%E8%B4%B9%E5%85%B0%E7%89%B9%204f8fee8ca8e34d36a0b303f816fea777.md),"人民文学出版社 (Reading/Publisher/%E4%BA%BA%E6%B0%91%E6%96%87%E5%AD%A6%E5%87%BA%E7%89%88%E7%A4%BE%208f33d507688c4765a90194e25a9bf0b7.md), 99读书人 (Reading/Publisher/99%E8%AF%BB%E4%B9%A6%E4%BA%BA%202917767bc03041aebbac3242699eb32f.md)",赠送 (Reading/Platform/%E8%B5%A0%E9%80%81%20455e7d509df3444ebf2c9c50269c654b.md),9787020132003,长篇 (Reading/Category/%E9%95%BF%E7%AF%87%206b4e322679ec4c5e98aaa5526375f168.md),1,,,"July 25, 2024 2:22 PM","July 27, 2024 11:38 AM"
新名字的故事,,埃莱娜·费兰特 (Reading/Author/%E5%9F%83%E8%8E%B1%E5%A8%9C%C2%B7%E8%B4%B9%E5%85%B0%E7%89%B9%204f8fee8ca8e34d36a0b303f816fea777.md),"人民文学出版社 (Reading/Publisher/%E4%BA%BA%E6%B0%91%E6%96%87%E5%AD%A6%E5%87%BA%E7%89%88%E7%A4%BE%208f33d507688c4765a90194e25a9bf0b7.md), 99读书人 (Reading/Publisher/99%E8%AF%BB%E4%B9%A6%E4%BA%BA%202917767bc03041aebbac3242699eb32f.md)",赠送 (Reading/Platform/%E8%B5%A0%E9%80%81%20455e7d509df3444ebf2c9c50269c654b.md),9787020125265,长篇 (Reading/Category/%E9%95%BF%E7%AF%87%206b4e322679ec4c5e98aaa5526375f168.md),1,,,"July 25, 2024 2:31 PM","July 27, 2024 11:38 AM"
我的天才女友,,埃莱娜·费兰特 (Reading/Author/%E5%9F%83%E8%8E%B1%E5%A8%9C%C2%B7%E8%B4%B9%E5%85%B0%E7%89%B9%204f8fee8ca8e34d36a0b303f816fea777.md),"人民文学出版社 (Reading/Publisher/%E4%BA%BA%E6%B0%91%E6%96%87%E5%AD%A6%E5%87%BA%E7%89%88%E7%A4%BE%208f33d507688c4765a90194e25a9bf0b7.md), 99读书人 (Reading/Publisher/99%E8%AF%BB%E4%B9%A6%E4%BA%BA%202917767bc03041aebbac3242699eb32f.md)",赠送 (Reading/Platform/%E8%B5%A0%E9%80%81%20455e7d509df3444ebf2c9c50269c654b.md),9787020120130,长篇 (Reading/Category/%E9%95%BF%E7%AF%87%206b4e322679ec4c5e98aaa5526375f168.md),1,,,"July 25, 2024 2:28 PM","July 27, 2024 11:38 AM"
失踪的孩子,,埃莱娜·费兰特 (Reading/Author/%E5%9F%83%E8%8E%B1%E5%A8%9C%C2%B7%E8%B4%B9%E5%85%B0%E7%89%B9%204f8fee8ca8e34d36a0b303f816fea777.md),"人民文学出版社 (Reading/Publisher/%E4%BA%BA%E6%B0%91%E6%96%87%E5%AD%A6%E5%87%BA%E7%89%88%E7%A4%BE%208f33d507688c4765a90194e25a9bf0b7.md), 99读书人 (Reading/Publisher/99%E8%AF%BB%E4%B9%A6%E4%BA%BA%202917767bc03041aebbac3242699eb32f.md)",赠送 (Reading/Platform/%E8%B5%A0%E9%80%81%20455e7d509df3444ebf2c9c50269c654b.md),9787020139927,长篇 (Reading/Category/%E9%95%BF%E7%AF%87%206b4e322679ec4c5e98aaa5526375f168.md),1,,,"July 25, 2024 2:34 PM","July 27, 2024 11:38 AM"
小王子,0.7,埃克苏佩里 (Reading/Author/%E5%9F%83%E5%85%8B%E8%8B%8F%E4%BD%A9%E9%87%8C%20a750df4f717d4b1bb59945fcd650deb6.md),,番茄 (Reading/Platform/%E7%95%AA%E8%8C%84%20bb113666fc9f49d1ad34f06fead7f835.md),9787511037930,长篇 (Reading/Category/%E9%95%BF%E7%AF%87%206b4e322679ec4c5e98aaa5526375f168.md),0,,,"December 3, 2023 6:15 PM","July 27, 2024 11:38 AM"
得半日之闲，抵十年尘梦,0.01,周作人 (Reading/Author/%E5%91%A8%E4%BD%9C%E4%BA%BA%20693ec22ddbc34b698610e5f6ae6ef092.md),北京联合出版公司 (Reading/Publisher/%E5%8C%97%E4%BA%AC%E8%81%94%E5%90%88%E5%87%BA%E7%89%88%E5%85%AC%E5%8F%B8%20371c06c64a4f48e3932001ab121d7992.md),番茄 (Reading/Platform/%E7%95%AA%E8%8C%84%20bb113666fc9f49d1ad34f06fead7f835.md),9787550291737,散文 (Reading/Category/%E6%95%A3%E6%96%87%20d94c81dc272b4510b64387a9402d125c.md),0,,,"January 20, 2024 5:29 PM","July 27, 2024 11:37 AM"
贞观政要,0.01,吴兢 (Reading/Author/%E5%90%B4%E5%85%A2%20e6b1ba73c1dd4d9a9cd87721cef03005.md),北京联合出版公司 (Reading/Publisher/%E5%8C%97%E4%BA%AC%E8%81%94%E5%90%88%E5%87%BA%E7%89%88%E5%85%AC%E5%8F%B8%20371c06c64a4f48e3932001ab121d7992.md),抖音 (Reading/Platform/%E6%8A%96%E9%9F%B3%20bda2aad8d7a64269931fcf174a026721.md),9787550243767,经典 (Reading/Category/%E7%BB%8F%E5%85%B8%20e210ce3838764a44bf39c141b13e0070.md),0,,,"June 4, 2024 8:10 PM","July 27, 2024 11:37 AM"
史记,19,司马迁 (Reading/Author/%E5%8F%B8%E9%A9%AC%E8%BF%81%2081f7c6305ab04a95a7650188a9bf6e1d.md),岳麓书社 (Reading/Publisher/%E5%B2%B3%E9%BA%93%E4%B9%A6%E7%A4%BE%200a195e97f55340e9b8b899a1618886ac.md),实体店 (Reading/Platform/%E5%AE%9E%E4%BD%93%E5%BA%97%205868c9fad9164dabbe7be33e9dce6f0f.md),9787807610359,"历史 (Reading/Category/%E5%8E%86%E5%8F%B2%201a0d5f76b6ef49c08c573167fa6554dc.md), 经典 (Reading/Category/%E7%BB%8F%E5%85%B8%20e210ce3838764a44bf39c141b13e0070.md)",1,,,"February 20, 2024 9:54 AM","July 27, 2024 11:37 AM"
红与黑,0.01,司汤达 (Reading/Author/%E5%8F%B8%E6%B1%A4%E8%BE%BE%20491a654877534f55b39896d0f8f8f12e.md),中央编译出版社 (Reading/Publisher/%E4%B8%AD%E5%A4%AE%E7%BC%96%E8%AF%91%E5%87%BA%E7%89%88%E7%A4%BE%201652895c29a14119a795cb013332cd08.md),番茄 (Reading/Platform/%E7%95%AA%E8%8C%84%20bb113666fc9f49d1ad34f06fead7f835.md),9787511724588,长篇 (Reading/Category/%E9%95%BF%E7%AF%87%206b4e322679ec4c5e98aaa5526375f168.md),1,,,"March 8, 2024 4:19 PM","July 27, 2024 11:37 AM"
看不见的城市,10.8,卡尔维诺 (Reading/Author/%E5%8D%A1%E5%B0%94%E7%BB%B4%E8%AF%BA%20bc7e2f2f32ea4d8d9b8f0c9f48088929.md),译林出版社 (Reading/Publisher/%E8%AF%91%E6%9E%97%E5%87%BA%E7%89%88%E7%A4%BE%209928c83dbb0947949034efce236fe3b8.md),京东 (Reading/Platform/%E4%BA%AC%E4%B8%9C%20991081d220754871a65ea5285ec56e3b.md),9787544722278,长篇 (Reading/Category/%E9%95%BF%E7%AF%87%206b4e322679ec4c5e98aaa5526375f168.md),1,,,"April 27, 2024 11:35 AM","July 27, 2024 11:37 AM"
树上的男爵,14.84,卡尔维诺 (Reading/Author/%E5%8D%A1%E5%B0%94%E7%BB%B4%E8%AF%BA%20bc7e2f2f32ea4d8d9b8f0c9f48088929.md),译林出版社 (Reading/Publisher/%E8%AF%91%E6%9E%97%E5%87%BA%E7%89%88%E7%A4%BE%209928c83dbb0947949034efce236fe3b8.md),抖音 (Reading/Platform/%E6%8A%96%E9%9F%B3%20bda2aad8d7a64269931fcf174a026721.md),9787544722803,长篇 (Reading/Category/%E9%95%BF%E7%AF%87%206b4e322679ec4c5e98aaa5526375f168.md),1,,,"November 13, 2023 9:54 AM","July 27, 2024 11:37 AM"
分成两半的子爵,10,卡尔维诺 (Reading/Author/%E5%8D%A1%E5%B0%94%E7%BB%B4%E8%AF%BA%20bc7e2f2f32ea4d8d9b8f0c9f48088929.md),译林出版社 (Reading/Publisher/%E8%AF%91%E6%9E%97%E5%87%BA%E7%89%88%E7%A4%BE%209928c83dbb0947949034efce236fe3b8.md),抖音 (Reading/Platform/%E6%8A%96%E9%9F%B3%20bda2aad8d7a64269931fcf174a026721.md),9787544722346,长篇 (Reading/Category/%E9%95%BF%E7%AF%87%206b4e322679ec4c5e98aaa5526375f168.md),1,,,"November 13, 2023 9:55 AM","July 27, 2024 11:37 AM"
不存在的骑士,10,卡尔维诺 (Reading/Author/%E5%8D%A1%E5%B0%94%E7%BB%B4%E8%AF%BA%20bc7e2f2f32ea4d8d9b8f0c9f48088929.md),译林出版社 (Reading/Publisher/%E8%AF%91%E6%9E%97%E5%87%BA%E7%89%88%E7%A4%BE%209928c83dbb0947949034efce236fe3b8.md),抖音 (Reading/Platform/%E6%8A%96%E9%9F%B3%20bda2aad8d7a64269931fcf174a026721.md),9787544722797,长篇 (Reading/Category/%E9%95%BF%E7%AF%87%206b4e322679ec4c5e98aaa5526375f168.md),1,,,"November 13, 2023 9:58 AM","July 27, 2024 11:37 AM"
鼠疫,5.7,加缪 (Reading/Author/%E5%8A%A0%E7%BC%AA%201a27669a7f7242aa9aa9338b45e172d3.md),上海译文出版社 (Reading/Publisher/%E4%B8%8A%E6%B5%B7%E8%AF%91%E6%96%87%E5%87%BA%E7%89%88%E7%A4%BE%202678101fd9c841e58f199d01b6c00513.md),拼多多 (Reading/Platform/%E6%8B%BC%E5%A4%9A%E5%A4%9A%20db19793d87f549c3ba08ccdb17b42c9e.md),9787532752508,长篇 (Reading/Category/%E9%95%BF%E7%AF%87%206b4e322679ec4c5e98aaa5526375f168.md),1,,,"November 17, 2023 8:34 PM","July 27, 2024 11:37 AM"
老残游记,2.9,刘鹗 (Reading/Author/%E5%88%98%E9%B9%97%20bd25e46628364c559a354e12e297746c.md),古吴轩出版社 (Reading/Publisher/%E5%8F%A4%E5%90%B4%E8%BD%A9%E5%87%BA%E7%89%88%E7%A4%BE%2073aded6269c149eda87297ff69af2570.md),番茄 (Reading/Platform/%E7%95%AA%E8%8C%84%20bb113666fc9f49d1ad34f06fead7f835.md),9787554615416,"长篇 (Reading/Category/%E9%95%BF%E7%AF%87%206b4e322679ec4c5e98aaa5526375f168.md), 经典 (Reading/Category/%E7%BB%8F%E5%85%B8%20e210ce3838764a44bf39c141b13e0070.md)",1,,,"December 3, 2023 6:15 PM","July 27, 2024 11:37 AM"
食爱而肥,0.01,其它 (Reading/Author/%E5%85%B6%E5%AE%83%20562b510967874f97ae9a82328b0fd99a.md),,番茄 (Reading/Platform/%E7%95%AA%E8%8C%84%20bb113666fc9f49d1ad34f06fead7f835.md),9787555266600,"长篇 (Reading/Category/%E9%95%BF%E7%AF%87%206b4e322679ec4c5e98aaa5526375f168.md), 流行 (Reading/Category/%E6%B5%81%E8%A1%8C%2006e2b73e68014533ace3c0eac10aeec7.md)",0,,,"December 20, 2023 10:47 AM","July 27, 2024 11:37 AM"
过日子,0.01,其它 (Reading/Author/%E5%85%B6%E5%AE%83%20562b510967874f97ae9a82328b0fd99a.md),北京联合出版公司 (Reading/Publisher/%E5%8C%97%E4%BA%AC%E8%81%94%E5%90%88%E5%87%BA%E7%89%88%E5%85%AC%E5%8F%B8%20371c06c64a4f48e3932001ab121d7992.md),番茄 (Reading/Platform/%E7%95%AA%E8%8C%84%20bb113666fc9f49d1ad34f06fead7f835.md),9787550284074,散文 (Reading/Category/%E6%95%A3%E6%96%87%20d94c81dc272b4510b64387a9402d125c.md),0,,,"March 8, 2024 4:09 PM","July 27, 2024 11:37 AM"
祝一切安好,0.01,其它 (Reading/Author/%E5%85%B6%E5%AE%83%20562b510967874f97ae9a82328b0fd99a.md),北京联合出版公司 (Reading/Publisher/%E5%8C%97%E4%BA%AC%E8%81%94%E5%90%88%E5%87%BA%E7%89%88%E5%85%AC%E5%8F%B8%20371c06c64a4f48e3932001ab121d7992.md),番茄 (Reading/Platform/%E7%95%AA%E8%8C%84%20bb113666fc9f49d1ad34f06fead7f835.md),9787550273580,散文 (Reading/Category/%E6%95%A3%E6%96%87%20d94c81dc272b4510b64387a9402d125c.md),0,,,"March 8, 2024 4:07 PM","July 27, 2024 11:36 AM"
梦想于尘埃处绽放,0.01,其它 (Reading/Author/%E5%85%B6%E5%AE%83%20562b510967874f97ae9a82328b0fd99a.md),中央编译出版社 (Reading/Publisher/%E4%B8%AD%E5%A4%AE%E7%BC%96%E8%AF%91%E5%87%BA%E7%89%88%E7%A4%BE%201652895c29a14119a795cb013332cd08.md),番茄 (Reading/Platform/%E7%95%AA%E8%8C%84%20bb113666fc9f49d1ad34f06fead7f835.md),9787511731647,"散文 (Reading/Category/%E6%95%A3%E6%96%87%20d94c81dc272b4510b64387a9402d125c.md), 流行 (Reading/Category/%E6%B5%81%E8%A1%8C%2006e2b73e68014533ace3c0eac10aeec7.md)",0,,,"December 16, 2023 10:15 AM","July 27, 2024 11:36 AM"
林徽因传,0.01,其它 (Reading/Author/%E5%85%B6%E5%AE%83%20562b510967874f97ae9a82328b0fd99a.md),,番茄 (Reading/Platform/%E7%95%AA%E8%8C%84%20bb113666fc9f49d1ad34f06fead7f835.md),9787511371584,传记 (Reading/Category/%E4%BC%A0%E8%AE%B0%20d20abb37fd72446d93c2f8215c227319.md),0,,,"January 5, 2024 8:14 PM","July 27, 2024 11:36 AM"
杨绛传,0.01,其它 (Reading/Author/%E5%85%B6%E5%AE%83%20562b510967874f97ae9a82328b0fd99a.md),,番茄 (Reading/Platform/%E7%95%AA%E8%8C%84%20bb113666fc9f49d1ad34f06fead7f835.md),9787513927079,传记 (Reading/Category/%E4%BC%A0%E8%AE%B0%20d20abb37fd72446d93c2f8215c227319.md),0,,,"December 20, 2023 10:49 AM","July 27, 2024 11:36 AM"
我喜欢的样子你都有,0.01,其它 (Reading/Author/%E5%85%B6%E5%AE%83%20562b510967874f97ae9a82328b0fd99a.md),,番茄 (Reading/Platform/%E7%95%AA%E8%8C%84%20bb113666fc9f49d1ad34f06fead7f835.md),9787559404336,"长篇 (Reading/Category/%E9%95%BF%E7%AF%87%206b4e322679ec4c5e98aaa5526375f168.md), 流行 (Reading/Category/%E6%B5%81%E8%A1%8C%2006e2b73e68014533ace3c0eac10aeec7.md)",0,,,"December 21, 2023 2:52 PM","July 27, 2024 11:36 AM"
徐志摩传,0.01,其它 (Reading/Author/%E5%85%B6%E5%AE%83%20562b510967874f97ae9a82328b0fd99a.md),,番茄 (Reading/Platform/%E7%95%AA%E8%8C%84%20bb113666fc9f49d1ad34f06fead7f835.md),9787511381743,传记 (Reading/Category/%E4%BC%A0%E8%AE%B0%20d20abb37fd72446d93c2f8215c227319.md),0,,,"January 9, 2024 8:56 AM","July 27, 2024 11:36 AM"
张爱玲传,0.01,其它 (Reading/Author/%E5%85%B6%E5%AE%83%20562b510967874f97ae9a82328b0fd99a.md),,番茄 (Reading/Platform/%E7%95%AA%E8%8C%84%20bb113666fc9f49d1ad34f06fead7f835.md),9787511375155,传记 (Reading/Category/%E4%BC%A0%E8%AE%B0%20d20abb37fd72446d93c2f8215c227319.md),0,,,"January 5, 2024 7:16 PM","July 27, 2024 11:36 AM"
大盂鼎铭文,0.01,其它 (Reading/Author/%E5%85%B6%E5%AE%83%20562b510967874f97ae9a82328b0fd99a.md),文物出版社 (Reading/Publisher/%E6%96%87%E7%89%A9%E5%87%BA%E7%89%88%E7%A4%BE%20ddeb9059b8dc4613bd0febc3c2e5a109.md),番茄 (Reading/Platform/%E7%95%AA%E8%8C%84%20bb113666fc9f49d1ad34f06fead7f835.md),9787501045716,书帖 (Reading/Category/%E4%B9%A6%E5%B8%96%2034c3d5939f7a413aae1ef49a2c09d725.md),0,,,"December 23, 2023 2:37 PM","July 27, 2024 11:36 AM"
在最好的时光遇见你,0.01,其它 (Reading/Author/%E5%85%B6%E5%AE%83%20562b510967874f97ae9a82328b0fd99a.md),,番茄 (Reading/Platform/%E7%95%AA%E8%8C%84%20bb113666fc9f49d1ad34f06fead7f835.md),9787511377227,"流行 (Reading/Category/%E6%B5%81%E8%A1%8C%2006e2b73e68014533ace3c0eac10aeec7.md), 长篇 (Reading/Category/%E9%95%BF%E7%AF%87%206b4e322679ec4c5e98aaa5526375f168.md)",0,,,"January 1, 2024 7:55 PM","July 27, 2024 11:36 AM"
善念相伴花开似海,0.01,其它 (Reading/Author/%E5%85%B6%E5%AE%83%20562b510967874f97ae9a82328b0fd99a.md),中央编译出版社 (Reading/Publisher/%E4%B8%AD%E5%A4%AE%E7%BC%96%E8%AF%91%E5%87%BA%E7%89%88%E7%A4%BE%201652895c29a14119a795cb013332cd08.md),番茄 (Reading/Platform/%E7%95%AA%E8%8C%84%20bb113666fc9f49d1ad34f06fead7f835.md),9787511731685,"散文 (Reading/Category/%E6%95%A3%E6%96%87%20d94c81dc272b4510b64387a9402d125c.md), 流行 (Reading/Category/%E6%B5%81%E8%A1%8C%2006e2b73e68014533ace3c0eac10aeec7.md)",0,,,"December 16, 2023 10:13 AM","July 27, 2024 11:36 AM"
唐诗三百首辞典,4,其它 (Reading/Author/%E5%85%B6%E5%AE%83%20562b510967874f97ae9a82328b0fd99a.md),,孔夫子 (Reading/Platform/%E5%AD%94%E5%A4%AB%E5%AD%90%20e9c2ade3c3594415ab366417a820055f.md),9787543203006,"诗歌 (Reading/Category/%E8%AF%97%E6%AD%8C%206d14d7489136407a8593422aa182b379.md), 经典 (Reading/Category/%E7%BB%8F%E5%85%B8%20e210ce3838764a44bf39c141b13e0070.md)",0,,,"January 8, 2024 5:23 PM","July 27, 2024 11:36 AM"
千家诗,1,其它 (Reading/Author/%E5%85%B6%E5%AE%83%20562b510967874f97ae9a82328b0fd99a.md),,孔夫子 (Reading/Platform/%E5%AD%94%E5%A4%AB%E5%AD%90%20e9c2ade3c3594415ab366417a820055f.md),10103165,"诗歌 (Reading/Category/%E8%AF%97%E6%AD%8C%206d14d7489136407a8593422aa182b379.md), 经典 (Reading/Category/%E7%BB%8F%E5%85%B8%20e210ce3838764a44bf39c141b13e0070.md)",0,,,"January 8, 2024 5:22 PM","July 27, 2024 11:36 AM"
中国历史纪年表,1.5,其它 (Reading/Author/%E5%85%B6%E5%AE%83%20562b510967874f97ae9a82328b0fd99a.md),中华书局 (Reading/Publisher/%E4%B8%AD%E5%8D%8E%E4%B9%A6%E5%B1%80%20bcb15c0dc1c74b3fb97715d80213363f.md),抖音 (Reading/Platform/%E6%8A%96%E9%9F%B3%20bda2aad8d7a64269931fcf174a026721.md),9787101133172,历史 (Reading/Category/%E5%8E%86%E5%8F%B2%201a0d5f76b6ef49c08c573167fa6554dc.md),1,,,"June 22, 2024 2:07 PM","July 27, 2024 11:36 AM"
世界文化简史,-2.99,其它 (Reading/Author/%E5%85%B6%E5%AE%83%20562b510967874f97ae9a82328b0fd99a.md),,番茄 (Reading/Platform/%E7%95%AA%E8%8C%84%20bb113666fc9f49d1ad34f06fead7f835.md),9787533310028,"社科 (Reading/Category/%E7%A4%BE%E7%A7%91%208329bdf601ac465ca4e46a05103e22c7.md), 历史 (Reading/Category/%E5%8E%86%E5%8F%B2%201a0d5f76b6ef49c08c573167fa6554dc.md)",0,,,"January 15, 2024 2:01 PM","July 27, 2024 11:36 AM"
世界地图,0.01,其它 (Reading/Author/%E5%85%B6%E5%AE%83%20562b510967874f97ae9a82328b0fd99a.md),,番茄 (Reading/Platform/%E7%95%AA%E8%8C%84%20bb113666fc9f49d1ad34f06fead7f835.md),9787503161360,社科 (Reading/Category/%E7%A4%BE%E7%A7%91%208329bdf601ac465ca4e46a05103e22c7.md),0,,,"January 15, 2024 2:05 PM","July 27, 2024 11:36 AM"
达洛卫夫人,2.84,伍尔夫 (Reading/Author/%E4%BC%8D%E5%B0%94%E5%A4%AB%20bb0926172ae54b5b8e7451f1fdda2778.md),上海译文出版社 (Reading/Publisher/%E4%B8%8A%E6%B5%B7%E8%AF%91%E6%96%87%E5%87%BA%E7%89%88%E7%A4%BE%202678101fd9c841e58f199d01b6c00513.md),得物 (Reading/Platform/%E5%BE%97%E7%89%A9%2051891840473a41d09051a459893b9edd.md),9787532753697,长篇 (Reading/Category/%E9%95%BF%E7%AF%87%206b4e322679ec4c5e98aaa5526375f168.md),1,,,"May 20, 2024 3:56 PM","July 27, 2024 11:35 AM"
动物农场,5.7,乔治·奥威尔 (Reading/Author/%E4%B9%94%E6%B2%BB%C2%B7%E5%A5%A5%E5%A8%81%E5%B0%94%2093e05f3b2dcc4ad0b9f91e93ae9c7b8b.md),上海译文出版社 (Reading/Publisher/%E4%B8%8A%E6%B5%B7%E8%AF%91%E6%96%87%E5%87%BA%E7%89%88%E7%A4%BE%202678101fd9c841e58f199d01b6c00513.md),番茄 (Reading/Platform/%E7%95%AA%E8%8C%84%20bb113666fc9f49d1ad34f06fead7f835.md),9787532751457,长篇 (Reading/Category/%E9%95%BF%E7%AF%87%206b4e322679ec4c5e98aaa5526375f168.md),1,,,"December 3, 2023 6:15 PM","July 27, 2024 11:35 AM"
一九八四,1.9,乔治·奥威尔 (Reading/Author/%E4%B9%94%E6%B2%BB%C2%B7%E5%A5%A5%E5%A8%81%E5%B0%94%2093e05f3b2dcc4ad0b9f91e93ae9c7b8b.md),上海译文出版社 (Reading/Publisher/%E4%B8%8A%E6%B5%B7%E8%AF%91%E6%96%87%E5%87%BA%E7%89%88%E7%A4%BE%202678101fd9c841e58f199d01b6c00513.md),番茄 (Reading/Platform/%E7%95%AA%E8%8C%84%20bb113666fc9f49d1ad34f06fead7f835.md),9787532778034,长篇 (Reading/Category/%E9%95%BF%E7%AF%87%206b4e322679ec4c5e98aaa5526375f168.md),1,,,"December 1, 2023 10:56 AM","July 27, 2024 11:35 AM"
窗边的小豆豆（售出）,-4.99,黑柳彻子 (Reading/Author/%E9%BB%91%E6%9F%B3%E5%BD%BB%E5%AD%90%2055338e3332634ff2b5fd47ee15f6c58f.md),,番茄 (Reading/Platform/%E7%95%AA%E8%8C%84%20bb113666fc9f49d1ad34f06fead7f835.md),9787544250580,长篇 (Reading/Category/%E9%95%BF%E7%AF%87%206b4e322679ec4c5e98aaa5526375f168.md),0,-1,,"January 16, 2024 7:57 PM","July 27, 2024 11:35 AM"
漫长的告别（售出）,-8.89,雷蒙德·钱德勒 (Reading/Author/%E9%9B%B7%E8%92%99%E5%BE%B7%C2%B7%E9%92%B1%E5%BE%B7%E5%8B%92%201b435a03861a494aa1cf334eb57429a9.md),,番茄 (Reading/Platform/%E7%95%AA%E8%8C%84%20bb113666fc9f49d1ad34f06fead7f835.md),9787505751828,长篇 (Reading/Category/%E9%95%BF%E7%AF%87%206b4e322679ec4c5e98aaa5526375f168.md),0,-1,,"January 12, 2024 7:03 PM","July 27, 2024 11:35 AM"
鬼（售出）,-11.55,陀思妥耶夫斯基 (Reading/Author/%E9%99%80%E6%80%9D%E5%A6%A5%E8%80%B6%E5%A4%AB%E6%96%AF%E5%9F%BA%20cccbf1ca36f64ef0bbe6eda7c91537b8.md),上海译文出版社 (Reading/Publisher/%E4%B8%8A%E6%B5%B7%E8%AF%91%E6%96%87%E5%87%BA%E7%89%88%E7%A4%BE%202678101fd9c841e58f199d01b6c00513.md),京东 (Reading/Platform/%E4%BA%AC%E4%B8%9C%20991081d220754871a65ea5285ec56e3b.md),9787532766130,长篇 (Reading/Category/%E9%95%BF%E7%AF%87%206b4e322679ec4c5e98aaa5526375f168.md),0,-1,,"November 2, 2023 5:38 PM","July 27, 2024 11:35 AM"
陀思妥耶夫斯基三部曲（售出）,86.08,陀思妥耶夫斯基 (Reading/Author/%E9%99%80%E6%80%9D%E5%A6%A5%E8%80%B6%E5%A4%AB%E6%96%AF%E5%9F%BA%20cccbf1ca36f64ef0bbe6eda7c91537b8.md),上海译文出版社 (Reading/Publisher/%E4%B8%8A%E6%B5%B7%E8%AF%91%E6%96%87%E5%87%BA%E7%89%88%E7%A4%BE%202678101fd9c841e58f199d01b6c00513.md),京东 (Reading/Platform/%E4%BA%AC%E4%B8%9C%20991081d220754871a65ea5285ec56e3b.md),9787532794553,长篇 (Reading/Category/%E9%95%BF%E7%AF%87%206b4e322679ec4c5e98aaa5526375f168.md),0,-1,,"November 2, 2023 5:43 PM","July 27, 2024 11:35 AM"
日本史（售出）,-8,詹姆斯·麦克莱恩 (Reading/Author/%E8%A9%B9%E5%A7%86%E6%96%AF%C2%B7%E9%BA%A6%E5%85%8B%E8%8E%B1%E6%81%A9%20661a0993a6184bd1a9c363d25a06ee92.md),,赠送 (Reading/Platform/%E8%B5%A0%E9%80%81%20455e7d509df3444ebf2c9c50269c654b.md),9787544344418,历史 (Reading/Category/%E5%8E%86%E5%8F%B2%201a0d5f76b6ef49c08c573167fa6554dc.md),0,-1,,"October 7, 2023 3:30 PM","July 27, 2024 11:35 AM"
随园食单（售出）,-0.74,袁枚 (Reading/Author/%E8%A2%81%E6%9E%9A%20c0ebb5ecdfd24eaf8db4e0f638cc5c42.md),北京联合出版公司 (Reading/Publisher/%E5%8C%97%E4%BA%AC%E8%81%94%E5%90%88%E5%87%BA%E7%89%88%E5%85%AC%E5%8F%B8%20371c06c64a4f48e3932001ab121d7992.md),番茄 (Reading/Platform/%E7%95%AA%E8%8C%84%20bb113666fc9f49d1ad34f06fead7f835.md),9787550291720,"小品 (Reading/Category/%E5%B0%8F%E5%93%81%2037e0b2be8e6a4a0b89b27c594bf9cff6.md), 经典 (Reading/Category/%E7%BB%8F%E5%85%B8%20e210ce3838764a44bf39c141b13e0070.md)",0,-1,,"February 1, 2024 2:11 PM","July 27, 2024 11:35 AM"
万物静观皆自得（售出）,-3.52,老舍 (Reading/Author/%E8%80%81%E8%88%8D%20bddbf030fe444ed7bfa585aae1b19b29.md),北京联合出版公司 (Reading/Publisher/%E5%8C%97%E4%BA%AC%E8%81%94%E5%90%88%E5%87%BA%E7%89%88%E5%85%AC%E5%8F%B8%20371c06c64a4f48e3932001ab121d7992.md),番茄 (Reading/Platform/%E7%95%AA%E8%8C%84%20bb113666fc9f49d1ad34f06fead7f835.md),9787550291669,散文 (Reading/Category/%E6%95%A3%E6%96%87%20d94c81dc272b4510b64387a9402d125c.md),0,-1,,"February 1, 2024 2:03 PM","July 27, 2024 11:35 AM"
人子耶稣（售出）,-9.05,纪伯伦 (Reading/Author/%E7%BA%AA%E4%BC%AF%E4%BC%A6%204a7dba30584e4174b0116879de2de67d.md),中央编译出版社 (Reading/Publisher/%E4%B8%AD%E5%A4%AE%E7%BC%96%E8%AF%91%E5%87%BA%E7%89%88%E7%A4%BE%201652895c29a14119a795cb013332cd08.md),番茄 (Reading/Platform/%E7%95%AA%E8%8C%84%20bb113666fc9f49d1ad34f06fead7f835.md),9787511709585,长篇 (Reading/Category/%E9%95%BF%E7%AF%87%206b4e322679ec4c5e98aaa5526375f168.md),0,-1,,"December 8, 2023 3:02 PM","July 27, 2024 11:35 AM"
夏日走过山间（售出）,-1.7,约翰·缪尔 (Reading/Author/%E7%BA%A6%E7%BF%B0%C2%B7%E7%BC%AA%E5%B0%94%203ca713c24ca944fea993dfa5b6b6a248.md),北京联合出版公司 (Reading/Publisher/%E5%8C%97%E4%BA%AC%E8%81%94%E5%90%88%E5%87%BA%E7%89%88%E5%85%AC%E5%8F%B8%20371c06c64a4f48e3932001ab121d7992.md),番茄 (Reading/Platform/%E7%95%AA%E8%8C%84%20bb113666fc9f49d1ad34f06fead7f835.md),9787559612656,散文 (Reading/Category/%E6%95%A3%E6%96%87%20d94c81dc272b4510b64387a9402d125c.md),0,-1,,"January 11, 2024 5:15 PM","July 27, 2024 11:35 AM"
以德为邻心自清（售出）,-3.79,朱自清 (Reading/Author/%E6%9C%B1%E8%87%AA%E6%B8%85%20446209aad14f48e4af96ba9bf9bd295d.md),,番茄 (Reading/Platform/%E7%95%AA%E8%8C%84%20bb113666fc9f49d1ad34f06fead7f835.md),9787515810782,散文 (Reading/Category/%E6%95%A3%E6%96%87%20d94c81dc272b4510b64387a9402d125c.md),0,-1,,"March 8, 2024 4:05 PM","July 27, 2024 11:35 AM"
谈修养（售出）,-2.19,朱光潜 (Reading/Author/%E6%9C%B1%E5%85%89%E6%BD%9C%20a73e02d1e906477da7bbf65e1230cf87.md),,番茄 (Reading/Platform/%E7%95%AA%E8%8C%84%20bb113666fc9f49d1ad34f06fead7f835.md),9787214234247,社科 (Reading/Category/%E7%A4%BE%E7%A7%91%208329bdf601ac465ca4e46a05103e22c7.md),0,-1,,"December 4, 2023 9:53 AM","July 27, 2024 11:35 AM"
给青年的十二封信（售出）,-1.6,朱光潜 (Reading/Author/%E6%9C%B1%E5%85%89%E6%BD%9C%20a73e02d1e906477da7bbf65e1230cf87.md),,番茄 (Reading/Platform/%E7%95%AA%E8%8C%84%20bb113666fc9f49d1ad34f06fead7f835.md),9787214226525,社科 (Reading/Category/%E7%A4%BE%E7%A7%91%208329bdf601ac465ca4e46a05103e22c7.md),0,-1,,"December 6, 2023 6:58 PM","July 27, 2024 11:35 AM"
富兰克林自传（售出）,-1.89,本杰明·富兰克林 (Reading/Author/%E6%9C%AC%E6%9D%B0%E6%98%8E%C2%B7%E5%AF%8C%E5%85%B0%E5%85%8B%E6%9E%97%2069074e39011744a3b2436be18f229584.md),中国文联出版社 (Reading/Publisher/%E4%B8%AD%E5%9B%BD%E6%96%87%E8%81%94%E5%87%BA%E7%89%88%E7%A4%BE%20733311d93c8a47daa5115bac2c978824.md),番茄 (Reading/Platform/%E7%95%AA%E8%8C%84%20bb113666fc9f49d1ad34f06fead7f835.md),9787519009267,传记 (Reading/Category/%E4%BC%A0%E8%AE%B0%20d20abb37fd72446d93c2f8215c227319.md),0,-1,,"January 18, 2024 3:04 PM","July 27, 2024 11:34 AM"
红楼梦诗词（售出）,-3.49,曹雪芹 (Reading/Author/%E6%9B%B9%E9%9B%AA%E8%8A%B9%20cd24cc8fc6ef4739b0249386e9a4b2a7.md),,番茄 (Reading/Platform/%E7%95%AA%E8%8C%84%20bb113666fc9f49d1ad34f06fead7f835.md),9787511379337,"诗歌 (Reading/Category/%E8%AF%97%E6%AD%8C%206d14d7489136407a8593422aa182b379.md), 经典 (Reading/Category/%E7%BB%8F%E5%85%B8%20e210ce3838764a44bf39c141b13e0070.md)",0,-1,,"January 5, 2024 7:17 PM","July 27, 2024 11:34 AM"
人性的弱点（售出）,-2.19,戴尔·卡耐基 (Reading/Author/%E6%88%B4%E5%B0%94%C2%B7%E5%8D%A1%E8%80%90%E5%9F%BA%202b60bcfcd80b4db4b3d3a9cf3a4d36f3.md),,番茄 (Reading/Platform/%E7%95%AA%E8%8C%84%20bb113666fc9f49d1ad34f06fead7f835.md),9787209121736,社科 (Reading/Category/%E7%A4%BE%E7%A7%91%208329bdf601ac465ca4e46a05103e22c7.md),0,-1,,"February 22, 2024 5:00 PM","July 27, 2024 11:34 AM"
茶花女（售出）,-2.39,小仲马 (Reading/Author/%E5%B0%8F%E4%BB%B2%E9%A9%AC%202f9c469d30bd4288865c8cd0ef0129ce.md),中央编译出版社 (Reading/Publisher/%E4%B8%AD%E5%A4%AE%E7%BC%96%E8%AF%91%E5%87%BA%E7%89%88%E7%A4%BE%201652895c29a14119a795cb013332cd08.md),番茄 (Reading/Platform/%E7%95%AA%E8%8C%84%20bb113666fc9f49d1ad34f06fead7f835.md),9787511724717,长篇 (Reading/Category/%E9%95%BF%E7%AF%87%206b4e322679ec4c5e98aaa5526375f168.md),0,-1,,"December 10, 2023 7:44 PM","July 27, 2024 11:34 AM"
养得胸中一段春（售出）,-0.49,培根 (Reading/Author/%E5%9F%B9%E6%A0%B9%2016b978b9800d412ab418041395e9b019.md),,番茄 (Reading/Platform/%E7%95%AA%E8%8C%84%20bb113666fc9f49d1ad34f06fead7f835.md),9787515811109,散文 (Reading/Category/%E6%95%A3%E6%96%87%20d94c81dc272b4510b64387a9402d125c.md),0,-1,,"January 15, 2024 1:55 PM","July 27, 2024 11:34 AM"
吴康民论时政（售出）,-4.89,吴康民 (Reading/Author/%E5%90%B4%E5%BA%B7%E6%B0%91%20d7f7fe1bf9084c6d86670f59c2483599.md),中央编译出版社 (Reading/Publisher/%E4%B8%AD%E5%A4%AE%E7%BC%96%E8%AF%91%E5%87%BA%E7%89%88%E7%A4%BE%201652895c29a14119a795cb013332cd08.md),番茄 (Reading/Platform/%E7%95%AA%E8%8C%84%20bb113666fc9f49d1ad34f06fead7f835.md),9787511704894,社科 (Reading/Category/%E7%A4%BE%E7%A7%91%208329bdf601ac465ca4e46a05103e22c7.md),0,-1,,"December 7, 2023 6:32 PM","July 27, 2024 11:34 AM"
当你老了（售出）,-1.2,叶芝 (Reading/Author/%E5%8F%B6%E8%8A%9D%20fbbe40c7579f4718a18c06b968384dbe.md),北京联合出版公司 (Reading/Publisher/%E5%8C%97%E4%BA%AC%E8%81%94%E5%90%88%E5%87%BA%E7%89%88%E5%85%AC%E5%8F%B8%20371c06c64a4f48e3932001ab121d7992.md),番茄 (Reading/Platform/%E7%95%AA%E8%8C%84%20bb113666fc9f49d1ad34f06fead7f835.md),9787559612281,诗歌 (Reading/Category/%E8%AF%97%E6%AD%8C%206d14d7489136407a8593422aa182b379.md),0,-1,,"January 13, 2024 7:41 PM","July 27, 2024 11:34 AM"
乌合之众（售出）,-0.49,古斯塔夫·勒庞 (Reading/Author/%E5%8F%A4%E6%96%AF%E5%A1%94%E5%A4%AB%C2%B7%E5%8B%92%E5%BA%9E%203f5677a4effb48038bc847f5b1d304b8.md),,番茄 (Reading/Platform/%E7%95%AA%E8%8C%84%20bb113666fc9f49d1ad34f06fead7f835.md),9787209123945,社科 (Reading/Category/%E7%A4%BE%E7%A7%91%208329bdf601ac465ca4e46a05103e22c7.md),0,-1,,"March 8, 2024 4:03 PM","July 27, 2024 11:34 AM"
人生的智慧（售出）,-3.52,叔本华 (Reading/Author/%E5%8F%94%E6%9C%AC%E5%8D%8E%207bcb0c2ff8e64dfa86d5458339728b2e.md),,番茄 (Reading/Platform/%E7%95%AA%E8%8C%84%20bb113666fc9f49d1ad34f06fead7f835.md),9787513926690,社科 (Reading/Category/%E7%A4%BE%E7%A7%91%208329bdf601ac465ca4e46a05103e22c7.md),0,-1,,"January 1, 2024 1:13 PM","July 27, 2024 11:34 AM"
父与子（售出）,-3.99,卜劳恩 (Reading/Author/%E5%8D%9C%E5%8A%B3%E6%81%A9%20438a28a2cb2b4b7da4f2aac5b24c7e4f.md),,番茄 (Reading/Platform/%E7%95%AA%E8%8C%84%20bb113666fc9f49d1ad34f06fead7f835.md),9787511245298,漫画 (Reading/Category/%E6%BC%AB%E7%94%BB%2001e06ea0b0a64b6db001964068722356.md),0,-1,,"December 27, 2023 11:10 AM","July 27, 2024 11:34 AM"
光活着是不够的（售出）,-3.59,加缪 (Reading/Author/%E5%8A%A0%E7%BC%AA%201a27669a7f7242aa9aa9338b45e172d3.md),,番茄 (Reading/Platform/%E7%95%AA%E8%8C%84%20bb113666fc9f49d1ad34f06fead7f835.md),9787515811055,散文 (Reading/Category/%E6%95%A3%E6%96%87%20d94c81dc272b4510b64387a9402d125c.md),0,-1,,"January 15, 2024 1:54 PM","July 27, 2024 11:34 AM"
西游记（售出）,-1,其它 (Reading/Author/%E5%85%B6%E5%AE%83%20562b510967874f97ae9a82328b0fd99a.md),,孔夫子 (Reading/Platform/%E5%AD%94%E5%A4%AB%E5%AD%90%20e9c2ade3c3594415ab366417a820055f.md),9787532237370,漫画 (Reading/Category/%E6%BC%AB%E7%94%BB%2001e06ea0b0a64b6db001964068722356.md),0,-1,,"January 8, 2024 5:20 PM","July 27, 2024 11:34 AM"
虚无的质感（售出）,-21.89,其它 (Reading/Author/%E5%85%B6%E5%AE%83%20562b510967874f97ae9a82328b0fd99a.md),,赠送 (Reading/Platform/%E8%B5%A0%E9%80%81%20455e7d509df3444ebf2c9c50269c654b.md),9787515516011,社科 (Reading/Category/%E7%A4%BE%E7%A7%91%208329bdf601ac465ca4e46a05103e22c7.md),0,-1,,"November 26, 2023 9:49 AM","July 27, 2024 11:34 AM"
茶汤和好天气（售出）,-4.52,其它 (Reading/Author/%E5%85%B6%E5%AE%83%20562b510967874f97ae9a82328b0fd99a.md),北京联合出版公司 (Reading/Publisher/%E5%8C%97%E4%BA%AC%E8%81%94%E5%90%88%E5%87%BA%E7%89%88%E5%85%AC%E5%8F%B8%20371c06c64a4f48e3932001ab121d7992.md),番茄 (Reading/Platform/%E7%95%AA%E8%8C%84%20bb113666fc9f49d1ad34f06fead7f835.md),9787550273603,散文 (Reading/Category/%E6%95%A3%E6%96%87%20d94c81dc272b4510b64387a9402d125c.md),0,-1,,"March 8, 2024 4:12 PM","July 27, 2024 11:34 AM"
羽毛男孩（售出）,-7.99,其它 (Reading/Author/%E5%85%B6%E5%AE%83%20562b510967874f97ae9a82328b0fd99a.md),中央编译出版社 (Reading/Publisher/%E4%B8%AD%E5%A4%AE%E7%BC%96%E8%AF%91%E5%87%BA%E7%89%88%E7%A4%BE%201652895c29a14119a795cb013332cd08.md),番茄 (Reading/Platform/%E7%95%AA%E8%8C%84%20bb113666fc9f49d1ad34f06fead7f835.md),9787511741127,"长篇 (Reading/Category/%E9%95%BF%E7%AF%87%206b4e322679ec4c5e98aaa5526375f168.md), 流行 (Reading/Category/%E6%B5%81%E8%A1%8C%2006e2b73e68014533ace3c0eac10aeec7.md)",0,-1,,"December 15, 2023 3:07 PM","July 27, 2024 11:34 AM"
红楼梦（售出）,0,其它 (Reading/Author/%E5%85%B6%E5%AE%83%20562b510967874f97ae9a82328b0fd99a.md),,孔夫子 (Reading/Platform/%E5%AD%94%E5%A4%AB%E5%AD%90%20e9c2ade3c3594415ab366417a820055f.md),9787532237364,漫画 (Reading/Category/%E6%BC%AB%E7%94%BB%2001e06ea0b0a64b6db001964068722356.md),0,-1,,"January 8, 2024 5:20 PM","July 27, 2024 11:34 AM"
水浒传（售出）,3,其它 (Reading/Author/%E5%85%B6%E5%AE%83%20562b510967874f97ae9a82328b0fd99a.md),,孔夫子 (Reading/Platform/%E5%AD%94%E5%A4%AB%E5%AD%90%20e9c2ade3c3594415ab366417a820055f.md),9787532237389,漫画 (Reading/Category/%E6%BC%AB%E7%94%BB%2001e06ea0b0a64b6db001964068722356.md),0,-1,,"January 8, 2024 5:20 PM","July 27, 2024 11:34 AM"
枕边小品（售出）,-0.49,其它 (Reading/Author/%E5%85%B6%E5%AE%83%20562b510967874f97ae9a82328b0fd99a.md),,番茄 (Reading/Platform/%E7%95%AA%E8%8C%84%20bb113666fc9f49d1ad34f06fead7f835.md),9787511371010,散文 (Reading/Category/%E6%95%A3%E6%96%87%20d94c81dc272b4510b64387a9402d125c.md),0,-1,,"January 18, 2024 3:05 PM","July 27, 2024 11:34 AM"
最朴素的生活和最遥远的梦想（售出）,-5.79,其它 (Reading/Author/%E5%85%B6%E5%AE%83%20562b510967874f97ae9a82328b0fd99a.md),北京联合出版公司 (Reading/Publisher/%E5%8C%97%E4%BA%AC%E8%81%94%E5%90%88%E5%87%BA%E7%89%88%E5%85%AC%E5%8F%B8%20371c06c64a4f48e3932001ab121d7992.md),番茄 (Reading/Platform/%E7%95%AA%E8%8C%84%20bb113666fc9f49d1ad34f06fead7f835.md),9787550273597,散文 (Reading/Category/%E6%95%A3%E6%96%87%20d94c81dc272b4510b64387a9402d125c.md),0,-1,,"April 16, 2024 8:11 PM","July 27, 2024 11:34 AM"
最强大脑（售出）,-0.49,其它 (Reading/Author/%E5%85%B6%E5%AE%83%20562b510967874f97ae9a82328b0fd99a.md),,番茄 (Reading/Platform/%E7%95%AA%E8%8C%84%20bb113666fc9f49d1ad34f06fead7f835.md),9787558159220,流行 (Reading/Category/%E6%B5%81%E8%A1%8C%2006e2b73e68014533ace3c0eac10aeec7.md),0,-1,,"February 22, 2024 4:58 PM","July 27, 2024 11:34 AM"
幸福的红茶时光（售出）,-4.79,其它 (Reading/Author/%E5%85%B6%E5%AE%83%20562b510967874f97ae9a82328b0fd99a.md),江苏凤凰文艺出版社 (Reading/Publisher/%E6%B1%9F%E8%8B%8F%E5%87%A4%E5%87%B0%E6%96%87%E8%89%BA%E5%87%BA%E7%89%88%E7%A4%BE%20c8d25beea53f4e9cb4dedb1c88e052bb.md),番茄 (Reading/Platform/%E7%95%AA%E8%8C%84%20bb113666fc9f49d1ad34f06fead7f835.md),9787559447975,流行 (Reading/Category/%E6%B5%81%E8%A1%8C%2006e2b73e68014533ace3c0eac10aeec7.md),0,-1,,"January 2, 2024 9:13 PM","July 27, 2024 11:34 AM"
少年美木（售出）,-7.99,其它 (Reading/Author/%E5%85%B6%E5%AE%83%20562b510967874f97ae9a82328b0fd99a.md),中央编译出版社 (Reading/Publisher/%E4%B8%AD%E5%A4%AE%E7%BC%96%E8%AF%91%E5%87%BA%E7%89%88%E7%A4%BE%201652895c29a14119a795cb013332cd08.md),番茄 (Reading/Platform/%E7%95%AA%E8%8C%84%20bb113666fc9f49d1ad34f06fead7f835.md),9787511741080,"长篇 (Reading/Category/%E9%95%BF%E7%AF%87%206b4e322679ec4c5e98aaa5526375f168.md), 流行 (Reading/Category/%E6%B5%81%E8%A1%8C%2006e2b73e68014533ace3c0eac10aeec7.md)",0,-1,,"December 15, 2023 3:06 PM","July 27, 2024 11:34 AM"
宋诗鉴赏辞典（售出）,30,其它 (Reading/Author/%E5%85%B6%E5%AE%83%20562b510967874f97ae9a82328b0fd99a.md),上海辞书出版社 (Reading/Publisher/%E4%B8%8A%E6%B5%B7%E8%BE%9E%E4%B9%A6%E5%87%BA%E7%89%88%E7%A4%BE%2048607cc15b804c118d188f72179cb9d3.md),实体店 (Reading/Platform/%E5%AE%9E%E4%BD%93%E5%BA%97%205868c9fad9164dabbe7be33e9dce6f0f.md),9787532611973,"诗歌 (Reading/Category/%E8%AF%97%E6%AD%8C%206d14d7489136407a8593422aa182b379.md), 经典 (Reading/Category/%E7%BB%8F%E5%85%B8%20e210ce3838764a44bf39c141b13e0070.md)",0,-1,,"January 8, 2024 5:47 PM","July 27, 2024 11:34 AM"
奇怪故事集（售出）,-7.99,其它 (Reading/Author/%E5%85%B6%E5%AE%83%20562b510967874f97ae9a82328b0fd99a.md),中央编译出版社 (Reading/Publisher/%E4%B8%AD%E5%A4%AE%E7%BC%96%E8%AF%91%E5%87%BA%E7%89%88%E7%A4%BE%201652895c29a14119a795cb013332cd08.md),番茄 (Reading/Platform/%E7%95%AA%E8%8C%84%20bb113666fc9f49d1ad34f06fead7f835.md),9787511741073,"长篇 (Reading/Category/%E9%95%BF%E7%AF%87%206b4e322679ec4c5e98aaa5526375f168.md), 流行 (Reading/Category/%E6%B5%81%E8%A1%8C%2006e2b73e68014533ace3c0eac10aeec7.md)",0,-1,,"December 15, 2023 3:04 PM","July 27, 2024 11:34 AM"
外星人钓鱼（售出）,-7.99,其它 (Reading/Author/%E5%85%B6%E5%AE%83%20562b510967874f97ae9a82328b0fd99a.md),中央编译出版社 (Reading/Publisher/%E4%B8%AD%E5%A4%AE%E7%BC%96%E8%AF%91%E5%87%BA%E7%89%88%E7%A4%BE%201652895c29a14119a795cb013332cd08.md),番茄 (Reading/Platform/%E7%95%AA%E8%8C%84%20bb113666fc9f49d1ad34f06fead7f835.md),9787511741110,"长篇 (Reading/Category/%E9%95%BF%E7%AF%87%206b4e322679ec4c5e98aaa5526375f168.md), 流行 (Reading/Category/%E6%B5%81%E8%A1%8C%2006e2b73e68014533ace3c0eac10aeec7.md)",0,-1,,"December 15, 2023 3:05 PM","July 27, 2024 11:34 AM"
唐宋词鉴赏辞典·上（售出）,14.6,其它 (Reading/Author/%E5%85%B6%E5%AE%83%20562b510967874f97ae9a82328b0fd99a.md),上海辞书出版社 (Reading/Publisher/%E4%B8%8A%E6%B5%B7%E8%BE%9E%E4%B9%A6%E5%87%BA%E7%89%88%E7%A4%BE%2048607cc15b804c118d188f72179cb9d3.md),实体店 (Reading/Platform/%E5%AE%9E%E4%BD%93%E5%BA%97%205868c9fad9164dabbe7be33e9dce6f0f.md),9787532600106,"诗歌 (Reading/Category/%E8%AF%97%E6%AD%8C%206d14d7489136407a8593422aa182b379.md), 经典 (Reading/Category/%E7%BB%8F%E5%85%B8%20e210ce3838764a44bf39c141b13e0070.md)",0,-1,,"January 8, 2024 5:47 PM","July 27, 2024 11:34 AM"
冰钰谷（售出）,-7.99,其它 (Reading/Author/%E5%85%B6%E5%AE%83%20562b510967874f97ae9a82328b0fd99a.md),中央编译出版社 (Reading/Publisher/%E4%B8%AD%E5%A4%AE%E7%BC%96%E8%AF%91%E5%87%BA%E7%89%88%E7%A4%BE%201652895c29a14119a795cb013332cd08.md),番茄 (Reading/Platform/%E7%95%AA%E8%8C%84%20bb113666fc9f49d1ad34f06fead7f835.md),9787511741035,"长篇 (Reading/Category/%E9%95%BF%E7%AF%87%206b4e322679ec4c5e98aaa5526375f168.md), 流行 (Reading/Category/%E6%B5%81%E8%A1%8C%2006e2b73e68014533ace3c0eac10aeec7.md)",0,-1,,"December 15, 2023 3:02 PM","July 27, 2024 11:34 AM"
为你读诗（售出）,-0.49,其它 (Reading/Author/%E5%85%B6%E5%AE%83%20562b510967874f97ae9a82328b0fd99a.md),,番茄 (Reading/Platform/%E7%95%AA%E8%8C%84%20bb113666fc9f49d1ad34f06fead7f835.md),9787511380432,诗歌 (Reading/Category/%E8%AF%97%E6%AD%8C%206d14d7489136407a8593422aa182b379.md),0,-1,,"January 4, 2024 5:28 PM","July 27, 2024 11:34 AM"
中国当代文学（售出）,3.4,其它 (Reading/Author/%E5%85%B6%E5%AE%83%20562b510967874f97ae9a82328b0fd99a.md),,孔夫子 (Reading/Platform/%E5%AD%94%E5%A4%AB%E5%AD%90%20e9c2ade3c3594415ab366417a820055f.md),9787304019556,社科 (Reading/Category/%E7%A4%BE%E7%A7%91%208329bdf601ac465ca4e46a05103e22c7.md),0,-1,,"January 8, 2024 5:23 PM","July 27, 2024 11:34 AM"
两汉文化研究（售出）,0.51,其它 (Reading/Author/%E5%85%B6%E5%AE%83%20562b510967874f97ae9a82328b0fd99a.md),,孔夫子 (Reading/Platform/%E5%AD%94%E5%A4%AB%E5%AD%90%20e9c2ade3c3594415ab366417a820055f.md),9787503914866,历史 (Reading/Category/%E5%8E%86%E5%8F%B2%201a0d5f76b6ef49c08c573167fa6554dc.md),0,-1,,"January 8, 2024 5:22 PM","July 27, 2024 11:34 AM"
世界第一怪女孩（售出）,-7.99,其它 (Reading/Author/%E5%85%B6%E5%AE%83%20562b510967874f97ae9a82328b0fd99a.md),中央编译出版社 (Reading/Publisher/%E4%B8%AD%E5%A4%AE%E7%BC%96%E8%AF%91%E5%87%BA%E7%89%88%E7%A4%BE%201652895c29a14119a795cb013332cd08.md),番茄 (Reading/Platform/%E7%95%AA%E8%8C%84%20bb113666fc9f49d1ad34f06fead7f835.md),9787511741103,"长篇 (Reading/Category/%E9%95%BF%E7%AF%87%206b4e322679ec4c5e98aaa5526375f168.md), 流行 (Reading/Category/%E6%B5%81%E8%A1%8C%2006e2b73e68014533ace3c0eac10aeec7.md)",0,-1,,"December 15, 2023 3:09 PM","July 27, 2024 11:34 AM"
三国演义（售出）,0,其它 (Reading/Author/%E5%85%B6%E5%AE%83%20562b510967874f97ae9a82328b0fd99a.md),,孔夫子 (Reading/Platform/%E5%AD%94%E5%A4%AB%E5%AD%90%20e9c2ade3c3594415ab366417a820055f.md),9787532237354,漫画 (Reading/Category/%E6%BC%AB%E7%94%BB%2001e06ea0b0a64b6db001964068722356.md),0,-1,,"January 8, 2024 5:20 PM","July 27, 2024 11:34 AM"
银顶针的夏天（售出）,-6.7,伊丽莎白·恩赖特 (Reading/Author/%E4%BC%8A%E4%B8%BD%E8%8E%8E%E7%99%BD%C2%B7%E6%81%A9%E8%B5%96%E7%89%B9%20c3404107ffe044b1b073178b93ac2dc3.md),浙江文艺出版社 (Reading/Publisher/%E6%B5%99%E6%B1%9F%E6%96%87%E8%89%BA%E5%87%BA%E7%89%88%E7%A4%BE%20a1a3ebbcdfff41aba54adb589a51adf2.md),番茄 (Reading/Platform/%E7%95%AA%E8%8C%84%20bb113666fc9f49d1ad34f06fead7f835.md),9787533968533,长篇 (Reading/Category/%E9%95%BF%E7%AF%87%206b4e322679ec4c5e98aaa5526375f168.md),0,-1,,"March 8, 2024 4:14 PM","July 27, 2024 11:34 AM"
长安客（售出）,-10,其它 (Reading/Author/%E5%85%B6%E5%AE%83%20562b510967874f97ae9a82328b0fd99a.md),"天津人民出版社 (Reading/Publisher/%E5%A4%A9%E6%B4%A5%E4%BA%BA%E6%B0%91%E5%87%BA%E7%89%88%E7%A4%BE%2043eaef3726f04adeaecbdeaad42fe66b.md), 果麦 (Reading/Publisher/%E6%9E%9C%E9%BA%A6%20eab69198a3ab4d18839c72f592c9c46b.md)",赠送 (Reading/Platform/%E8%B5%A0%E9%80%81%20455e7d509df3444ebf2c9c50269c654b.md),9787201153988,"流行 (Reading/Category/%E6%B5%81%E8%A1%8C%2006e2b73e68014533ace3c0eac10aeec7.md), 社科 (Reading/Category/%E7%A4%BE%E7%A7%91%208329bdf601ac465ca4e46a05103e22c7.md)",0,-1,4,"October 14, 2023 11:56 PM","July 27, 2024 11:34 AM"
人间失格（售出）,-1.8,太宰治 (Reading/Author/%E5%A4%AA%E5%AE%B0%E6%B2%BB%20e4c1eb4c140946d6b2e80400c29beca7.md),"作家出版社 (Reading/Publisher/%E4%BD%9C%E5%AE%B6%E5%87%BA%E7%89%88%E7%A4%BE%20f7a0e637f1214e3f924512bbe55247b8.md), 科文图书 (Reading/Publisher/%E7%A7%91%E6%96%87%E5%9B%BE%E4%B9%A6%205dde888283ee4526b64b4436fe289e2d.md)",赠送 (Reading/Platform/%E8%B5%A0%E9%80%81%20455e7d509df3444ebf2c9c50269c654b.md),9787506380263,短篇 (Reading/Category/%E7%9F%AD%E7%AF%87%207cecd2c07ba6415e84f853878c8539bf.md),0,-1,6,"October 2, 2023 6:07 PM","July 27, 2024 11:33 AM"
我们仨（售出）,-5.2,杨绛 (Reading/Author/%E6%9D%A8%E7%BB%9B%20d41fd254273a4270ad84b236a3f2e64b.md),生活·读书·新知三联书店 (Reading/Publisher/%E7%94%9F%E6%B4%BB%C2%B7%E8%AF%BB%E4%B9%A6%C2%B7%E6%96%B0%E7%9F%A5%E4%B8%89%E8%81%94%E4%B9%A6%E5%BA%97%20bff057dbdeb44d178d8b7071482927c2.md),赠送 (Reading/Platform/%E8%B5%A0%E9%80%81%20455e7d509df3444ebf2c9c50269c654b.md),9787108042453,传记 (Reading/Category/%E4%BC%A0%E8%AE%B0%20d20abb37fd72446d93c2f8215c227319.md),0,-1,7,"September 22, 2023 11:53 AM","July 27, 2024 11:33 AM"
了不起的盖茨比（售出）,5.63,菲茨杰拉德 (Reading/Author/%E8%8F%B2%E8%8C%A8%E6%9D%B0%E6%8B%89%E5%BE%B7%20c266cfc12aa049bda47a038f8ce3e236.md),"天津人民出版社 (Reading/Publisher/%E5%A4%A9%E6%B4%A5%E4%BA%BA%E6%B0%91%E5%87%BA%E7%89%88%E7%A4%BE%2043eaef3726f04adeaecbdeaad42fe66b.md), 果麦 (Reading/Publisher/%E6%9E%9C%E9%BA%A6%20eab69198a3ab4d18839c72f592c9c46b.md)",拼多多 (Reading/Platform/%E6%8B%BC%E5%A4%9A%E5%A4%9A%20db19793d87f549c3ba08ccdb17b42c9e.md),9787201077635,长篇 (Reading/Category/%E9%95%BF%E7%AF%87%206b4e322679ec4c5e98aaa5526375f168.md),0,-1,9,"November 11, 2023 7:38 PM","July 27, 2024 11:33 AM"
边城（售出）,7,沈从文 (Reading/Author/%E6%B2%88%E4%BB%8E%E6%96%87%20a9cde6afa8f2419bb0083fea9957b38a.md),武汉出版社 (Reading/Publisher/%E6%AD%A6%E6%B1%89%E5%87%BA%E7%89%88%E7%A4%BE%205f0ff0ffe0404f1bad391e0e86152000.md),淘宝 (Reading/Platform/%E6%B7%98%E5%AE%9D%20c7f52ce2740b41f98aef55e4ce0688de.md),9787543067028,长篇 (Reading/Category/%E9%95%BF%E7%AF%87%206b4e322679ec4c5e98aaa5526375f168.md),0,-1,10,"September 25, 2023 3:28 PM","July 27, 2024 11:33 AM"
量化投资,37.79,李洋 (Reading/Author/%E6%9D%8E%E6%B4%8B%20a88ab51eee63403ca70934a0fe2ced09.md),电子工业出版社 (Reading/Publisher/%E7%94%B5%E5%AD%90%E5%B7%A5%E4%B8%9A%E5%87%BA%E7%89%88%E7%A4%BE%20540d1864d0d14ea3992d1afbb912119f.md),淘宝 (Reading/Platform/%E6%B7%98%E5%AE%9D%20c7f52ce2740b41f98aef55e4ce0688de.md),9787121247309,技能 (Reading/Category/%E6%8A%80%E8%83%BD%20ea6381e8396943cfa6367b5012049921.md),0,0,1,"October 7, 2023 5:04 PM","July 27, 2024 11:33 AM"
唐灵飞经,2,其它 (Reading/Author/%E5%85%B6%E5%AE%83%20562b510967874f97ae9a82328b0fd99a.md),文物出版社 (Reading/Publisher/%E6%96%87%E7%89%A9%E5%87%BA%E7%89%88%E7%A4%BE%20ddeb9059b8dc4613bd0febc3c2e5a109.md),淘宝 (Reading/Platform/%E6%B7%98%E5%AE%9D%20c7f52ce2740b41f98aef55e4ce0688de.md),9787501045945,书帖 (Reading/Category/%E4%B9%A6%E5%B8%96%2034c3d5939f7a413aae1ef49a2c09d725.md),0,1,10,"September 28, 2023 10:14 PM","July 27, 2024 11:33 AM"
陶庵梦忆,25.9,张岱 (Reading/Author/%E5%BC%A0%E5%B2%B1%202ded3d2cc63a4bbe801323dfcd7cc7ba.md),上海古籍出版社 (Reading/Publisher/%E4%B8%8A%E6%B5%B7%E5%8F%A4%E7%B1%8D%E5%87%BA%E7%89%88%E7%A4%BE%20ddddd076ca3e4a528d9eafdb6c7815f6.md),京东 (Reading/Platform/%E4%BA%AC%E4%B8%9C%20991081d220754871a65ea5285ec56e3b.md),9787532528684,"小品 (Reading/Category/%E5%B0%8F%E5%93%81%2037e0b2be8e6a4a0b89b27c594bf9cff6.md), 经典 (Reading/Category/%E7%BB%8F%E5%85%B8%20e210ce3838764a44bf39c141b13e0070.md)",1,2,10,"September 22, 2023 10:27 AM","July 27, 2024 11:33 AM"
红楼别样红,20,周汝昌 (Reading/Author/%E5%91%A8%E6%B1%9D%E6%98%8C%20cbe42a0e882042aa8b4a736f381307cc.md),作家出版社 (Reading/Publisher/%E4%BD%9C%E5%AE%B6%E5%87%BA%E7%89%88%E7%A4%BE%20f7a0e637f1214e3f924512bbe55247b8.md),实体店 (Reading/Platform/%E5%AE%9E%E4%BD%93%E5%BA%97%205868c9fad9164dabbe7be33e9dce6f0f.md),9787506342599,国学 (Reading/Category/%E5%9B%BD%E5%AD%A6%201a4e5ee48605434199b479f4204a0599.md),1,10,6,"September 27, 2023 8:53 PM","July 27, 2024 11:33 AM"
千秋一寸心,0,周汝昌 (Reading/Author/%E5%91%A8%E6%B1%9D%E6%98%8C%20cbe42a0e882042aa8b4a736f381307cc.md),中华书局 (Reading/Publisher/%E4%B8%AD%E5%8D%8E%E4%B9%A6%E5%B1%80%20bcb15c0dc1c74b3fb97715d80213363f.md),赠送 (Reading/Platform/%E8%B5%A0%E9%80%81%20455e7d509df3444ebf2c9c50269c654b.md),9787101052473,国学 (Reading/Category/%E5%9B%BD%E5%AD%A6%201a4e5ee48605434199b479f4204a0599.md),1,10,7,"September 25, 2023 3:47 PM","July 27, 2024 11:33 AM"
文化苦旅,9,余秋雨 (Reading/Author/%E4%BD%99%E7%A7%8B%E9%9B%A8%20bcbafbcee9ea4997bc19702705cb9da4.md),东方出版中心 (Reading/Publisher/%E4%B8%9C%E6%96%B9%E5%87%BA%E7%89%88%E4%B8%AD%E5%BF%83%20b6c1598ca57f45debf06f953e448c5b1.md),淘宝 (Reading/Platform/%E6%B7%98%E5%AE%9D%20c7f52ce2740b41f98aef55e4ce0688de.md),9787806276983,散文 (Reading/Category/%E6%95%A3%E6%96%87%20d94c81dc272b4510b64387a9402d125c.md),1,30,6,"September 22, 2023 11:50 AM","July 27, 2024 11:33 AM"
我与地坛,10,史铁生 (Reading/Author/%E5%8F%B2%E9%93%81%E7%94%9F%200af92875f75441de86a09c0c166c678d.md),人民文学出版社 (Reading/Publisher/%E4%BA%BA%E6%B0%91%E6%96%87%E5%AD%A6%E5%87%BA%E7%89%88%E7%A4%BE%208f33d507688c4765a90194e25a9bf0b7.md),拼多多 (Reading/Platform/%E6%8B%BC%E5%A4%9A%E5%A4%9A%20db19793d87f549c3ba08ccdb17b42c9e.md),9787020135639,散文 (Reading/Category/%E6%95%A3%E6%96%87%20d94c81dc272b4510b64387a9402d125c.md),1,30,7,"September 22, 2023 11:48 AM","July 27, 2024 11:33 AM"
岛上书店,0,加布瑞埃拉·泽文 (Reading/Author/%E5%8A%A0%E5%B8%83%E7%91%9E%E5%9F%83%E6%8B%89%C2%B7%E6%B3%BD%E6%96%87%20a2e9646d28004bd08d5b9c433b05d1d2.md),"江苏凤凰文艺出版社 (Reading/Publisher/%E6%B1%9F%E8%8B%8F%E5%87%A4%E5%87%B0%E6%96%87%E8%89%BA%E5%87%BA%E7%89%88%E7%A4%BE%20c8d25beea53f4e9cb4dedb1c88e052bb.md), 读客 (Reading/Publisher/%E8%AF%BB%E5%AE%A2%20ff692e2ae74b4235bd5e1f6a2739ead7.md)",赠送 (Reading/Platform/%E8%B5%A0%E9%80%81%20455e7d509df3444ebf2c9c50269c654b.md),9787539971810,"长篇 (Reading/Category/%E9%95%BF%E7%AF%87%206b4e322679ec4c5e98aaa5526375f168.md), 流行 (Reading/Category/%E6%B5%81%E8%A1%8C%2006e2b73e68014533ace3c0eac10aeec7.md)",1,100,4,"September 27, 2023 8:49 PM","July 27, 2024 11:32 AM"
故事生灵,0,贾平凹 (Reading/Author/%E8%B4%BE%E5%B9%B3%E5%87%B9%201e5f54ef1fbb41bab92ecfec22c95545.md),长江文艺出版社 (Reading/Publisher/%E9%95%BF%E6%B1%9F%E6%96%87%E8%89%BA%E5%87%BA%E7%89%88%E7%A4%BE%20ca2ef9610a174457ba2236fed05e023a.md),赠送 (Reading/Platform/%E8%B5%A0%E9%80%81%20455e7d509df3444ebf2c9c50269c654b.md),9787535497994,短篇 (Reading/Category/%E7%9F%AD%E7%AF%87%207cecd2c07ba6415e84f853878c8539bf.md),1,100,6,"September 22, 2023 11:53 AM","July 27, 2024 11:31 AM"
人类群星闪耀时,0.6,茨威格 (Reading/Author/%E8%8C%A8%E5%A8%81%E6%A0%BC%200f25776e017f4d36b31ba4257f4ebaa9.md),中国画报出版社 (Reading/Publisher/%E4%B8%AD%E5%9B%BD%E7%94%BB%E6%8A%A5%E5%87%BA%E7%89%88%E7%A4%BE%20985a8380c4e24e459be879ed339b6f3e.md),番茄 (Reading/Platform/%E7%95%AA%E8%8C%84%20bb113666fc9f49d1ad34f06fead7f835.md),9787514611854,历史 (Reading/Category/%E5%8E%86%E5%8F%B2%201a0d5f76b6ef49c08c573167fa6554dc.md),1,100,6,"December 3, 2023 6:12 PM","July 27, 2024 11:31 AM"
名人传,,罗曼·罗兰 (Reading/Author/%E7%BD%97%E6%9B%BC%C2%B7%E7%BD%97%E5%85%B0%20569f4687b79f4d4c94c9817f1dc4bc40.md),"四川文艺出版社 (Reading/Publisher/%E5%9B%9B%E5%B7%9D%E6%96%87%E8%89%BA%E5%87%BA%E7%89%88%E7%A4%BE%20079c0be96be140c29f8b2a615cf4799c.md), 酷威 (Reading/Publisher/%E9%85%B7%E5%A8%81%20a63abeb4b84d4590947a037506cdb275.md)",赠送 (Reading/Platform/%E8%B5%A0%E9%80%81%20455e7d509df3444ebf2c9c50269c654b.md),9787541148668,传记 (Reading/Category/%E4%BC%A0%E8%AE%B0%20d20abb37fd72446d93c2f8215c227319.md),1,100,6,"March 5, 2024 3:02 PM","July 27, 2024 11:31 AM"
曾国藩名言多体钢笔字帖,0,司马彦 (Reading/Author/%E5%8F%B8%E9%A9%AC%E5%BD%A6%201c8189905f9a47e6af8e8dbcd307821d.md),气象出版社 (Reading/Publisher/%E6%B0%94%E8%B1%A1%E5%87%BA%E7%89%88%E7%A4%BE%2020f5d156b75e4d83a3f996e0c5ca2213.md),赠送 (Reading/Platform/%E8%B5%A0%E9%80%81%20455e7d509df3444ebf2c9c50269c654b.md),9787502920188,书帖 (Reading/Category/%E4%B9%A6%E5%B8%96%2034c3d5939f7a413aae1ef49a2c09d725.md),0,100,6,"September 28, 2023 10:24 PM","July 27, 2024 11:31 AM"
世界文学名著选读·现当代部分,10,其它 (Reading/Author/%E5%85%B6%E5%AE%83%20562b510967874f97ae9a82328b0fd99a.md),译林出版社 (Reading/Publisher/%E8%AF%91%E6%9E%97%E5%87%BA%E7%89%88%E7%A4%BE%209928c83dbb0947949034efce236fe3b8.md),孔夫子 (Reading/Platform/%E5%AD%94%E5%A4%AB%E5%AD%90%20e9c2ade3c3594415ab366417a820055f.md),9787806570630,科普 (Reading/Category/%E7%A7%91%E6%99%AE%20c42a647995c647ed8fce5f609d0f7d3e.md),1,100,6,"September 27, 2023 8:07 PM","July 27, 2024 11:31 AM"
世界文学名著选读·古典部分,10,其它 (Reading/Author/%E5%85%B6%E5%AE%83%20562b510967874f97ae9a82328b0fd99a.md),译林出版社 (Reading/Publisher/%E8%AF%91%E6%9E%97%E5%87%BA%E7%89%88%E7%A4%BE%209928c83dbb0947949034efce236fe3b8.md),孔夫子 (Reading/Platform/%E5%AD%94%E5%A4%AB%E5%AD%90%20e9c2ade3c3594415ab366417a820055f.md),9787806570647,科普 (Reading/Category/%E7%A7%91%E6%99%AE%20c42a647995c647ed8fce5f609d0f7d3e.md),1,100,6,"September 27, 2023 8:07 PM","July 27, 2024 11:31 AM"
少年维特的烦恼,4.4,歌德 (Reading/Author/%E6%AD%8C%E5%BE%B7%20e7d65d4b675d4d86947357b71ea52671.md),人民文学出版社 (Reading/Publisher/%E4%BA%BA%E6%B0%91%E6%96%87%E5%AD%A6%E5%87%BA%E7%89%88%E7%A4%BE%208f33d507688c4765a90194e25a9bf0b7.md),番茄 (Reading/Platform/%E7%95%AA%E8%8C%84%20bb113666fc9f49d1ad34f06fead7f835.md),9787020104130,短篇 (Reading/Category/%E7%9F%AD%E7%AF%87%207cecd2c07ba6415e84f853878c8539bf.md),1,100,7,"November 29, 2023 11:28 AM","July 27, 2024 11:31 AM"
我们仨,10,杨绛 (Reading/Author/%E6%9D%A8%E7%BB%9B%20d41fd254273a4270ad84b236a3f2e64b.md),生活·读书·新知三联书店 (Reading/Publisher/%E7%94%9F%E6%B4%BB%C2%B7%E8%AF%BB%E4%B9%A6%C2%B7%E6%96%B0%E7%9F%A5%E4%B8%89%E8%81%94%E4%B9%A6%E5%BA%97%20bff057dbdeb44d178d8b7071482927c2.md),淘宝 (Reading/Platform/%E6%B7%98%E5%AE%9D%20c7f52ce2740b41f98aef55e4ce0688de.md),9787108042453,传记 (Reading/Category/%E4%BC%A0%E8%AE%B0%20d20abb37fd72446d93c2f8215c227319.md),1,100,7,"January 1, 2024 1:30 PM","July 27, 2024 11:31 AM"
旋转木马鏖战记,6.1,村上春树 (Reading/Author/%E6%9D%91%E4%B8%8A%E6%98%A5%E6%A0%91%2035640d4238b7469fab5944044b1d92af.md),上海译文出版社 (Reading/Publisher/%E4%B8%8A%E6%B5%B7%E8%AF%91%E6%96%87%E5%87%BA%E7%89%88%E7%A4%BE%202678101fd9c841e58f199d01b6c00513.md),京东 (Reading/Platform/%E4%BA%AC%E4%B8%9C%20991081d220754871a65ea5285ec56e3b.md),9787532748501,短篇 (Reading/Category/%E7%9F%AD%E7%AF%87%207cecd2c07ba6415e84f853878c8539bf.md),1,100,7,"November 2, 2023 5:23 PM","July 27, 2024 11:31 AM"
列克星敦的幽灵,7,村上春树 (Reading/Author/%E6%9D%91%E4%B8%8A%E6%98%A5%E6%A0%91%2035640d4238b7469fab5944044b1d92af.md),上海译文出版社 (Reading/Publisher/%E4%B8%8A%E6%B5%B7%E8%AF%91%E6%96%87%E5%87%BA%E7%89%88%E7%A4%BE%202678101fd9c841e58f199d01b6c00513.md),京东 (Reading/Platform/%E4%BA%AC%E4%B8%9C%20991081d220754871a65ea5285ec56e3b.md),9787532748488,短篇 (Reading/Category/%E7%9F%AD%E7%AF%87%207cecd2c07ba6415e84f853878c8539bf.md),1,100,7,"November 2, 2023 5:34 PM","July 27, 2024 11:31 AM"
朱自清散文精选,9.1,朱自清 (Reading/Author/%E6%9C%B1%E8%87%AA%E6%B8%85%20446209aad14f48e4af96ba9bf9bd295d.md),中国文联出版社 (Reading/Publisher/%E4%B8%AD%E5%9B%BD%E6%96%87%E8%81%94%E5%87%BA%E7%89%88%E7%A4%BE%20733311d93c8a47daa5115bac2c978824.md),京东 (Reading/Platform/%E4%BA%AC%E4%B8%9C%20991081d220754871a65ea5285ec56e3b.md),9787519009779,散文 (Reading/Category/%E6%95%A3%E6%96%87%20d94c81dc272b4510b64387a9402d125c.md),1,100,7,"September 22, 2023 10:27 AM","July 27, 2024 11:31 AM"
钢铁是怎样炼成的,6,奥斯特洛夫斯基 (Reading/Author/%E5%A5%A5%E6%96%AF%E7%89%B9%E6%B4%9B%E5%A4%AB%E6%96%AF%E5%9F%BA%205c9785593e464db8a00344473243adfa.md),长江文艺出版社 (Reading/Publisher/%E9%95%BF%E6%B1%9F%E6%96%87%E8%89%BA%E5%87%BA%E7%89%88%E7%A4%BE%20ca2ef9610a174457ba2236fed05e023a.md),孔夫子 (Reading/Platform/%E5%AD%94%E5%A4%AB%E5%AD%90%20e9c2ade3c3594415ab366417a820055f.md),9787570202409,长篇 (Reading/Category/%E9%95%BF%E7%AF%87%206b4e322679ec4c5e98aaa5526375f168.md),1,100,7,"November 8, 2023 5:48 PM","July 27, 2024 11:31 AM"
三体3死神永生,,刘慈欣 (Reading/Author/%E5%88%98%E6%85%88%E6%AC%A3%20b3d5c304005c4e81acc9d950911338b2.md),重庆出版社 (Reading/Publisher/%E9%87%8D%E5%BA%86%E5%87%BA%E7%89%88%E7%A4%BE%207c1434d0d4a64b189b6d25bb6a8682f9.md),赠送 (Reading/Platform/%E8%B5%A0%E9%80%81%20455e7d509df3444ebf2c9c50269c654b.md),9787229030933,长篇 (Reading/Category/%E9%95%BF%E7%AF%87%206b4e322679ec4c5e98aaa5526375f168.md),1,100,7,"September 22, 2023 11:51 AM","July 27, 2024 11:31 AM"
三体1地球往事,,刘慈欣 (Reading/Author/%E5%88%98%E6%85%88%E6%AC%A3%20b3d5c304005c4e81acc9d950911338b2.md),重庆出版社 (Reading/Publisher/%E9%87%8D%E5%BA%86%E5%87%BA%E7%89%88%E7%A4%BE%207c1434d0d4a64b189b6d25bb6a8682f9.md),赠送 (Reading/Platform/%E8%B5%A0%E9%80%81%20455e7d509df3444ebf2c9c50269c654b.md),9787536692930,长篇 (Reading/Category/%E9%95%BF%E7%AF%87%206b4e322679ec4c5e98aaa5526375f168.md),1,100,7,"September 22, 2023 11:51 AM","July 27, 2024 11:31 AM"
情人,0,玛格丽特·杜拉斯 (Reading/Author/%E7%8E%9B%E6%A0%BC%E4%B8%BD%E7%89%B9%C2%B7%E6%9D%9C%E6%8B%89%E6%96%AF%2030e9dd0591674c1980dd1b6e3f272bb8.md),上海译文出版社 (Reading/Publisher/%E4%B8%8A%E6%B5%B7%E8%AF%91%E6%96%87%E5%87%BA%E7%89%88%E7%A4%BE%202678101fd9c841e58f199d01b6c00513.md),京东 (Reading/Platform/%E4%BA%AC%E4%B8%9C%20991081d220754871a65ea5285ec56e3b.md),9787532778065,长篇 (Reading/Category/%E9%95%BF%E7%AF%87%206b4e322679ec4c5e98aaa5526375f168.md),1,100,8,"April 27, 2024 11:19 AM","July 27, 2024 11:30 AM"
人间草木,,汪曾祺 (Reading/Author/%E6%B1%AA%E6%9B%BE%E7%A5%BA%209a82d2f336c6445a806033a24612cceb.md),北京时代华文书局 (Reading/Publisher/%E5%8C%97%E4%BA%AC%E6%97%B6%E4%BB%A3%E5%8D%8E%E6%96%87%E4%B9%A6%E5%B1%80%204a1265bc1ab24e2b8d9a8fba4bdb7145.md),淘宝 (Reading/Platform/%E6%B7%98%E5%AE%9D%20c7f52ce2740b41f98aef55e4ce0688de.md),9787569913545,散文 (Reading/Category/%E6%95%A3%E6%96%87%20d94c81dc272b4510b64387a9402d125c.md),1,100,8,"September 25, 2023 3:18 PM","July 27, 2024 11:30 AM"
梅里美传奇小说,5.8,梅里美 (Reading/Author/%E6%A2%85%E9%87%8C%E7%BE%8E%20fd04a50c77d04dc2b6ab3ccb752389a9.md),上海文艺出版社 (Reading/Publisher/%E4%B8%8A%E6%B5%B7%E6%96%87%E8%89%BA%E5%87%BA%E7%89%88%E7%A4%BE%20bd4fac4bc10942118ef6a8c56b2a301f.md),拼多多 (Reading/Platform/%E6%8B%BC%E5%A4%9A%E5%A4%9A%20db19793d87f549c3ba08ccdb17b42c9e.md),9787532143740,短篇 (Reading/Category/%E7%9F%AD%E7%AF%87%207cecd2c07ba6415e84f853878c8539bf.md),1,100,8,"November 10, 2023 4:13 PM","July 27, 2024 11:30 AM"
贵族之家,0,屠格涅夫 (Reading/Author/%E5%B1%A0%E6%A0%BC%E6%B6%85%E5%A4%AB%20d55de7c9158f4d8283bd17fc1fed0c6e.md),花城出版社 (Reading/Publisher/%E8%8A%B1%E5%9F%8E%E5%87%BA%E7%89%88%E7%A4%BE%20dbfca13dd57c4f7f9dd97b72eed6c8aa.md),赠送 (Reading/Platform/%E8%B5%A0%E9%80%81%20455e7d509df3444ebf2c9c50269c654b.md),9787536021150,长篇 (Reading/Category/%E9%95%BF%E7%AF%87%206b4e322679ec4c5e98aaa5526375f168.md),1,100,8,"February 20, 2024 9:49 AM","July 27, 2024 11:30 AM"
古汉语常用字字典,7.84,其它 (Reading/Author/%E5%85%B6%E5%AE%83%20562b510967874f97ae9a82328b0fd99a.md),商务印书馆 (Reading/Publisher/%E5%95%86%E5%8A%A1%E5%8D%B0%E4%B9%A6%E9%A6%86%206cd154d7dc6249ada1fad95937cbfd26.md),淘宝 (Reading/Platform/%E6%B7%98%E5%AE%9D%20c7f52ce2740b41f98aef55e4ce0688de.md),9787100042852,辞书 (Reading/Category/%E8%BE%9E%E4%B9%A6%2051b70f2eeaae42b4940b8d487fa42b66.md),1,100,8,"October 5, 2023 10:56 PM","July 27, 2024 11:30 AM"
活着,7,余华 (Reading/Author/%E4%BD%99%E5%8D%8E%2031c05677db40428c8f913b514f623116.md),作家出版社 (Reading/Publisher/%E4%BD%9C%E5%AE%B6%E5%87%BA%E7%89%88%E7%A4%BE%20f7a0e637f1214e3f924512bbe55247b8.md),淘宝 (Reading/Platform/%E6%B7%98%E5%AE%9D%20c7f52ce2740b41f98aef55e4ce0688de.md),9787506365437,长篇 (Reading/Category/%E9%95%BF%E7%AF%87%206b4e322679ec4c5e98aaa5526375f168.md),1,100,8,"September 22, 2023 11:53 AM","July 27, 2024 11:30 AM"
哈姆雷特,5.48,莎士比亚 (Reading/Author/%E8%8E%8E%E5%A3%AB%E6%AF%94%E4%BA%9A%209bc284ad369843a1aeaa0a7a2be34f6b.md),作家出版社 (Reading/Publisher/%E4%BD%9C%E5%AE%B6%E5%87%BA%E7%89%88%E7%A4%BE%20f7a0e637f1214e3f924512bbe55247b8.md),番茄 (Reading/Platform/%E7%95%AA%E8%8C%84%20bb113666fc9f49d1ad34f06fead7f835.md),9787506392464,戏剧 (Reading/Category/%E6%88%8F%E5%89%A7%20e786d4f51d774802a89bd5322357426f.md),1,100,9,"December 27, 2023 10:02 AM","July 27, 2024 11:30 AM"
挪威的森林,6,村上春树 (Reading/Author/%E6%9D%91%E4%B8%8A%E6%98%A5%E6%A0%91%2035640d4238b7469fab5944044b1d92af.md),上海译文出版社 (Reading/Publisher/%E4%B8%8A%E6%B5%B7%E8%AF%91%E6%96%87%E5%87%BA%E7%89%88%E7%A4%BE%202678101fd9c841e58f199d01b6c00513.md),淘宝 (Reading/Platform/%E6%B7%98%E5%AE%9D%20c7f52ce2740b41f98aef55e4ce0688de.md),9787532742929,长篇 (Reading/Category/%E9%95%BF%E7%AF%87%206b4e322679ec4c5e98aaa5526375f168.md),1,100,9,"September 25, 2023 3:28 PM","July 27, 2024 11:30 AM"
高老头,3.9,巴尔扎克 (Reading/Author/%E5%B7%B4%E5%B0%94%E6%89%8E%E5%85%8B%20f5dc47731b5a4cbd99f33a2d0fb8e527.md),译林出版社 (Reading/Publisher/%E8%AF%91%E6%9E%97%E5%87%BA%E7%89%88%E7%A4%BE%209928c83dbb0947949034efce236fe3b8.md),番茄 (Reading/Platform/%E7%95%AA%E8%8C%84%20bb113666fc9f49d1ad34f06fead7f835.md),9787544768856,长篇 (Reading/Category/%E9%95%BF%E7%AF%87%206b4e322679ec4c5e98aaa5526375f168.md),1,100,9,"December 17, 2023 8:28 PM","July 27, 2024 11:29 AM"
欧仁妮·葛朗台,0.01,巴尔扎克 (Reading/Author/%E5%B7%B4%E5%B0%94%E6%89%8E%E5%85%8B%20f5dc47731b5a4cbd99f33a2d0fb8e527.md),中央编译出版社 (Reading/Publisher/%E4%B8%AD%E5%A4%AE%E7%BC%96%E8%AF%91%E5%87%BA%E7%89%88%E7%A4%BE%201652895c29a14119a795cb013332cd08.md),番茄 (Reading/Platform/%E7%95%AA%E8%8C%84%20bb113666fc9f49d1ad34f06fead7f835.md),9787511725370,长篇 (Reading/Category/%E9%95%BF%E7%AF%87%206b4e322679ec4c5e98aaa5526375f168.md),1,100,9,"March 8, 2024 4:22 PM","July 27, 2024 11:29 AM"
茶花女,3.1,小仲马 (Reading/Author/%E5%B0%8F%E4%BB%B2%E9%A9%AC%202f9c469d30bd4288865c8cd0ef0129ce.md),上海译文出版社 (Reading/Publisher/%E4%B8%8A%E6%B5%B7%E8%AF%91%E6%96%87%E5%87%BA%E7%89%88%E7%A4%BE%202678101fd9c841e58f199d01b6c00513.md),番茄 (Reading/Platform/%E7%95%AA%E8%8C%84%20bb113666fc9f49d1ad34f06fead7f835.md),9787532751235,长篇 (Reading/Category/%E9%95%BF%E7%AF%87%206b4e322679ec4c5e98aaa5526375f168.md),1,100,9,"December 3, 2023 6:16 PM","July 27, 2024 11:29 AM"
红与黑,0,司汤达 (Reading/Author/%E5%8F%B8%E6%B1%A4%E8%BE%BE%20491a654877534f55b39896d0f8f8f12e.md),花城出版社 (Reading/Publisher/%E8%8A%B1%E5%9F%8E%E5%87%BA%E7%89%88%E7%A4%BE%20dbfca13dd57c4f7f9dd97b72eed6c8aa.md),赠送 (Reading/Platform/%E8%B5%A0%E9%80%81%20455e7d509df3444ebf2c9c50269c654b.md),9787536024489,长篇 (Reading/Category/%E9%95%BF%E7%AF%87%206b4e322679ec4c5e98aaa5526375f168.md),1,100,9,"September 27, 2023 9:38 PM","July 27, 2024 11:29 AM"
中学生规范钢笔字帖,10.8,马明 (Reading/Author/%E9%A9%AC%E6%98%8E%20bf0fc656079f4a9c881882ea9dd8cc7a.md),江苏古籍出版社 (Reading/Publisher/%E6%B1%9F%E8%8B%8F%E5%8F%A4%E7%B1%8D%E5%87%BA%E7%89%88%E7%A4%BE%20e655e70b067c48fb82d8ac031a508ccc.md),孔夫子 (Reading/Platform/%E5%AD%94%E5%A4%AB%E5%AD%90%20e9c2ade3c3594415ab366417a820055f.md),978780519470X,书帖 (Reading/Category/%E4%B9%A6%E5%B8%96%2034c3d5939f7a413aae1ef49a2c09d725.md),1,100,10,"September 28, 2023 10:11 PM","July 27, 2024 11:29 AM"
茨威格情欲小说,8,茨威格 (Reading/Author/%E8%8C%A8%E5%A8%81%E6%A0%BC%200f25776e017f4d36b31ba4257f4ebaa9.md),上海文艺出版社 (Reading/Publisher/%E4%B8%8A%E6%B5%B7%E6%96%87%E8%89%BA%E5%87%BA%E7%89%88%E7%A4%BE%20bd4fac4bc10942118ef6a8c56b2a301f.md),孔夫子 (Reading/Platform/%E5%AD%94%E5%A4%AB%E5%AD%90%20e9c2ade3c3594415ab366417a820055f.md),9787532143665,短篇 (Reading/Category/%E7%9F%AD%E7%AF%87%207cecd2c07ba6415e84f853878c8539bf.md),1,100,10,"November 8, 2023 4:52 PM","July 27, 2024 11:29 AM"
巴黎圣母院,1.99,维克多·雨果 (Reading/Author/%E7%BB%B4%E5%85%8B%E5%A4%9A%C2%B7%E9%9B%A8%E6%9E%9C%20fb2011e6e44549e7aa0a72ab3cefdec5.md),中央编译出版社 (Reading/Publisher/%E4%B8%AD%E5%A4%AE%E7%BC%96%E8%AF%91%E5%87%BA%E7%89%88%E7%A4%BE%201652895c29a14119a795cb013332cd08.md),番茄 (Reading/Platform/%E7%95%AA%E8%8C%84%20bb113666fc9f49d1ad34f06fead7f835.md),9787511725493,长篇 (Reading/Category/%E9%95%BF%E7%AF%87%206b4e322679ec4c5e98aaa5526375f168.md),1,100,10,"March 8, 2024 4:17 PM","July 27, 2024 11:29 AM"
包法利夫人,3.59,福楼拜 (Reading/Author/%E7%A6%8F%E6%A5%BC%E6%8B%9C%20e7aa628316804a22abf1d04163fc1370.md),人民文学出版社 (Reading/Publisher/%E4%BA%BA%E6%B0%91%E6%96%87%E5%AD%A6%E5%87%BA%E7%89%88%E7%A4%BE%208f33d507688c4765a90194e25a9bf0b7.md),番茄 (Reading/Platform/%E7%95%AA%E8%8C%84%20bb113666fc9f49d1ad34f06fead7f835.md),9787020104499,长篇 (Reading/Category/%E9%95%BF%E7%AF%87%206b4e322679ec4c5e98aaa5526375f168.md),1,100,10,"November 29, 2023 11:29 AM","July 27, 2024 11:29 AM"
这里的黎明静悄悄,7.6,瓦西里耶夫 (Reading/Author/%E7%93%A6%E8%A5%BF%E9%87%8C%E8%80%B6%E5%A4%AB%200541475d49bd4cb198b4b11e5b671912.md),长江文艺出版社 (Reading/Publisher/%E9%95%BF%E6%B1%9F%E6%96%87%E8%89%BA%E5%87%BA%E7%89%88%E7%A4%BE%20ca2ef9610a174457ba2236fed05e023a.md),京东 (Reading/Platform/%E4%BA%AC%E4%B8%9C%20991081d220754871a65ea5285ec56e3b.md),9787570202287,长篇 (Reading/Category/%E9%95%BF%E7%AF%87%206b4e322679ec4c5e98aaa5526375f168.md),1,100,10,"November 2, 2023 4:52 PM","July 27, 2024 11:29 AM"
快乐王子,3.6,王尔德 (Reading/Author/%E7%8E%8B%E5%B0%94%E5%BE%B7%20b52aafe66fbc45ccaf3a84b652b16931.md),上海译文出版社 (Reading/Publisher/%E4%B8%8A%E6%B5%B7%E8%AF%91%E6%96%87%E5%87%BA%E7%89%88%E7%A4%BE%202678101fd9c841e58f199d01b6c00513.md),京东 (Reading/Platform/%E4%BA%AC%E4%B8%9C%20991081d220754871a65ea5285ec56e3b.md),9787532762781,短篇 (Reading/Category/%E7%9F%AD%E7%AF%87%207cecd2c07ba6415e84f853878c8539bf.md),1,100,10,"November 2, 2023 5:29 PM","July 27, 2024 11:29 AM"
华罗庚,20,王元 (Reading/Author/%E7%8E%8B%E5%85%83%20958f1a819c6b4ba49f942de1fe401dd0.md),江西教育出版社 (Reading/Publisher/%E6%B1%9F%E8%A5%BF%E6%95%99%E8%82%B2%E5%87%BA%E7%89%88%E7%A4%BE%2006443735f9df45ff901b6d841fff370c.md),淘宝 (Reading/Platform/%E6%B7%98%E5%AE%9D%20c7f52ce2740b41f98aef55e4ce0688de.md),9787539233321,传记 (Reading/Category/%E4%BC%A0%E8%AE%B0%20d20abb37fd72446d93c2f8215c227319.md),1,100,10,"September 27, 2023 10:07 PM","July 27, 2024 11:29 AM"
经典常谈,7.21,朱自清 (Reading/Author/%E6%9C%B1%E8%87%AA%E6%B8%85%20446209aad14f48e4af96ba9bf9bd295d.md),广陵书社 (Reading/Publisher/%E5%B9%BF%E9%99%B5%E4%B9%A6%E7%A4%BE%208678b8a331334157b8f75d1806474c02.md),拼多多 (Reading/Platform/%E6%8B%BC%E5%A4%9A%E5%A4%9A%20db19793d87f549c3ba08ccdb17b42c9e.md),9787555410249,国学 (Reading/Category/%E5%9B%BD%E5%AD%A6%201a4e5ee48605434199b479f4204a0599.md),1,100,10,"September 22, 2023 10:27 AM","July 27, 2024 11:29 AM"
三死,9.9,托尔斯泰 (Reading/Author/%E6%89%98%E5%B0%94%E6%96%AF%E6%B3%B0%208fcf6a9b30274838bcaecb66923b71db.md),江西教育出版社 (Reading/Publisher/%E6%B1%9F%E8%A5%BF%E6%95%99%E8%82%B2%E5%87%BA%E7%89%88%E7%A4%BE%2006443735f9df45ff901b6d841fff370c.md),淘宝 (Reading/Platform/%E6%B7%98%E5%AE%9D%20c7f52ce2740b41f98aef55e4ce0688de.md),9787539289427,短篇 (Reading/Category/%E7%9F%AD%E7%AF%87%207cecd2c07ba6415e84f853878c8539bf.md),1,100,10,"May 17, 2024 12:34 PM","July 27, 2024 11:28 AM"
屠格涅夫爱情小说,6.95,屠格涅夫 (Reading/Author/%E5%B1%A0%E6%A0%BC%E6%B6%85%E5%A4%AB%20d55de7c9158f4d8283bd17fc1fed0c6e.md),上海文艺出版社 (Reading/Publisher/%E4%B8%8A%E6%B5%B7%E6%96%87%E8%89%BA%E5%87%BA%E7%89%88%E7%A4%BE%20bd4fac4bc10942118ef6a8c56b2a301f.md),拼多多 (Reading/Platform/%E6%8B%BC%E5%A4%9A%E5%A4%9A%20db19793d87f549c3ba08ccdb17b42c9e.md),9787532143412,短篇 (Reading/Category/%E7%9F%AD%E7%AF%87%207cecd2c07ba6415e84f853878c8539bf.md),1,100,10,"November 3, 2023 5:03 PM","July 27, 2024 11:28 AM"
父与子,0.01,卜劳恩 (Reading/Author/%E5%8D%9C%E5%8A%B3%E6%81%A9%20438a28a2cb2b4b7da4f2aac5b24c7e4f.md),吉林文史出版社 (Reading/Publisher/%E5%90%89%E6%9E%97%E6%96%87%E5%8F%B2%E5%87%BA%E7%89%88%E7%A4%BE%204bb63b8819fa4a1484c100f63755d82b.md),番茄 (Reading/Platform/%E7%95%AA%E8%8C%84%20bb113666fc9f49d1ad34f06fead7f835.md),9787547242117,漫画 (Reading/Category/%E6%BC%AB%E7%94%BB%2001e06ea0b0a64b6db001964068722356.md),0,100,10,"January 16, 2024 7:56 PM","July 27, 2024 11:28 AM"
三体2黑暗森林,,刘慈欣 (Reading/Author/%E5%88%98%E6%85%88%E6%AC%A3%20b3d5c304005c4e81acc9d950911338b2.md),重庆出版社 (Reading/Publisher/%E9%87%8D%E5%BA%86%E5%87%BA%E7%89%88%E7%A4%BE%207c1434d0d4a64b189b6d25bb6a8682f9.md),赠送 (Reading/Platform/%E8%B5%A0%E9%80%81%20455e7d509df3444ebf2c9c50269c654b.md),9787536693968,长篇 (Reading/Category/%E9%95%BF%E7%AF%87%206b4e322679ec4c5e98aaa5526375f168.md),1,100,10,"September 22, 2023 11:51 AM","July 27, 2024 11:28 AM"
世界美术名作二十讲,3.89,傅雷 (Reading/Author/%E5%82%85%E9%9B%B7%208c72f121316240e8abd41248461a5534.md),湖北美术出版社 (Reading/Publisher/%E6%B9%96%E5%8C%97%E7%BE%8E%E6%9C%AF%E5%87%BA%E7%89%88%E7%A4%BE%20a226fce1762d44f1b1c844f04dd80a4f.md),拼多多 (Reading/Platform/%E6%8B%BC%E5%A4%9A%E5%A4%9A%20db19793d87f549c3ba08ccdb17b42c9e.md),9787539498386,艺术 (Reading/Category/%E8%89%BA%E6%9C%AF%206783edfd7c2c40ca896345da888efd8c.md),1,100,10,"June 4, 2024 8:00 PM","July 27, 2024 11:28 AM"
子恺漫画全集,26,丰子恺 (Reading/Author/%E4%B8%B0%E5%AD%90%E6%81%BA%20ab347db71af14c8985f36b1c7b60d8b5.md),浙江人民美术出版社 (Reading/Publisher/%E6%B5%99%E6%B1%9F%E4%BA%BA%E6%B0%91%E7%BE%8E%E6%9C%AF%E5%87%BA%E7%89%88%E7%A4%BE%206625ac7aee66452fb7f13f541aa18106.md),实体店 (Reading/Platform/%E5%AE%9E%E4%BD%93%E5%BA%97%205868c9fad9164dabbe7be33e9dce6f0f.md),9787534043390,漫画 (Reading/Category/%E6%BC%AB%E7%94%BB%2001e06ea0b0a64b6db001964068722356.md),1,100,10,"September 27, 2023 8:25 PM","July 27, 2024 11:28 AM"